item,store_sales#store_sales.ss_item_sk=item.i_item_sk##-1032882993
date_dim,store_sales#store_sales.ss_sold_date_sk=date_dim.d_date_sk#date_dim.d_year,<=,2001.0,date_dim.d_year,>=,1999.0#-159672479
catalog_sales,item#catalog_sales.cs_item_sk=item.i_item_sk##-989742921
catalog_sales,date_dim#catalog_sales.cs_sold_date_sk=date_dim.d_date_sk#date_dim.d_year,<=,2001.0,date_dim.d_year,>=,1999.0#830591849
web_sales,item#web_sales.ws_item_sk=item.i_item_sk##-1473001755
date_dim,web_sales#web_sales.ws_sold_date_sk=date_dim.d_date_sk#date_dim.d_year,<=,2001.0,date_dim.d_year,>=,1999.0#1138122135
date_dim#date_dim.d_week_seq=date_dim.d_week_seq#date_dim.d_moy,=,12.0,date_dim.d_dom,=,8.0,date_dim.d_year,=,2000.0#-735805259
date_dim,store_sales#store_sales.ss_sold_date_sk=date_dim.d_date_sk##1837130443
date_dim,item,store_sales#store_sales.ss_item_sk=item.i_item_sk,store_sales.ss_sold_date_sk=date_dim.d_date_sk##-1464737604
date_dim,store_sales#date_dim.d_week_seq=date_dim.d_week_seq,store_sales.ss_sold_date_sk=date_dim.d_date_sk#date_dim.d_moy,=,12.0,date_dim.d_dom,=,8.0,date_dim.d_year,=,2000.0#550281004
date_dim,item,store_sales#store_sales.ss_item_sk=item.i_item_sk,date_dim.d_week_seq=date_dim.d_week_seq,store_sales.ss_sold_date_sk=date_dim.d_date_sk#date_dim.d_moy,=,12.0,date_dim.d_dom,=,8.0,date_dim.d_year,=,2000.0#-113224995
date_dim#date_dim.d_week_seq=date_dim.d_week_seq#date_dim.d_year,=,1999.0,date_dim.d_moy,=,12.0,date_dim.d_dom,=,8.0#221671893
date_dim,store_sales#date_dim.d_week_seq=date_dim.d_week_seq,store_sales.ss_sold_date_sk=date_dim.d_date_sk#date_dim.d_year,=,1999.0,date_dim.d_moy,=,12.0,date_dim.d_dom,=,8.0#1598435852
date_dim,item,store_sales#store_sales.ss_item_sk=item.i_item_sk,date_dim.d_week_seq=date_dim.d_week_seq,store_sales.ss_sold_date_sk=date_dim.d_date_sk#date_dim.d_year,=,1999.0,date_dim.d_moy,=,12.0,date_dim.d_dom,=,8.0#-1494950467
date_dim,store_sales#store_sales.ss_sold_date_sk=date_dim.d_date_sk#date_dim.d_year,<=,2001.0,date_dim.d_year,>=,1999.0#-1420657821
catalog_sales,date_dim#catalog_sales.cs_sold_date_sk=date_dim.d_date_sk#date_dim.d_year,<=,2001.0,date_dim.d_year,>=,1999.0#-430393493
date_dim,web_sales#web_sales.ws_sold_date_sk=date_dim.d_date_sk#date_dim.d_year,<=,2001.0,date_dim.d_year,>=,1999.0#1651634517
date_dim#date_dim.d_week_seq=date_dim.d_week_seq#date_dim.d_moy,=,12.0,date_dim.d_dom,=,8.0,date_dim.d_year,=,2000.0#782371043
date_dim#date_dim.d_week_seq=date_dim.d_week_seq#date_dim.d_year,=,1999.0,date_dim.d_moy,=,12.0,date_dim.d_dom,=,8.0#1739848195
date_dim,item,store_sales#store_sales.ss_item_sk=item.i_item_sk,store_sales.ss_sold_date_sk=date_dim.d_date_sk#date_dim.d_year,<=,2001.0,date_dim.d_year,>=,1999.0#-590647746
catalog_sales,date_dim,item#catalog_sales.cs_sold_date_sk=date_dim.d_date_sk,catalog_sales.cs_item_sk=item.i_item_sk#date_dim.d_year,<=,2001.0,date_dim.d_year,>=,1999.0#539359286
date_dim,web_sales,item#web_sales.ws_sold_date_sk=date_dim.d_date_sk,web_sales.ws_item_sk=item.i_item_sk#date_dim.d_year,<=,2001.0,date_dim.d_year,>=,1999.0#614519508
inventory,warehouse#inventory.inv_warehouse_sk=warehouse.w_warehouse_sk##1228697588
item,inventory#inventory.inv_item_sk=item.i_item_sk#item.i_current_price,<=,1.49,item.i_current_price,>=,0.99#1801978670
item,inventory,warehouse#inventory.inv_warehouse_sk=warehouse.w_warehouse_sk,inventory.inv_item_sk=item.i_item_sk#item.i_current_price,<=,1.49,item.i_current_price,>=,0.99#1528899031
date_dim,inventory#inventory.inv_date_sk=date_dim.d_date_sk#date_dim.d_date,>=,957052800.0,date_dim.d_date,<=,962236800.0#1623296010
date_dim,inventory,warehouse#inventory.inv_warehouse_sk=warehouse.w_warehouse_sk,inventory.inv_date_sk=date_dim.d_date_sk#date_dim.d_date,>=,957052800.0,date_dim.d_date,<=,962236800.0#-102606733
date_dim,item,inventory#inventory.inv_date_sk=date_dim.d_date_sk,inventory.inv_item_sk=item.i_item_sk#date_dim.d_date,>=,957052800.0,item.i_current_price,<=,1.49,item.i_current_price,>=,0.99,date_dim.d_date,<=,962236800.0#-521405265
inventory,warehouse#inventory.inv_warehouse_sk=warehouse.w_warehouse_sk##-365332574
date_dim,inventory,warehouse#inventory.inv_warehouse_sk=warehouse.w_warehouse_sk,inventory.inv_date_sk=date_dim.d_date_sk#date_dim.d_date,>=,957052800.0,date_dim.d_date,<=,962236800.0#1178577815
item,warehouse,date_dim,inventory#inventory.inv_warehouse_sk=warehouse.w_warehouse_sk,inventory.inv_date_sk=date_dim.d_date_sk,inventory.inv_item_sk=item.i_item_sk#date_dim.d_date,>=,957052800.0,item.i_current_price,<=,1.49,item.i_current_price,>=,0.99,date_dim.d_date,<=,962236800.0#732843824
store_sales,customer_demographics#store_sales.ss_cdemo_sk=customer_demographics.cd_demo_sk#customer_demographics.cd_marital_status,=,1.0,customer_demographics.cd_education_status,=,1.0,customer_demographics.cd_gender,=,1.0#-1005847421
date_dim,store_sales#store_sales.ss_sold_date_sk=date_dim.d_date_sk#date_dim.d_year,=,1998.0#-746967311
date_dim,store_sales,customer_demographics#store_sales.ss_cdemo_sk=customer_demographics.cd_demo_sk,store_sales.ss_sold_date_sk=date_dim.d_date_sk#date_dim.d_year,=,1998.0,customer_demographics.cd_marital_status,=,1.0,customer_demographics.cd_education_status,=,1.0,customer_demographics.cd_gender,=,1.0#-1171900718
store,store_sales#store_sales.ss_store_sk=store.s_store_sk#store.s_state,IN,5.0#1398925978
store,store_sales,customer_demographics#store_sales.ss_cdemo_sk=customer_demographics.cd_demo_sk,store_sales.ss_store_sk=store.s_store_sk#store.s_state,IN,5.0,customer_demographics.cd_marital_status,=,1.0,customer_demographics.cd_education_status,=,1.0,customer_demographics.cd_gender,=,1.0#1333591739
store,date_dim,store_sales#store_sales.ss_store_sk=store.s_store_sk,store_sales.ss_sold_date_sk=date_dim.d_date_sk#store.s_state,IN,5.0,date_dim.d_year,=,1998.0#-1855348439
store,store_sales,date_dim,customer_demographics#store_sales.ss_cdemo_sk=customer_demographics.cd_demo_sk,store_sales.ss_store_sk=store.s_store_sk,store_sales.ss_sold_date_sk=date_dim.d_date_sk#store.s_state,IN,5.0,customer_demographics.cd_marital_status,=,1.0,customer_demographics.cd_education_status,=,1.0,date_dim.d_year,=,1998.0,customer_demographics.cd_gender,=,1.0#223256330
item,store_sales,customer_demographics#store_sales.ss_cdemo_sk=customer_demographics.cd_demo_sk,store_sales.ss_item_sk=item.i_item_sk#customer_demographics.cd_marital_status,=,1.0,customer_demographics.cd_education_status,=,1.0,customer_demographics.cd_gender,=,1.0#-1619875468
date_dim,item,store_sales#store_sales.ss_item_sk=item.i_item_sk,store_sales.ss_sold_date_sk=date_dim.d_date_sk#date_dim.d_year,=,1998.0#-846867810
item,store_sales,date_dim,customer_demographics#store_sales.ss_cdemo_sk=customer_demographics.cd_demo_sk,store_sales.ss_item_sk=item.i_item_sk,store_sales.ss_sold_date_sk=date_dim.d_date_sk#date_dim.d_year,=,1998.0,customer_demographics.cd_marital_status,=,1.0,customer_demographics.cd_education_status,=,1.0,customer_demographics.cd_gender,=,1.0#-445464061
store,item,store_sales#store_sales.ss_item_sk=item.i_item_sk,store_sales.ss_store_sk=store.s_store_sk#store.s_state,IN,5.0#-665171193
store,item,store_sales,customer_demographics#store_sales.ss_cdemo_sk=customer_demographics.cd_demo_sk,store_sales.ss_item_sk=item.i_item_sk,store_sales.ss_store_sk=store.s_store_sk#store.s_state,IN,5.0,customer_demographics.cd_marital_status,=,1.0,customer_demographics.cd_education_status,=,1.0,customer_demographics.cd_gender,=,1.0#-1512399444
store,item,store_sales,date_dim#store_sales.ss_item_sk=item.i_item_sk,store_sales.ss_store_sk=store.s_store_sk,store_sales.ss_sold_date_sk=date_dim.d_date_sk#store.s_state,IN,5.0,date_dim.d_year,=,1998.0#611258070
store,store_sales#store_sales.ss_store_sk=store.s_store_sk#store.s_state,IN,5.0#-1484642388
store,date_dim,store_sales#store_sales.ss_store_sk=store.s_store_sk,store_sales.ss_sold_date_sk=date_dim.d_date_sk#store.s_state,IN,5.0,date_dim.d_year,=,1998.0#50906173
store,store_sales,date_dim,customer_demographics#store_sales.ss_cdemo_sk=customer_demographics.cd_demo_sk,store_sales.ss_store_sk=store.s_store_sk,store_sales.ss_sold_date_sk=date_dim.d_date_sk#store.s_state,IN,5.0,customer_demographics.cd_marital_status,=,1.0,customer_demographics.cd_education_status,=,1.0,date_dim.d_year,=,1998.0,customer_demographics.cd_gender,=,1.0#-846579108
store,item,store_sales,date_dim,customer_demographics#store_sales.ss_cdemo_sk=customer_demographics.cd_demo_sk,store_sales.ss_item_sk=item.i_item_sk,store_sales.ss_store_sk=store.s_store_sk,store_sales.ss_sold_date_sk=date_dim.d_date_sk#store.s_state,IN,5.0,customer_demographics.cd_marital_status,=,1.0,customer_demographics.cd_education_status,=,1.0,date_dim.d_year,=,1998.0,customer_demographics.cd_gender,=,1.0#-935038689
customer_address,customer#customer.c_current_addr_sk=customer_address.ca_address_sk##367418685
customer,customer_demographics#customer.c_current_cdemo_sk=customer_demographics.cd_demo_sk##-625359906
customer_address,customer,customer_demographics#customer.c_current_addr_sk=customer_address.ca_address_sk,customer.c_current_cdemo_sk=customer_demographics.cd_demo_sk##859558451
customer,customer_demographics#customer.c_current_cdemo_sk=customer_demographics.cd_demo_sk##814979084
customer_address,customer,customer_demographics#customer.c_current_addr_sk=customer_address.ca_address_sk,customer.c_current_cdemo_sk=customer_demographics.cd_demo_sk##-1431046569
date_dim,web_sales#web_sales.ws_sold_date_sk=date_dim.d_date_sk#date_dim.d_year,=,2001.0,date_dim.d_qoy,<,4.0#-2015989002
catalog_sales,date_dim#catalog_sales.cs_sold_date_sk=date_dim.d_date_sk#date_dim.d_year,=,2001.0,date_dim.d_qoy,<,4.0#46671116
date_dim,store_sales#store_sales.ss_sold_date_sk=date_dim.d_date_sk#date_dim.d_year,=,2001.0,date_dim.d_qoy,<,4.0#1022941444
item,store_sales#store_sales.ss_item_sk=item.i_item_sk#item.i_manager_id,=,1.0#1152836471
date_dim,store_sales#store_sales.ss_sold_date_sk=date_dim.d_date_sk#date_dim.d_moy,=,12.0,date_dim.d_year,=,2000.0#-563391489
date_dim,store_sales#store_sales.ss_sold_date_sk=date_dim.d_date_sk#date_dim.d_moy,=,12.0,date_dim.d_year,=,2000.0#1832811521
date_dim,item,store_sales#store_sales.ss_item_sk=item.i_item_sk,store_sales.ss_sold_date_sk=date_dim.d_date_sk#date_dim.d_moy,=,12.0,item.i_manager_id,=,1.0,date_dim.d_year,=,2000.0#1223545674
date_dim,store_sales#store_sales.ss_sold_date_sk=date_dim.d_date_sk#date_dim.d_month_seq,>=,1176.0,date_dim.d_month_seq,<=,1187.0#2145836891
date_dim,web_sales#web_sales.ws_sold_date_sk=date_dim.d_date_sk#date_dim.d_month_seq,>=,1176.0,date_dim.d_month_seq,<=,1187.0#715289261
date_dim,store_sales#store_sales.ss_sold_date_sk=date_dim.d_date_sk#date_dim.d_month_seq,>=,1176.0,date_dim.d_month_seq,<=,1187.0#-582731575
store,store_sales#store_sales.ss_store_sk=store.s_store_sk##-1179504241
store,date_dim,store_sales#store.s_store_sk=store_sales.ss_store_sk,store_sales.ss_sold_date_sk=date_dim.d_date_sk#date_dim.d_month_seq,>=,1176.0,date_dim.d_month_seq,<=,1187.0#796071672
date_dim,item,store_sales#store_sales.ss_item_sk=item.i_item_sk,store_sales.ss_sold_date_sk=date_dim.d_date_sk#date_dim.d_month_seq,>=,1176.0,date_dim.d_month_seq,<=,1187.0#911759734
store,item,store_sales#store_sales.ss_item_sk=item.i_item_sk,store_sales.ss_store_sk=store.s_store_sk##-379197056
store,date_dim,store_sales#store.s_store_sk=store_sales.ss_store_sk,store_sales.ss_sold_date_sk=date_dim.d_date_sk#date_dim.d_month_seq,>=,1176.0,date_dim.d_month_seq,<=,1187.0,store_sales.ss_sales_price,!=,0,store_sales.ss_quantity,!=,0#-472349987
date_dim,store_sales#store_sales.ss_sold_date_sk=date_dim.d_date_sk#date_dim.d_month_seq,>=,1176.0,date_dim.d_month_seq,<=,1187.0,store_sales.ss_sales_price,!=,0,store_sales.ss_quantity,!=,0#-2033316954
store,item,store_sales,date_dim#store_sales.ss_sold_date_sk=date_dim.d_date_sk,store_sales.ss_item_sk=item.i_item_sk,store_sales.ss_store_sk=store.s_store_sk#date_dim.d_month_seq,>=,1176.0,date_dim.d_month_seq,<=,1187.0,store_sales.ss_sales_price,!=,0,store_sales.ss_quantity,!=,0#-431724532
store,date_dim,store_sales#store_sales.ss_sold_date_sk=date_dim.d_date_sk,store_sales.ss_store_sk=store.s_store_sk#date_dim.d_month_seq,>=,1176.0,date_dim.d_month_seq,<=,1187.0,store_sales.ss_sales_price,!=,0,store_sales.ss_quantity,!=,0#-353654607
catalog_sales,item#catalog_sales.cs_item_sk=item.i_item_sk#item.i_category,=,1.0#1839574646
catalog_sales,date_dim#catalog_sales.cs_sold_date_sk=date_dim.d_date_sk#date_dim.d_year,=,2002.0#-208360325
catalog_sales,date_dim,item#catalog_sales.cs_sold_date_sk=date_dim.d_date_sk,catalog_sales.cs_item_sk=item.i_item_sk#date_dim.d_year,=,2002.0,item.i_category,=,1.0#-332697483
item,store_sales#store_sales.ss_item_sk=item.i_item_sk#item.i_category,=,1.0#1527615326
date_dim,store_sales#store_sales.ss_sold_date_sk=date_dim.d_date_sk#date_dim.d_year,=,2002.0#82411123
date_dim,item,store_sales#store_sales.ss_item_sk=item.i_item_sk,store_sales.ss_sold_date_sk=date_dim.d_date_sk#date_dim.d_year,=,2002.0,item.i_category,=,1.0#-5580947
web_sales,item#web_sales.ws_item_sk=item.i_item_sk#item.i_category,=,1.0#1580139144
date_dim,web_sales#web_sales.ws_sold_date_sk=date_dim.d_date_sk#date_dim.d_year,=,2002.0#-815274455
date_dim,web_sales,item#web_sales.ws_sold_date_sk=date_dim.d_date_sk,web_sales.ws_item_sk=item.i_item_sk#date_dim.d_year,=,2002.0,item.i_category,=,1.0#282252087
catalog_sales,date_dim#catalog_sales.cs_sold_date_sk=date_dim.d_date_sk#date_dim.d_year,=,2001.0#209196389
catalog_sales,date_dim,item#catalog_sales.cs_sold_date_sk=date_dim.d_date_sk,catalog_sales.cs_item_sk=item.i_item_sk#item.i_category,=,1.0,date_dim.d_year,=,2001.0#-488150069
date_dim,store_sales#store_sales.ss_sold_date_sk=date_dim.d_date_sk#date_dim.d_year,=,2001.0#499967837
date_dim,item,store_sales#store_sales.ss_item_sk=item.i_item_sk,store_sales.ss_sold_date_sk=date_dim.d_date_sk#item.i_category,=,1.0,date_dim.d_year,=,2001.0#-161033533
date_dim,web_sales#web_sales.ws_sold_date_sk=date_dim.d_date_sk#date_dim.d_year,=,2001.0#-397717741
date_dim,web_sales,item#web_sales.ws_sold_date_sk=date_dim.d_date_sk,web_sales.ws_item_sk=item.i_item_sk#item.i_category,=,1.0,date_dim.d_year,=,2001.0#126799501
catalog_sales,date_dim#catalog_sales.cs_sold_date_sk=date_dim.d_date_sk#date_dim.d_year,=,2002.0#-188740355
catalog_sales,date_dim,item#catalog_sales.cs_sold_date_sk=date_dim.d_date_sk,catalog_sales.cs_item_sk=item.i_item_sk#date_dim.d_year,=,2002.0,item.i_category,=,1.0#1868936133
date_dim,store_sales#store_sales.ss_sold_date_sk=date_dim.d_date_sk#date_dim.d_year,=,2002.0#102031093
date_dim,item,store_sales#store_sales.ss_item_sk=item.i_item_sk,store_sales.ss_sold_date_sk=date_dim.d_date_sk#date_dim.d_year,=,2002.0,item.i_category,=,1.0#1595419325
date_dim,web_sales#web_sales.ws_sold_date_sk=date_dim.d_date_sk#date_dim.d_year,=,2002.0#-1091736217
date_dim,web_sales,item#web_sales.ws_sold_date_sk=date_dim.d_date_sk,web_sales.ws_item_sk=item.i_item_sk#date_dim.d_year,=,2002.0,item.i_category,=,1.0#-1575972377
catalog_sales,date_dim#catalog_sales.cs_sold_date_sk=date_dim.d_date_sk#date_dim.d_year,=,2001.0#228816359
catalog_sales,date_dim,item#catalog_sales.cs_sold_date_sk=date_dim.d_date_sk,catalog_sales.cs_item_sk=item.i_item_sk#item.i_category,=,1.0,date_dim.d_year,=,2001.0#1713483547
date_dim,store_sales#store_sales.ss_sold_date_sk=date_dim.d_date_sk#date_dim.d_year,=,2001.0#519587807
date_dim,item,store_sales#store_sales.ss_item_sk=item.i_item_sk,store_sales.ss_sold_date_sk=date_dim.d_date_sk#item.i_category,=,1.0,date_dim.d_year,=,2001.0#1439966739
date_dim,web_sales#web_sales.ws_sold_date_sk=date_dim.d_date_sk#date_dim.d_year,=,2001.0#-674179503
date_dim,web_sales,item#web_sales.ws_sold_date_sk=date_dim.d_date_sk,web_sales.ws_item_sk=item.i_item_sk#item.i_category,=,1.0,date_dim.d_year,=,2001.0#-1731424963
catalog_sales,item,date_dim,catalog_returns#catalog_returns.cr_order_number=catalog_sales.cs_order_number,catalog_sales.cs_sold_date_sk=date_dim.d_date_sk,catalog_returns.cr_item_sk=catalog_sales.cs_item_sk,catalog_sales.cs_item_sk=item.i_item_sk#date_dim.d_year,=,2002.0,item.i_category,=,1.0#-1520845724
item,store_sales,date_dim,store_returns#store_sales.ss_item_sk=item.i_item_sk,store_returns.sr_ticket_number=store_sales.ss_ticket_number,store_returns.sr_item_sk=store_sales.ss_item_sk,store_sales.ss_sold_date_sk=date_dim.d_date_sk#date_dim.d_year,=,2002.0,item.i_category,=,1.0#298683993
web_sales,item,web_returns,date_dim#web_returns.wr_order_number=web_sales.ws_order_number,web_returns.wr_item_sk=web_sales.ws_item_sk,web_sales.ws_sold_date_sk=date_dim.d_date_sk,web_sales.ws_item_sk=item.i_item_sk#date_dim.d_year,=,2002.0,item.i_category,=,1.0#35627426
catalog_sales,item,date_dim,catalog_returns#catalog_returns.cr_order_number=catalog_sales.cs_order_number,catalog_sales.cs_sold_date_sk=date_dim.d_date_sk,catalog_returns.cr_item_sk=catalog_sales.cs_item_sk,catalog_sales.cs_item_sk=item.i_item_sk#item.i_category,=,1.0,date_dim.d_year,=,2001.0#-629142066
item,store_sales,date_dim,store_returns#store_sales.ss_item_sk=item.i_item_sk,store_returns.sr_ticket_number=store_sales.ss_ticket_number,store_returns.sr_item_sk=store_sales.ss_item_sk,store_sales.ss_sold_date_sk=date_dim.d_date_sk#item.i_category,=,1.0,date_dim.d_year,=,2001.0#1190387651
web_sales,item,web_returns,date_dim#web_returns.wr_order_number=web_sales.ws_order_number,web_returns.wr_item_sk=web_sales.ws_item_sk,web_sales.ws_sold_date_sk=date_dim.d_date_sk,web_sales.ws_item_sk=item.i_item_sk#item.i_category,=,1.0,date_dim.d_year,=,2001.0#927331084
date_dim,inventory#inventory.inv_date_sk=date_dim.d_date_sk#inventory.inv_quantity_on_hand,<=,500.0,date_dim.d_date,<=,932342400.0,date_dim.d_date,>=,927158400.0,inventory.inv_quantity_on_hand,>=,100.0#-737812456
store_sales,inventory#store_sales.ss_item_sk=inventory.inv_item_sk#inventory.inv_quantity_on_hand,<=,500.0,inventory.inv_quantity_on_hand,>=,100.0#-545506601
date_dim,store_sales,inventory#inventory.inv_date_sk=date_dim.d_date_sk,inventory.inv_item_sk=store_sales.ss_item_sk#inventory.inv_quantity_on_hand,<=,500.0,date_dim.d_date,<=,932342400.0,date_dim.d_date,>=,927158400.0,inventory.inv_quantity_on_hand,>=,100.0#-858595653
item,inventory#inventory.inv_item_sk=item.i_item_sk#item.i_current_price,<=,46.0,item.i_manufact_id,IN,4.0,item.i_current_price,>=,16.0,inventory.inv_quantity_on_hand,<=,500.0,inventory.inv_quantity_on_hand,>=,100.0#339258294
item,store_sales#store_sales.ss_item_sk=item.i_item_sk#item.i_current_price,>=,16.0,item.i_current_price,<=,46.0,item.i_manufact_id,IN,4.0#-971698487
item,store_sales,inventory#item.i_item_sk=inventory.inv_item_sk,store_sales.ss_item_sk=item.i_item_sk#item.i_current_price,<=,46.0,item.i_manufact_id,IN,4.0,item.i_current_price,>=,16.0,inventory.inv_quantity_on_hand,<=,500.0,inventory.inv_quantity_on_hand,>=,100.0#1405162111
date_dim,item,inventory#inventory.inv_date_sk=date_dim.d_date_sk,inventory.inv_item_sk=item.i_item_sk#item.i_current_price,<=,46.0,item.i_manufact_id,IN,4.0,item.i_current_price,>=,16.0,inventory.inv_quantity_on_hand,<=,500.0,date_dim.d_date,<=,932342400.0,date_dim.d_date,>=,927158400.0,inventory.inv_quantity_on_hand,>=,100.0#1146800936
date_dim,inventory#inventory.inv_date_sk=date_dim.d_date_sk#inventory.inv_quantity_on_hand,<=,500.0,date_dim.d_date,<=,932342400.0,date_dim.d_date,>=,927158400.0,inventory.inv_quantity_on_hand,>=,100.0#214798038
date_dim,item,inventory#inventory.inv_date_sk=date_dim.d_date_sk,inventory.inv_item_sk=item.i_item_sk#item.i_current_price,<=,46.0,item.i_manufact_id,IN,4.0,item.i_current_price,>=,16.0,inventory.inv_quantity_on_hand,<=,500.0,date_dim.d_date,<=,932342400.0,date_dim.d_date,>=,927158400.0,inventory.inv_quantity_on_hand,>=,100.0#-53936748
item,store_sales,date_dim,inventory#inventory.inv_date_sk=date_dim.d_date_sk,store_sales.ss_item_sk=item.i_item_sk,inventory.inv_item_sk=item.i_item_sk#item.i_current_price,<=,46.0,item.i_manufact_id,IN,4.0,item.i_current_price,>=,16.0,inventory.inv_quantity_on_hand,<=,500.0,date_dim.d_date,<=,932342400.0,date_dim.d_date,>=,927158400.0,inventory.inv_quantity_on_hand,>=,100.0#-579565325
web_sales,household_demographics#web_sales.ws_ship_hdemo_sk=household_demographics.hd_demo_sk#household_demographics.hd_dep_count,=,3.0#1378787882
web_sales,time_dim#web_sales.ws_sold_time_sk=time_dim.t_time_sk#time_dim.t_hour,>=,6.0,time_dim.t_hour,<=,7.0#1790560077
web_sales,time_dim,household_demographics#web_sales.ws_ship_hdemo_sk=household_demographics.hd_demo_sk,web_sales.ws_sold_time_sk=time_dim.t_time_sk#household_demographics.hd_dep_count,=,3.0,time_dim.t_hour,>=,6.0,time_dim.t_hour,<=,7.0#-1780926913
web_page,web_sales#web_page.wp_web_page_sk=web_sales.ws_web_page_sk#web_page.wp_char_count,<=,5200.0,web_page.wp_char_count,>=,5000.0#-1884079902
web_page,web_sales,household_demographics#web_sales.ws_ship_hdemo_sk=household_demographics.hd_demo_sk,web_page.wp_web_page_sk=web_sales.ws_web_page_sk#household_demographics.hd_dep_count,=,3.0,web_page.wp_char_count,<=,5200.0,web_page.wp_char_count,>=,5000.0#-1147116716
web_page,web_sales,time_dim#web_sales.ws_sold_time_sk=time_dim.t_time_sk,web_page.wp_web_page_sk=web_sales.ws_web_page_sk#web_page.wp_char_count,<=,5200.0,web_page.wp_char_count,>=,5000.0,time_dim.t_hour,>=,6.0,time_dim.t_hour,<=,7.0#1994400759
web_sales,time_dim#web_sales.ws_sold_time_sk=time_dim.t_time_sk#time_dim.t_hour,>=,17.0,time_dim.t_hour,<=,18.0#-928613851
web_sales,time_dim,household_demographics#web_sales.ws_ship_hdemo_sk=household_demographics.hd_demo_sk,web_sales.ws_sold_time_sk=time_dim.t_time_sk#household_demographics.hd_dep_count,=,3.0,time_dim.t_hour,>=,17.0,time_dim.t_hour,<=,18.0#-1448741737
web_page,web_sales,time_dim#web_sales.ws_sold_time_sk=time_dim.t_time_sk,web_page.wp_web_page_sk=web_sales.ws_web_page_sk#web_page.wp_char_count,<=,5200.0,time_dim.t_hour,>=,17.0,web_page.wp_char_count,>=,5000.0,time_dim.t_hour,<=,18.0#1688753231
web_page,web_sales#web_sales.ws_web_page_sk=web_page.wp_web_page_sk#web_page.wp_char_count,<=,5200.0,web_page.wp_char_count,>=,5000.0#507176594
web_page,web_sales,household_demographics#web_sales.ws_ship_hdemo_sk=household_demographics.hd_demo_sk,web_sales.ws_web_page_sk=web_page.wp_web_page_sk#household_demographics.hd_dep_count,=,3.0,web_page.wp_char_count,<=,5200.0,web_page.wp_char_count,>=,5000.0#-888751806
web_page,web_sales,time_dim,household_demographics#web_sales.ws_ship_hdemo_sk=household_demographics.hd_demo_sk,web_sales.ws_web_page_sk=web_page.wp_web_page_sk,web_sales.ws_sold_time_sk=time_dim.t_time_sk#household_demographics.hd_dep_count,=,3.0,web_page.wp_char_count,<=,5200.0,web_page.wp_char_count,>=,5000.0,time_dim.t_hour,<=,7.0,time_dim.t_hour,>=,6.0#223631893
web_page,web_sales,time_dim,household_demographics#web_sales.ws_ship_hdemo_sk=household_demographics.hd_demo_sk,web_sales.ws_web_page_sk=web_page.wp_web_page_sk,web_sales.ws_sold_time_sk=time_dim.t_time_sk#household_demographics.hd_dep_count,=,3.0,time_dim.t_hour,>=,17.0,web_page.wp_char_count,<=,5200.0,web_page.wp_char_count,>=,5000.0,time_dim.t_hour,<=,18.0#786922221
date_dim,store_sales#store_sales.ss_sold_date_sk=date_dim.d_date_sk#date_dim.d_moy,=,11.0,date_dim.d_year,=,2001.0#49402093
date_dim,item,store_sales#store_sales.ss_item_sk=item.i_item_sk,store_sales.ss_sold_date_sk=date_dim.d_date_sk#date_dim.d_moy,=,11.0,date_dim.d_year,=,2001.0#-1552686054
catalog_sales,date_dim#catalog_sales.cs_sold_date_sk=date_dim.d_date_sk#date_dim.d_moy,=,11.0,date_dim.d_year,=,2001.0#-926868235
catalog_sales,date_dim,item#catalog_sales.cs_sold_date_sk=date_dim.d_date_sk,catalog_sales.cs_item_sk=item.i_item_sk#date_dim.d_moy,=,11.0,date_dim.d_year,=,2001.0#-1400615406
date_dim,web_sales#web_sales.ws_sold_date_sk=date_dim.d_date_sk#date_dim.d_moy,=,11.0,date_dim.d_year,=,2001.0#714851107
date_dim,web_sales,item#web_sales.ws_sold_date_sk=date_dim.d_date_sk,web_sales.ws_item_sk=item.i_item_sk#date_dim.d_moy,=,11.0,date_dim.d_year,=,2001.0#526507024
date_dim,item,store_sales#store_sales.ss_item_sk=item.i_item_sk,store_sales.ss_sold_date_sk=date_dim.d_date_sk#date_dim.d_year,=,2001.0#198004234
store,store_sales#store_sales.ss_store_sk=store.s_store_sk#store.s_state,IN,6.0#-2978889
store,date_dim,store_sales#store_sales.ss_store_sk=store.s_store_sk,date_dim.d_date_sk=store_sales.ss_sold_date_sk#store.s_state,IN,6.0,date_dim.d_year,=,2001.0#1342491468
store,item,store_sales#store_sales.ss_item_sk=item.i_item_sk,store_sales.ss_store_sk=store.s_store_sk#store.s_state,IN,6.0#-611444380
store,store_sales#store_sales.ss_store_sk=store.s_store_sk#store.s_state,IN,6.0#787224505
store,date_dim,store_sales#store_sales.ss_store_sk=store.s_store_sk,store_sales.ss_sold_date_sk=date_dim.d_date_sk#store.s_state,IN,6.0,date_dim.d_year,=,2001.0#2016253814
store,item,store_sales,date_dim#store_sales.ss_item_sk=item.i_item_sk,store_sales.ss_store_sk=store.s_store_sk,store_sales.ss_sold_date_sk=date_dim.d_date_sk#store.s_state,IN,6.0,date_dim.d_year,=,2001.0#-679061487
store,item,store_sales,date_dim#store_sales.ss_item_sk=item.i_item_sk,store_sales.ss_store_sk=store.s_store_sk,store_sales.ss_sold_date_sk=date_dim.d_date_sk#store.s_state,IN,6.0,date_dim.d_year,=,2001.0#-1267645663
store,store_sales#store_sales.ss_store_sk=store.s_store_sk#store.s_gmt_offset,=,-5.0#-1941852088
date_dim,store_sales#store_sales.ss_sold_date_sk=date_dim.d_date_sk#date_dim.d_year,=,2000.0#-1618074816
store,store_sales#store_sales.ss_store_sk=store.s_store_sk#store.s_gmt_offset,=,-5.0#306277622
store,date_dim,store_sales#store_sales.ss_store_sk=store.s_store_sk,store_sales.ss_sold_date_sk=date_dim.d_date_sk#store.s_gmt_offset,=,-5.0,date_dim.d_year,=,2000.0#1938550494
web_sales,web_returns#web_sales.ws_item_sk=web_returns.wr_item_sk,web_sales.ws_order_number=web_returns.wr_order_number##-1693372661
date_dim,store_sales#store_sales.ss_sold_date_sk=date_dim.d_date_sk#date_dim.d_dom,<=,2.0,date_dim.d_year,IN,3.0,date_dim.d_dom,>=,1.0#-895420740
store,store_sales#store_sales.ss_store_sk=store.s_store_sk#store.s_city,IN,2.0#989390820
store,date_dim,store_sales#store_sales.ss_store_sk=store.s_store_sk,date_dim.d_date_sk=store_sales.ss_sold_date_sk#date_dim.d_dom,<=,2.0,date_dim.d_year,IN,3.0,date_dim.d_dom,>=,1.0,store.s_city,IN,2.0#754783488
store_sales,household_demographics#store_sales.ss_hdemo_sk=household_demographics.hd_demo_sk#household_demographics.hd_vehicle_count,=,3.0,household_demographics.hd_dep_count,=,4.0#642686913
date_dim,store_sales,household_demographics#store_sales.ss_hdemo_sk=household_demographics.hd_demo_sk,store_sales.ss_sold_date_sk=date_dim.d_date_sk#date_dim.d_dom,<=,2.0,household_demographics.hd_vehicle_count,=,3.0,date_dim.d_dom,>=,1.0,date_dim.d_year,IN,3.0,household_demographics.hd_dep_count,=,4.0#-496978201
store,store_sales,household_demographics#store_sales.ss_hdemo_sk=household_demographics.hd_demo_sk,store_sales.ss_store_sk=store.s_store_sk#household_demographics.hd_vehicle_count,=,3.0,store.s_city,IN,2.0,household_demographics.hd_dep_count,=,4.0#841385023
store,store_sales,date_dim,household_demographics#store_sales.ss_store_sk=store.s_store_sk,store_sales.ss_hdemo_sk=household_demographics.hd_demo_sk,date_dim.d_date_sk=store_sales.ss_sold_date_sk#date_dim.d_dom,<=,2.0,household_demographics.hd_vehicle_count,=,3.0,date_dim.d_dom,>=,1.0,date_dim.d_year,IN,3.0,household_demographics.hd_dep_count,=,4.0,store.s_city,IN,2.0#-1784919325
customer_address,store_sales#store_sales.ss_addr_sk=customer_address.ca_address_sk##-1607564524
date_dim,customer_address,store_sales#store_sales.ss_addr_sk=customer_address.ca_address_sk,store_sales.ss_sold_date_sk=date_dim.d_date_sk#date_dim.d_dom,<=,2.0,date_dim.d_year,IN,3.0,date_dim.d_dom,>=,1.0#-1787931398
store,customer_address,store_sales#store_sales.ss_addr_sk=customer_address.ca_address_sk,store_sales.ss_store_sk=store.s_store_sk#store.s_city,IN,2.0#695830482
store,customer_address,store_sales,date_dim#store_sales.ss_addr_sk=customer_address.ca_address_sk,store_sales.ss_store_sk=store.s_store_sk,date_dim.d_date_sk=store_sales.ss_sold_date_sk#date_dim.d_dom,<=,2.0,date_dim.d_year,IN,3.0,date_dim.d_dom,>=,1.0,store.s_city,IN,2.0#-797417290
customer_address,store_sales,household_demographics#store_sales.ss_addr_sk=customer_address.ca_address_sk,store_sales.ss_hdemo_sk=household_demographics.hd_demo_sk#household_demographics.hd_vehicle_count,=,3.0,household_demographics.hd_dep_count,=,4.0#-1786922155
customer_address,store_sales,date_dim,household_demographics#store_sales.ss_addr_sk=customer_address.ca_address_sk,store_sales.ss_hdemo_sk=household_demographics.hd_demo_sk,store_sales.ss_sold_date_sk=date_dim.d_date_sk#date_dim.d_dom,<=,2.0,household_demographics.hd_vehicle_count,=,3.0,date_dim.d_dom,>=,1.0,date_dim.d_year,IN,3.0,household_demographics.hd_dep_count,=,4.0#638962927
store,customer_address,store_sales,household_demographics#store_sales.ss_addr_sk=customer_address.ca_address_sk,store_sales.ss_hdemo_sk=household_demographics.hd_demo_sk,store_sales.ss_store_sk=store.s_store_sk#household_demographics.hd_vehicle_count,=,3.0,store.s_city,IN,2.0,household_demographics.hd_dep_count,=,4.0#-738443881
store,store_sales#store_sales.ss_store_sk=store.s_store_sk#store.s_city,IN,2.0#-743863194
store,date_dim,store_sales#store_sales.ss_store_sk=store.s_store_sk,store_sales.ss_sold_date_sk=date_dim.d_date_sk#date_dim.d_dom,<=,2.0,date_dim.d_year,IN,3.0,store.s_city,IN,2.0,date_dim.d_dom,>=,1.0#-237639102
store,store_sales,date_dim,household_demographics#store_sales.ss_store_sk=store.s_store_sk,store_sales.ss_hdemo_sk=household_demographics.hd_demo_sk,store_sales.ss_sold_date_sk=date_dim.d_date_sk#date_dim.d_dom,<=,2.0,household_demographics.hd_vehicle_count,=,3.0,date_dim.d_dom,>=,1.0,store.s_city,IN,2.0,date_dim.d_year,IN,3.0,household_demographics.hd_dep_count,=,4.0#528453987
store,customer_address,store_sales,date_dim,household_demographics#store_sales.ss_store_sk=store.s_store_sk,customer_address.ca_address_sk=store_sales.ss_addr_sk,store_sales.ss_hdemo_sk=household_demographics.hd_demo_sk,store_sales.ss_sold_date_sk=date_dim.d_date_sk#date_dim.d_dom,<=,2.0,household_demographics.hd_vehicle_count,=,3.0,date_dim.d_dom,>=,1.0,store.s_city,IN,2.0,date_dim.d_year,IN,3.0,household_demographics.hd_dep_count,=,4.0#-317443743
item,store_sales#store_sales.ss_item_sk=item.i_item_sk#store_sales.ss_cdemo_sk,=,0#1835746973
date_dim,store_sales#store_sales.ss_sold_date_sk=date_dim.d_date_sk#store_sales.ss_cdemo_sk,=,0#449139237
item,web_sales#item.i_item_sk=web_sales.ws_item_sk#web_sales.ws_web_page_sk,=,0#-1994292445
date_dim,web_sales#web_sales.ws_sold_date_sk=date_dim.d_date_sk#web_sales.ws_web_page_sk,=,0#556068893
catalog_sales,item#catalog_sales.cs_item_sk=item.i_item_sk#catalog_sales.cs_ship_customer_sk,=,0#-37863277
catalog_sales,date_dim#catalog_sales.cs_sold_date_sk=date_dim.d_date_sk#catalog_sales.cs_ship_customer_sk,=,0#-870872945
date_dim,store_sales#store_sales.ss_sold_date_sk=date_dim.d_date_sk#store_sales.ss_cdemo_sk,=,0#-1107198409
date_dim,web_sales#web_sales.ws_sold_date_sk=date_dim.d_date_sk#web_sales.ws_web_page_sk,=,0#-1000268753
catalog_sales,date_dim#catalog_sales.cs_sold_date_sk=date_dim.d_date_sk#catalog_sales.cs_ship_customer_sk,=,0#1555226401
date_dim,item,store_sales#store_sales.ss_item_sk=item.i_item_sk,store_sales.ss_sold_date_sk=date_dim.d_date_sk#store_sales.ss_cdemo_sk,=,0#-657842670
date_dim,web_sales,item#web_sales.ws_sold_date_sk=date_dim.d_date_sk,web_sales.ws_item_sk=item.i_item_sk#web_sales.ws_web_page_sk,=,0#-1659464946
catalog_sales,date_dim,item#catalog_sales.cs_sold_date_sk=date_dim.d_date_sk,catalog_sales.cs_item_sk=item.i_item_sk#catalog_sales.cs_ship_customer_sk,=,0#-526218132
date_dim#date_dim.d_week_seq=date_dim.d_week_seq#date_dim.d_date,IN,3.0#-1821207622
date_dim#date_dim.d_week_seq=date_dim.d_week_seq,date_dim.d_date=date_dim.d_date#date_dim.d_date,IN,3.0#-1969078424
item,store_returns#store_returns.sr_item_sk=item.i_item_sk##557102162
date_dim,store_returns#store_returns.sr_returned_date_sk=date_dim.d_date_sk##7369043
date_dim,item,store_returns#store_returns.sr_returned_date_sk=date_dim.d_date_sk,store_returns.sr_item_sk=item.i_item_sk##-1789979423
date_dim,store_returns#date_dim.d_week_seq=date_dim.d_week_seq,date_dim.d_date=date_dim.d_date,date_dim.d_date_sk=store_returns.sr_returned_date_sk#date_dim.d_date,IN,3.0#-328022475
item,catalog_returns#catalog_returns.cr_item_sk=item.i_item_sk##393917501
date_dim,catalog_returns#catalog_returns.cr_returned_date_sk=date_dim.d_date_sk##1954899496
date_dim,item,catalog_returns#catalog_returns.cr_item_sk=item.i_item_sk,catalog_returns.cr_returned_date_sk=date_dim.d_date_sk##-1023117082
date_dim,catalog_returns#date_dim.d_week_seq=date_dim.d_week_seq,date_dim.d_date_sk=catalog_returns.cr_returned_date_sk,date_dim.d_date=date_dim.d_date#date_dim.d_date,IN,3.0#-2070970006
item,web_returns#web_returns.wr_item_sk=item.i_item_sk##1180390789
date_dim,web_returns#web_returns.wr_returned_date_sk=date_dim.d_date_sk##779692282
date_dim,item,web_returns#web_returns.wr_item_sk=item.i_item_sk,web_returns.wr_returned_date_sk=date_dim.d_date_sk##2025073830
date_dim,web_returns#date_dim.d_week_seq=date_dim.d_week_seq,web_returns.wr_returned_date_sk=date_dim.d_date_sk,date_dim.d_date=date_dim.d_date#date_dim.d_date,IN,3.0#1417069210
date_dim#date_dim.d_week_seq=date_dim.d_week_seq#date_dim.d_date,IN,3.0#1195884520
date_dim#date_dim.d_week_seq=date_dim.d_week_seq,date_dim.d_date=date_dim.d_date#date_dim.d_date,IN,3.0#-1594618100
date_dim,store_returns#date_dim.d_week_seq=date_dim.d_week_seq,store_returns.sr_returned_date_sk=date_dim.d_date_sk,date_dim.d_date=date_dim.d_date#date_dim.d_date,IN,3.0#1039638587
date_dim,catalog_returns#catalog_returns.cr_returned_date_sk=date_dim.d_date_sk,date_dim.d_week_seq=date_dim.d_week_seq,date_dim.d_date=date_dim.d_date#date_dim.d_date,IN,3.0#1836194374
date_dim,web_returns#date_dim.d_week_seq=date_dim.d_week_seq,web_returns.wr_returned_date_sk=date_dim.d_date_sk,date_dim.d_date=date_dim.d_date#date_dim.d_date,IN,3.0#-756971272
date_dim,item,web_returns#web_returns.wr_item_sk=item.i_item_sk,date_dim.d_week_seq=date_dim.d_week_seq,web_returns.wr_returned_date_sk=date_dim.d_date_sk,date_dim.d_date=date_dim.d_date#date_dim.d_date,IN,3.0#733996984
date_dim,item,store_returns#store_returns.sr_returned_date_sk=date_dim.d_date_sk,date_dim.d_week_seq=date_dim.d_week_seq,store_returns.sr_item_sk=item.i_item_sk,date_dim.d_date=date_dim.d_date#date_dim.d_date,IN,3.0#1335244093
date_dim,item,catalog_returns#catalog_returns.cr_item_sk=item.i_item_sk,catalog_returns.cr_returned_date_sk=date_dim.d_date_sk,date_dim.d_date=date_dim.d_date,date_dim.d_week_seq=date_dim.d_week_seq#date_dim.d_date,IN,3.0#-1815711208
customer_address,customer#customer.c_current_addr_sk=customer_address.ca_address_sk#customer_address.ca_gmt_offset,=,-7.0#-969458293
customer,customer_demographics#customer.c_current_cdemo_sk=customer_demographics.cd_demo_sk#customer_demographics.cd_marital_status,=,1.0,customer_demographics.cd_education_status,=,1.0#277151090
customer_address,customer,customer_demographics#customer.c_current_addr_sk=customer_address.ca_address_sk,customer.c_current_cdemo_sk=customer_demographics.cd_demo_sk#customer_demographics.cd_marital_status,=,1.0,customer_demographics.cd_education_status,=,1.0,customer_address.ca_gmt_offset,=,-7.0#964858793
customer,household_demographics#customer.c_current_hdemo_sk=household_demographics.hd_demo_sk#household_demographics.hd_buy_potential,LIKE,1.0#-2139252206
customer_address,customer,household_demographics#customer.c_current_hdemo_sk=household_demographics.hd_demo_sk,customer.c_current_addr_sk=customer_address.ca_address_sk#household_demographics.hd_buy_potential,LIKE,1.0,customer_address.ca_gmt_offset,=,-7.0#-37131885
customer,customer_demographics,household_demographics#customer.c_current_hdemo_sk=household_demographics.hd_demo_sk,customer.c_current_cdemo_sk=customer_demographics.cd_demo_sk#household_demographics.hd_buy_potential,LIKE,1.0,customer_demographics.cd_marital_status,=,1.0,customer_demographics.cd_education_status,=,1.0#-1943578966
customer_address,customer,customer_demographics,household_demographics#customer_address.ca_address_sk=customer.c_current_addr_sk,customer.c_current_hdemo_sk=household_demographics.hd_demo_sk,customer.c_current_cdemo_sk=customer_demographics.cd_demo_sk#household_demographics.hd_buy_potential,LIKE,1.0,customer_demographics.cd_marital_status,=,1.0,customer_demographics.cd_education_status,=,1.0,customer_address.ca_gmt_offset,=,-7.0#-796663771
date_dim,catalog_returns#catalog_returns.cr_returned_date_sk=date_dim.d_date_sk#date_dim.d_moy,=,12.0,date_dim.d_year,=,2001.0#-476715447
catalog_returns,customer#catalog_returns.cr_returning_customer_sk=customer.c_customer_sk##-1692786920
date_dim,catalog_returns,customer#catalog_returns.cr_returned_date_sk=date_dim.d_date_sk,catalog_returns.cr_returning_customer_sk=customer.c_customer_sk#date_dim.d_moy,=,12.0,date_dim.d_year,=,2001.0#-1888068956
customer_address,catalog_returns,customer#customer.c_customer_sk=catalog_returns.cr_returning_customer_sk,customer.c_current_addr_sk=customer_address.ca_address_sk#customer_address.ca_gmt_offset,=,-7.0#1115597765
catalog_returns,customer,customer_demographics#customer.c_customer_sk=catalog_returns.cr_returning_customer_sk,customer.c_current_cdemo_sk=customer_demographics.cd_demo_sk#customer_demographics.cd_marital_status,=,1.0,customer_demographics.cd_education_status,=,1.0#581436622
customer_address,customer,catalog_returns,customer_demographics#customer.c_customer_sk=catalog_returns.cr_returning_customer_sk,customer.c_current_addr_sk=customer_address.ca_address_sk,customer.c_current_cdemo_sk=customer_demographics.cd_demo_sk#customer_demographics.cd_marital_status,=,1.0,customer_demographics.cd_education_status,=,1.0,customer_address.ca_gmt_offset,=,-7.0#488295287
catalog_returns,customer,household_demographics#customer.c_current_hdemo_sk=household_demographics.hd_demo_sk,customer.c_customer_sk=catalog_returns.cr_returning_customer_sk#household_demographics.hd_buy_potential,LIKE,1.0#-1403786210
customer_address,customer,catalog_returns,household_demographics#customer.c_current_hdemo_sk=household_demographics.hd_demo_sk,customer.c_customer_sk=catalog_returns.cr_returning_customer_sk,customer.c_current_addr_sk=customer_address.ca_address_sk#household_demographics.hd_buy_potential,LIKE,1.0,customer_address.ca_gmt_offset,=,-7.0#971507389
customer,catalog_returns,customer_demographics,household_demographics#customer.c_current_hdemo_sk=household_demographics.hd_demo_sk,customer.c_customer_sk=catalog_returns.cr_returning_customer_sk,customer.c_current_cdemo_sk=customer_demographics.cd_demo_sk#household_demographics.hd_buy_potential,LIKE,1.0,customer_demographics.cd_marital_status,=,1.0,customer_demographics.cd_education_status,=,1.0#-204206954
customer_address,customer,catalog_returns,customer_demographics,household_demographics#customer_address.ca_address_sk=customer.c_current_addr_sk,customer.c_customer_sk=catalog_returns.cr_returning_customer_sk,customer.c_current_hdemo_sk=household_demographics.hd_demo_sk,customer.c_current_cdemo_sk=customer_demographics.cd_demo_sk#household_demographics.hd_buy_potential,LIKE,1.0,customer_demographics.cd_marital_status,=,1.0,customer_demographics.cd_education_status,=,1.0,customer_address.ca_gmt_offset,=,-7.0#1757511803
customer_address,customer,date_dim,catalog_returns#catalog_returns.cr_returned_date_sk=date_dim.d_date_sk,customer_address.ca_address_sk=customer.c_current_addr_sk,catalog_returns.cr_returning_customer_sk=customer.c_customer_sk#date_dim.d_moy,=,12.0,date_dim.d_year,=,2001.0,customer_address.ca_gmt_offset,=,-7.0#1124821087
customer,date_dim,catalog_returns,customer_demographics#catalog_returns.cr_returned_date_sk=date_dim.d_date_sk,customer.c_customer_sk=catalog_returns.cr_returning_customer_sk,customer.c_current_cdemo_sk=customer_demographics.cd_demo_sk#date_dim.d_moy,=,12.0,customer_demographics.cd_education_status,=,1.0,customer_demographics.cd_marital_status,=,1.0,date_dim.d_year,=,2001.0#-1516404286
customer_address,customer,date_dim,catalog_returns,customer_demographics#catalog_returns.cr_returned_date_sk=date_dim.d_date_sk,customer_address.ca_address_sk=customer.c_current_addr_sk,customer.c_customer_sk=catalog_returns.cr_returning_customer_sk,customer.c_current_cdemo_sk=customer_demographics.cd_demo_sk#date_dim.d_moy,=,12.0,customer_demographics.cd_marital_status,=,1.0,customer_demographics.cd_education_status,=,1.0,date_dim.d_year,=,2001.0,customer_address.ca_gmt_offset,=,-7.0#-1420490227
customer,date_dim,catalog_returns,household_demographics#catalog_returns.cr_returned_date_sk=date_dim.d_date_sk,customer.c_current_hdemo_sk=household_demographics.hd_demo_sk,catalog_returns.cr_returning_customer_sk=customer.c_customer_sk#date_dim.d_moy,=,12.0,household_demographics.hd_buy_potential,LIKE,1.0,date_dim.d_year,=,2001.0#-2095528420
customer_address,customer,date_dim,catalog_returns,household_demographics#catalog_returns.cr_returned_date_sk=date_dim.d_date_sk,customer.c_current_hdemo_sk=household_demographics.hd_demo_sk,customer.c_current_addr_sk=customer_address.ca_address_sk,catalog_returns.cr_returning_customer_sk=customer.c_customer_sk#date_dim.d_moy,=,12.0,date_dim.d_year,=,2001.0,household_demographics.hd_buy_potential,LIKE,1.0,customer_address.ca_gmt_offset,=,-7.0#-1308518819
customer,date_dim,catalog_returns,customer_demographics,household_demographics#catalog_returns.cr_returned_date_sk=date_dim.d_date_sk,customer.c_current_hdemo_sk=household_demographics.hd_demo_sk,catalog_returns.cr_returning_customer_sk=customer.c_customer_sk,customer.c_current_cdemo_sk=customer_demographics.cd_demo_sk#date_dim.d_moy,=,12.0,customer_demographics.cd_marital_status,=,1.0,household_demographics.hd_buy_potential,LIKE,1.0,customer_demographics.cd_education_status,=,1.0,date_dim.d_year,=,2001.0#-1505706726
customer_address,customer,date_dim,catalog_returns,customer_demographics,household_demographics#catalog_returns.cr_returned_date_sk=date_dim.d_date_sk,customer.c_current_hdemo_sk=household_demographics.hd_demo_sk,customer.c_current_addr_sk=customer_address.ca_address_sk,catalog_returns.cr_returning_customer_sk=customer.c_customer_sk,customer.c_current_cdemo_sk=customer_demographics.cd_demo_sk#date_dim.d_moy,=,12.0,customer_demographics.cd_marital_status,=,1.0,household_demographics.hd_buy_potential,LIKE,1.0,customer_demographics.cd_education_status,=,1.0,date_dim.d_year,=,2001.0,customer_address.ca_gmt_offset,=,-7.0#709085649
catalog_returns,call_center#catalog_returns.cr_call_center_sk=call_center.cc_call_center_sk##1947436321
date_dim,catalog_returns,call_center#catalog_returns.cr_returned_date_sk=date_dim.d_date_sk,catalog_returns.cr_call_center_sk=call_center.cc_call_center_sk#date_dim.d_moy,=,12.0,date_dim.d_year,=,2001.0#143046317
call_center,catalog_returns,customer#catalog_returns.cr_call_center_sk=call_center.cc_call_center_sk,catalog_returns.cr_returning_customer_sk=customer.c_customer_sk##-1499140740
customer,date_dim,catalog_returns,call_center#catalog_returns.cr_returned_date_sk=date_dim.d_date_sk,call_center.cc_call_center_sk=catalog_returns.cr_call_center_sk,catalog_returns.cr_returning_customer_sk=customer.c_customer_sk#date_dim.d_moy,=,12.0,date_dim.d_year,=,2001.0#1763838738
customer_address,customer,catalog_returns,call_center#customer.c_customer_sk=catalog_returns.cr_returning_customer_sk,customer.c_current_addr_sk=customer_address.ca_address_sk,catalog_returns.cr_call_center_sk=call_center.cc_call_center_sk#customer_address.ca_gmt_offset,=,-7.0#410129377
customer,catalog_returns,call_center,customer_demographics#customer.c_customer_sk=catalog_returns.cr_returning_customer_sk,catalog_returns.cr_call_center_sk=call_center.cc_call_center_sk,customer.c_current_cdemo_sk=customer_demographics.cd_demo_sk#customer_demographics.cd_marital_status,=,1.0,customer_demographics.cd_education_status,=,1.0#1414681322
customer_address,customer,catalog_returns,call_center,customer_demographics#customer.c_current_addr_sk=customer_address.ca_address_sk,catalog_returns.cr_call_center_sk=call_center.cc_call_center_sk,catalog_returns.cr_returning_customer_sk=customer.c_customer_sk,customer.c_current_cdemo_sk=customer_demographics.cd_demo_sk#customer_demographics.cd_marital_status,=,1.0,customer_demographics.cd_education_status,=,1.0,customer_address.ca_gmt_offset,=,-7.0#-1884240157
customer,catalog_returns,call_center,household_demographics#customer.c_current_hdemo_sk=household_demographics.hd_demo_sk,customer.c_customer_sk=catalog_returns.cr_returning_customer_sk,catalog_returns.cr_call_center_sk=call_center.cc_call_center_sk#household_demographics.hd_buy_potential,LIKE,1.0#1928927802
customer_address,customer,catalog_returns,call_center,household_demographics#customer.c_current_hdemo_sk=household_demographics.hd_demo_sk,customer.c_customer_sk=catalog_returns.cr_returning_customer_sk,customer.c_current_addr_sk=customer_address.ca_address_sk,catalog_returns.cr_call_center_sk=call_center.cc_call_center_sk#household_demographics.hd_buy_potential,LIKE,1.0,customer_address.ca_gmt_offset,=,-7.0#1146339033
customer,catalog_returns,call_center,customer_demographics,household_demographics#customer.c_current_hdemo_sk=household_demographics.hd_demo_sk,customer.c_customer_sk=catalog_returns.cr_returning_customer_sk,catalog_returns.cr_call_center_sk=call_center.cc_call_center_sk,customer.c_current_cdemo_sk=customer_demographics.cd_demo_sk#household_demographics.hd_buy_potential,LIKE,1.0,customer_demographics.cd_marital_status,=,1.0,customer_demographics.cd_education_status,=,1.0#723159730
customer_address,customer,catalog_returns,call_center,customer_demographics,household_demographics#customer_address.ca_address_sk=customer.c_current_addr_sk,customer.c_current_hdemo_sk=household_demographics.hd_demo_sk,catalog_returns.cr_call_center_sk=call_center.cc_call_center_sk,customer.c_customer_sk=catalog_returns.cr_returning_customer_sk,customer.c_current_cdemo_sk=customer_demographics.cd_demo_sk#household_demographics.hd_buy_potential,LIKE,1.0,customer_demographics.cd_marital_status,=,1.0,customer_demographics.cd_education_status,=,1.0,customer_address.ca_gmt_offset,=,-7.0#380456087
customer_address,customer,date_dim,catalog_returns,call_center#catalog_returns.cr_returned_date_sk=date_dim.d_date_sk,customer_address.ca_address_sk=customer.c_current_addr_sk,catalog_returns.cr_call_center_sk=call_center.cc_call_center_sk,catalog_returns.cr_returning_customer_sk=customer.c_customer_sk#date_dim.d_moy,=,12.0,date_dim.d_year,=,2001.0,customer_address.ca_gmt_offset,=,-7.0#1454028315
customer,date_dim,catalog_returns,call_center,customer_demographics#catalog_returns.cr_returned_date_sk=date_dim.d_date_sk,catalog_returns.cr_call_center_sk=call_center.cc_call_center_sk,catalog_returns.cr_returning_customer_sk=customer.c_customer_sk,customer.c_current_cdemo_sk=customer_demographics.cd_demo_sk#date_dim.d_moy,=,12.0,customer_demographics.cd_marital_status,=,1.0,customer_demographics.cd_education_status,=,1.0,date_dim.d_year,=,2001.0#646913454
customer_address,customer,date_dim,catalog_returns,call_center,customer_demographics#catalog_returns.cr_returned_date_sk=date_dim.d_date_sk,call_center.cc_call_center_sk=catalog_returns.cr_call_center_sk,customer_address.ca_address_sk=customer.c_current_addr_sk,customer.c_customer_sk=catalog_returns.cr_returning_customer_sk,customer.c_current_cdemo_sk=customer_demographics.cd_demo_sk#date_dim.d_moy,=,12.0,customer_demographics.cd_marital_status,=,1.0,customer_demographics.cd_education_status,=,1.0,date_dim.d_year,=,2001.0,customer_address.ca_gmt_offset,=,-7.0#69703247
customer,date_dim,catalog_returns,call_center,household_demographics#catalog_returns.cr_returned_date_sk=date_dim.d_date_sk,customer.c_current_hdemo_sk=household_demographics.hd_demo_sk,catalog_returns.cr_call_center_sk=call_center.cc_call_center_sk,catalog_returns.cr_returning_customer_sk=customer.c_customer_sk#date_dim.d_moy,=,12.0,household_demographics.hd_buy_potential,LIKE,1.0,date_dim.d_year,=,2001.0#-822679400
customer_address,customer,date_dim,catalog_returns,call_center,household_demographics#catalog_returns.cr_returned_date_sk=date_dim.d_date_sk,customer.c_current_hdemo_sk=household_demographics.hd_demo_sk,catalog_returns.cr_call_center_sk=call_center.cc_call_center_sk,customer.c_current_addr_sk=customer_address.ca_address_sk,catalog_returns.cr_returning_customer_sk=customer.c_customer_sk#date_dim.d_moy,=,12.0,date_dim.d_year,=,2001.0,household_demographics.hd_buy_potential,LIKE,1.0,customer_address.ca_gmt_offset,=,-7.0#-152285799
customer,date_dim,catalog_returns,call_center,customer_demographics,household_demographics#catalog_returns.cr_returned_date_sk=date_dim.d_date_sk,customer.c_current_hdemo_sk=household_demographics.hd_demo_sk,catalog_returns.cr_call_center_sk=call_center.cc_call_center_sk,customer.c_customer_sk=catalog_returns.cr_returning_customer_sk,customer.c_current_cdemo_sk=customer_demographics.cd_demo_sk#date_dim.d_moy,=,12.0,customer_demographics.cd_marital_status,=,1.0,customer_demographics.cd_education_status,=,1.0,household_demographics.hd_buy_potential,LIKE,1.0,date_dim.d_year,=,2001.0#1407412646
customer,household_demographics#customer.c_current_hdemo_sk=household_demographics.hd_demo_sk#household_demographics.hd_buy_potential,LIKE,1.0#-971977452
date_dim,catalog_returns#catalog_returns.cr_returned_date_sk=date_dim.d_date_sk#date_dim.d_moy,=,12.0,date_dim.d_year,=,2001.0#-1844271353
customer,customer_demographics,household_demographics#customer.c_current_hdemo_sk=household_demographics.hd_demo_sk,customer.c_current_cdemo_sk=customer_demographics.cd_demo_sk#household_demographics.hd_buy_potential,LIKE,1.0,customer_demographics.cd_marital_status,=,1.0,customer_demographics.cd_education_status,=,1.0#-160421866
customer,date_dim,catalog_returns,customer_demographics,household_demographics#catalog_returns.cr_returned_date_sk=date_dim.d_date_sk,customer.c_current_hdemo_sk=household_demographics.hd_demo_sk,catalog_returns.cr_returning_customer_sk=customer.c_customer_sk,customer.c_current_cdemo_sk=customer_demographics.cd_demo_sk#date_dim.d_moy,=,12.0,customer_demographics.cd_marital_status,=,1.0,household_demographics.hd_buy_potential,LIKE,1.0,customer_demographics.cd_education_status,=,1.0,date_dim.d_year,=,2001.0#-993088034
customer_address,customer,date_dim,catalog_returns,customer_demographics,household_demographics#catalog_returns.cr_returned_date_sk=date_dim.d_date_sk,customer_address.ca_address_sk=customer.c_current_addr_sk,customer.c_current_hdemo_sk=household_demographics.hd_demo_sk,catalog_returns.cr_returning_customer_sk=customer.c_customer_sk,customer.c_current_cdemo_sk=customer_demographics.cd_demo_sk#date_dim.d_moy,=,12.0,customer_demographics.cd_marital_status,=,1.0,household_demographics.hd_buy_potential,LIKE,1.0,customer_demographics.cd_education_status,=,1.0,date_dim.d_year,=,2001.0,customer_address.ca_gmt_offset,=,-7.0#-81495118
customer_address,customer,date_dim,catalog_returns,call_center,customer_demographics,household_demographics#catalog_returns.cr_returned_date_sk=date_dim.d_date_sk,customer_address.ca_address_sk=customer.c_current_addr_sk,customer.c_current_hdemo_sk=household_demographics.hd_demo_sk,catalog_returns.cr_call_center_sk=call_center.cc_call_center_sk,catalog_returns.cr_returning_customer_sk=customer.c_customer_sk,customer.c_current_cdemo_sk=customer_demographics.cd_demo_sk#date_dim.d_moy,=,12.0,customer_demographics.cd_marital_status,=,1.0,household_demographics.hd_buy_potential,LIKE,1.0,customer_demographics.cd_education_status,=,1.0,date_dim.d_year,=,2001.0,customer_address.ca_gmt_offset,=,-7.0#1198261440
catalog_sales,customer#catalog_sales.cs_bill_customer_sk=customer.c_customer_sk##-2024928387
catalog_sales,date_dim#catalog_sales.cs_sold_date_sk=date_dim.d_date_sk#date_dim.d_year,=,2002.0,date_dim.d_qoy,=,2.0#-1768146564
catalog_sales,date_dim,customer#catalog_sales.cs_sold_date_sk=date_dim.d_date_sk,catalog_sales.cs_bill_customer_sk=customer.c_customer_sk#date_dim.d_year,=,2002.0,date_dim.d_qoy,=,2.0#-1612661313
catalog_sales,customer_address,customer#customer.c_customer_sk=catalog_sales.cs_bill_customer_sk,customer.c_current_addr_sk=customer_address.ca_address_sk##1138545072
customer_address,customer#customer.c_current_addr_sk=customer_address.ca_address_sk##1553718763
catalog_sales,date_dim#catalog_sales.cs_sold_date_sk=date_dim.d_date_sk#date_dim.d_year,=,2002.0,date_dim.d_qoy,=,2.0#1218644282
catalog_sales,customer_address,customer,date_dim#catalog_sales.cs_sold_date_sk=date_dim.d_date_sk,catalog_sales.cs_bill_customer_sk=customer.c_customer_sk,customer.c_current_addr_sk=customer_address.ca_address_sk#date_dim.d_qoy,=,2.0,customer_address.ca_state,IN,3.0,customer_address.ca_zip,IN,9.0,date_dim.d_year,=,2002.0,catalog_sales.cs_sales_price,>,500.0#1996586499
date_dim,inventory#inventory.inv_date_sk=date_dim.d_date_sk#date_dim.d_month_seq,>=,1176.0,date_dim.d_month_seq,<=,1187.0#1643013406
item,inventory#inventory.inv_item_sk=item.i_item_sk##-1204615853
date_dim,inventory#inventory.inv_date_sk=date_dim.d_date_sk#date_dim.d_month_seq,>=,1176.0,date_dim.d_month_seq,<=,1187.0#1462743644
date_dim,item,inventory#inventory.inv_date_sk=date_dim.d_date_sk,inventory.inv_item_sk=item.i_item_sk#date_dim.d_month_seq,>=,1176.0,date_dim.d_month_seq,<=,1187.0#187529568
catalog_sales,date_dim#catalog_sales.cs_sold_date_sk=date_dim.d_date_sk#date_dim.d_year,IN,3.0#1459707967
catalog_sales,date_dim,item#catalog_sales.cs_sold_date_sk=date_dim.d_date_sk,catalog_sales.cs_item_sk=item.i_item_sk#date_dim.d_year,IN,3.0#1676390080
catalog_sales,store_returns#catalog_sales.cs_bill_customer_sk=store_returns.sr_customer_sk,catalog_sales.cs_item_sk=store_returns.sr_item_sk##1976906430
date_dim,store_returns#store_returns.sr_returned_date_sk=date_dim.d_date_sk#date_dim.d_moy,<=,7.0,date_dim.d_year,=,2000.0,date_dim.d_moy,>=,4.0#-299375661
catalog_sales,date_dim,store_returns#store_returns.sr_customer_sk=catalog_sales.cs_bill_customer_sk,store_returns.sr_item_sk=catalog_sales.cs_item_sk,store_returns.sr_returned_date_sk=date_dim.d_date_sk#date_dim.d_moy,<=,7.0,date_dim.d_year,=,2000.0,date_dim.d_moy,>=,4.0#1512885989
catalog_sales,item,store_returns#store_returns.sr_customer_sk=catalog_sales.cs_bill_customer_sk,store_returns.sr_item_sk=catalog_sales.cs_item_sk,store_returns.sr_item_sk=item.i_item_sk##1378339876
date_dim,item,store_returns#store_returns.sr_returned_date_sk=date_dim.d_date_sk,store_returns.sr_item_sk=item.i_item_sk#date_dim.d_moy,<=,7.0,date_dim.d_year,=,2000.0,date_dim.d_moy,>=,4.0#1606118369
catalog_sales,item,date_dim,store_returns#store_returns.sr_customer_sk=catalog_sales.cs_bill_customer_sk,store_returns.sr_item_sk=catalog_sales.cs_item_sk,store_returns.sr_returned_date_sk=date_dim.d_date_sk,store_returns.sr_item_sk=item.i_item_sk#date_dim.d_moy,<=,7.0,date_dim.d_year,=,2000.0,date_dim.d_moy,>=,4.0#-731146123
catalog_sales,date_dim,store_returns#catalog_sales.cs_bill_customer_sk=store_returns.sr_customer_sk,catalog_sales.cs_sold_date_sk=date_dim.d_date_sk,catalog_sales.cs_item_sk=store_returns.sr_item_sk#date_dim.d_year,IN,3.0#-1488334321
catalog_sales,date_dim,store_returns#catalog_sales.cs_bill_customer_sk=store_returns.sr_customer_sk,store_returns.sr_returned_date_sk=date_dim.d_date_sk,catalog_sales.cs_sold_date_sk=date_dim.d_date_sk,catalog_sales.cs_item_sk=store_returns.sr_item_sk#date_dim.d_year,IN,3.0,date_dim.d_moy,<=,7.0,date_dim.d_year,=,2000.0,date_dim.d_moy,>=,4.0#543102446
catalog_sales,item,date_dim,store_returns#store_returns.sr_customer_sk=catalog_sales.cs_bill_customer_sk,catalog_sales.cs_sold_date_sk=date_dim.d_date_sk,store_returns.sr_item_sk=catalog_sales.cs_item_sk,store_returns.sr_item_sk=item.i_item_sk#date_dim.d_year,IN,3.0#983993877
catalog_sales,item,date_dim,store_returns#store_returns.sr_returned_date_sk=date_dim.d_date_sk,catalog_sales.cs_item_sk=store_returns.sr_item_sk,catalog_sales.cs_bill_customer_sk=store_returns.sr_customer_sk,store_returns.sr_item_sk=item.i_item_sk,catalog_sales.cs_sold_date_sk=date_dim.d_date_sk#date_dim.d_year,IN,3.0,date_dim.d_moy,<=,7.0,date_dim.d_year,=,2000.0,date_dim.d_moy,>=,4.0#1408350896
store_returns,store_sales#store_sales.ss_item_sk=store_returns.sr_item_sk,store_sales.ss_ticket_number=store_returns.sr_ticket_number,store_sales.ss_customer_sk=store_returns.sr_customer_sk##-459925631
catalog_sales,store_sales#store_sales.ss_item_sk=catalog_sales.cs_item_sk,store_sales.ss_customer_sk=catalog_sales.cs_bill_customer_sk##1314730806
catalog_sales,store_sales,store_returns#store_sales.ss_item_sk=store_returns.sr_item_sk,store_sales.ss_ticket_number=store_returns.sr_ticket_number,store_sales.ss_customer_sk=store_returns.sr_customer_sk,store_returns.sr_customer_sk=catalog_sales.cs_bill_customer_sk,store_returns.sr_item_sk=catalog_sales.cs_item_sk##491611989
date_dim,store_sales#store_sales.ss_sold_date_sk=date_dim.d_date_sk#date_dim.d_moy,=,4.0,date_dim.d_year,=,2000.0#34200447
store_returns,date_dim,store_sales#store_sales.ss_item_sk=store_returns.sr_item_sk,store_sales.ss_ticket_number=store_returns.sr_ticket_number,store_sales.ss_customer_sk=store_returns.sr_customer_sk,store_sales.ss_sold_date_sk=date_dim.d_date_sk#date_dim.d_moy,=,4.0,date_dim.d_year,=,2000.0#-381544668
catalog_sales,date_dim,store_sales#store_sales.ss_item_sk=catalog_sales.cs_item_sk,store_sales.ss_customer_sk=catalog_sales.cs_bill_customer_sk,store_sales.ss_sold_date_sk=date_dim.d_date_sk#date_dim.d_moy,=,4.0,date_dim.d_year,=,2000.0#1839423889
catalog_sales,store_sales,date_dim,store_returns#store_sales.ss_item_sk=store_returns.sr_item_sk,store_sales.ss_ticket_number=store_returns.sr_ticket_number,store_sales.ss_customer_sk=store_returns.sr_customer_sk,store_returns.sr_customer_sk=catalog_sales.cs_bill_customer_sk,store_returns.sr_item_sk=catalog_sales.cs_item_sk,store_sales.ss_sold_date_sk=date_dim.d_date_sk#date_dim.d_moy,=,4.0,date_dim.d_year,=,2000.0#1568059702
store_returns,store,store_sales#store_sales.ss_item_sk=store_returns.sr_item_sk,store_sales.ss_ticket_number=store_returns.sr_ticket_number,store_sales.ss_customer_sk=store_returns.sr_customer_sk,store_sales.ss_store_sk=store.s_store_sk##-1995753708
catalog_sales,store,store_sales#store_sales.ss_item_sk=catalog_sales.cs_item_sk,store_sales.ss_customer_sk=catalog_sales.cs_bill_customer_sk,store_sales.ss_store_sk=store.s_store_sk##-1515629471
catalog_sales,store,store_sales,store_returns#store_sales.ss_item_sk=store_returns.sr_item_sk,store_sales.ss_ticket_number=store_returns.sr_ticket_number,store_sales.ss_customer_sk=store_returns.sr_customer_sk,store_sales.ss_store_sk=store.s_store_sk,store_returns.sr_customer_sk=catalog_sales.cs_bill_customer_sk,store_returns.sr_item_sk=catalog_sales.cs_item_sk##-1875655194
store,date_dim,store_sales#store.s_store_sk=store_sales.ss_store_sk,store_sales.ss_sold_date_sk=date_dim.d_date_sk#date_dim.d_moy,=,4.0,date_dim.d_year,=,2000.0#501033874
store,store_sales,date_dim,store_returns#store_returns.sr_item_sk=store_sales.ss_item_sk,store_returns.sr_ticket_number=store_sales.ss_ticket_number,store_sales.ss_sold_date_sk=date_dim.d_date_sk,store.s_store_sk=store_sales.ss_store_sk,store_returns.sr_customer_sk=store_sales.ss_customer_sk#date_dim.d_moy,=,4.0,date_dim.d_year,=,2000.0#1196225247
catalog_sales,store,store_sales,date_dim#store_sales.ss_sold_date_sk=date_dim.d_date_sk,store_sales.ss_item_sk=catalog_sales.cs_item_sk,store_sales.ss_customer_sk=catalog_sales.cs_bill_customer_sk,store.s_store_sk=store_sales.ss_store_sk#date_dim.d_moy,=,4.0,date_dim.d_year,=,2000.0#249439206
catalog_sales,store,store_sales,date_dim,store_returns#store_returns.sr_item_sk=store_sales.ss_item_sk,store_returns.sr_ticket_number=store_sales.ss_ticket_number,store_returns.sr_customer_sk=catalog_sales.cs_bill_customer_sk,store_sales.ss_sold_date_sk=date_dim.d_date_sk,store_returns.sr_item_sk=catalog_sales.cs_item_sk,store.s_store_sk=store_sales.ss_store_sk,store_returns.sr_customer_sk=store_sales.ss_customer_sk#date_dim.d_moy,=,4.0,date_dim.d_year,=,2000.0#1121283763
store_returns,item,store_sales#store_sales.ss_item_sk=store_returns.sr_item_sk,store_sales.ss_item_sk=item.i_item_sk,store_sales.ss_ticket_number=store_returns.sr_ticket_number,store_sales.ss_customer_sk=store_returns.sr_customer_sk##-1085547564
catalog_sales,item,store_sales#store_sales.ss_item_sk=item.i_item_sk,store_sales.ss_item_sk=catalog_sales.cs_item_sk,store_sales.ss_customer_sk=catalog_sales.cs_bill_customer_sk##930957217
catalog_sales,item,store_sales,store_returns#store_sales.ss_item_sk=store_returns.sr_item_sk,store_sales.ss_ticket_number=store_returns.sr_ticket_number,store_sales.ss_customer_sk=store_returns.sr_customer_sk,catalog_sales.cs_item_sk=store_returns.sr_item_sk,catalog_sales.cs_bill_customer_sk=store_returns.sr_customer_sk,catalog_sales.cs_item_sk=item.i_item_sk##121904856
date_dim,item,store_sales#store_sales.ss_item_sk=item.i_item_sk,store_sales.ss_sold_date_sk=date_dim.d_date_sk#date_dim.d_moy,=,4.0,date_dim.d_year,=,2000.0#584923376
item,store_sales,date_dim,store_returns#store_sales.ss_item_sk=store_returns.sr_item_sk,store_sales.ss_ticket_number=store_returns.sr_ticket_number,store_sales.ss_customer_sk=store_returns.sr_customer_sk,store_sales.ss_item_sk=item.i_item_sk,store_sales.ss_sold_date_sk=date_dim.d_date_sk#date_dim.d_moy,=,4.0,date_dim.d_year,=,2000.0#-1489642829
catalog_sales,item,store_sales,date_dim#catalog_sales.cs_item_sk=item.i_item_sk,catalog_sales.cs_item_sk=store_sales.ss_item_sk,catalog_sales.cs_bill_customer_sk=store_sales.ss_customer_sk,store_sales.ss_sold_date_sk=date_dim.d_date_sk#date_dim.d_moy,=,4.0,date_dim.d_year,=,2000.0#494517818
catalog_sales,item,store_sales,date_dim,store_returns#store_sales.ss_item_sk=store_returns.sr_item_sk,store_sales.ss_ticket_number=store_returns.sr_ticket_number,store_sales.ss_customer_sk=store_returns.sr_customer_sk,catalog_sales.cs_item_sk=store_returns.sr_item_sk,catalog_sales.cs_bill_customer_sk=store_returns.sr_customer_sk,catalog_sales.cs_item_sk=item.i_item_sk,store_sales.ss_sold_date_sk=date_dim.d_date_sk#date_dim.d_moy,=,4.0,date_dim.d_year,=,2000.0#120241909
store,item,store_sales,store_returns#store_returns.sr_item_sk=store_sales.ss_item_sk,store_returns.sr_ticket_number=store_sales.ss_ticket_number,store_sales.ss_store_sk=store.s_store_sk,store_returns.sr_item_sk=item.i_item_sk,store_returns.sr_customer_sk=store_sales.ss_customer_sk##1628795174
catalog_sales,store,item,store_sales#catalog_sales.cs_item_sk=item.i_item_sk,catalog_sales.cs_item_sk=store_sales.ss_item_sk,catalog_sales.cs_bill_customer_sk=store_sales.ss_customer_sk,store_sales.ss_store_sk=store.s_store_sk##1167394346
catalog_sales,store,item,store_sales,store_returns#store_sales.ss_item_sk=store_returns.sr_item_sk,store_sales.ss_ticket_number=store_returns.sr_ticket_number,store_sales.ss_customer_sk=store_returns.sr_customer_sk,store_sales.ss_store_sk=store.s_store_sk,store_returns.sr_customer_sk=catalog_sales.cs_bill_customer_sk,store_returns.sr_item_sk=catalog_sales.cs_item_sk,catalog_sales.cs_item_sk=item.i_item_sk##-867225765
store,item,store_sales,date_dim#store_sales.ss_item_sk=item.i_item_sk,store.s_store_sk=store_sales.ss_store_sk,store_sales.ss_sold_date_sk=date_dim.d_date_sk#date_dim.d_moy,=,4.0,date_dim.d_year,=,2000.0#1509048063
store,item,store_sales,date_dim,store_returns#store_sales.ss_item_sk=store_returns.sr_item_sk,store_sales.ss_ticket_number=store_returns.sr_ticket_number,store_sales.ss_customer_sk=store_returns.sr_customer_sk,store_sales.ss_item_sk=item.i_item_sk,store.s_store_sk=store_sales.ss_store_sk,store_sales.ss_sold_date_sk=date_dim.d_date_sk#date_dim.d_moy,=,4.0,date_dim.d_year,=,2000.0#-1852952668
catalog_sales,store,item,store_sales,date_dim#catalog_sales.cs_item_sk=store_sales.ss_item_sk,catalog_sales.cs_bill_customer_sk=store_sales.ss_customer_sk,catalog_sales.cs_item_sk=item.i_item_sk,store.s_store_sk=store_sales.ss_store_sk,store_sales.ss_sold_date_sk=date_dim.d_date_sk#date_dim.d_moy,=,4.0,date_dim.d_year,=,2000.0#-1586595673
catalog_sales,store,item,store_sales,date_dim,store_returns#store_returns.sr_item_sk=store_sales.ss_item_sk,store_returns.sr_ticket_number=store_sales.ss_ticket_number,catalog_sales.cs_item_sk=store_returns.sr_item_sk,store_sales.ss_sold_date_sk=date_dim.d_date_sk,catalog_sales.cs_bill_customer_sk=store_returns.sr_customer_sk,catalog_sales.cs_item_sk=item.i_item_sk,store.s_store_sk=store_sales.ss_store_sk,store_returns.sr_customer_sk=store_sales.ss_customer_sk#date_dim.d_moy,=,4.0,date_dim.d_year,=,2000.0#-1309032134
date_dim,store_sales,store_returns#store_returns.sr_returned_date_sk=date_dim.d_date_sk,store_returns.sr_item_sk=store_sales.ss_item_sk,store_returns.sr_ticket_number=store_sales.ss_ticket_number,store_returns.sr_customer_sk=store_sales.ss_customer_sk#date_dim.d_moy,<=,7.0,date_dim.d_year,=,2000.0,date_dim.d_moy,>=,4.0#1790551964
catalog_sales,date_dim,store_sales#catalog_sales.cs_item_sk=store_sales.ss_item_sk,catalog_sales.cs_sold_date_sk=date_dim.d_date_sk,catalog_sales.cs_bill_customer_sk=store_sales.ss_customer_sk#date_dim.d_year,IN,3.0#-521341793
catalog_sales,store_sales,date_dim,store_returns#store_returns.sr_returned_date_sk=date_dim.d_date_sk,store_returns.sr_item_sk=store_sales.ss_item_sk,store_returns.sr_ticket_number=store_sales.ss_ticket_number,store_returns.sr_customer_sk=catalog_sales.cs_bill_customer_sk,store_returns.sr_item_sk=catalog_sales.cs_item_sk,store_returns.sr_customer_sk=store_sales.ss_customer_sk#date_dim.d_moy,<=,7.0,date_dim.d_year,=,2000.0,date_dim.d_moy,>=,4.0#-390010962
catalog_sales,store_sales,date_dim,store_returns#store_sales.ss_item_sk=store_returns.sr_item_sk,store_sales.ss_ticket_number=store_returns.sr_ticket_number,store_sales.ss_customer_sk=store_returns.sr_customer_sk,store_returns.sr_customer_sk=catalog_sales.cs_bill_customer_sk,catalog_sales.cs_sold_date_sk=date_dim.d_date_sk,store_returns.sr_item_sk=catalog_sales.cs_item_sk#date_dim.d_year,IN,3.0#-230109372
catalog_sales,store_sales,date_dim,store_returns#store_returns.sr_returned_date_sk=date_dim.d_date_sk,store_returns.sr_item_sk=store_sales.ss_item_sk,store_returns.sr_ticket_number=store_sales.ss_ticket_number,store_returns.sr_customer_sk=catalog_sales.cs_bill_customer_sk,catalog_sales.cs_sold_date_sk=date_dim.d_date_sk,store_returns.sr_item_sk=catalog_sales.cs_item_sk,store_returns.sr_customer_sk=store_sales.ss_customer_sk#date_dim.d_year,IN,3.0,date_dim.d_moy,<=,7.0,date_dim.d_moy,>=,4.0,date_dim.d_year,=,2000.0#1258104555
store_sales,date_dim,store_returns#store_sales.ss_item_sk=store_returns.sr_item_sk,store_sales.ss_ticket_number=store_returns.sr_ticket_number,store_returns.sr_returned_date_sk=date_dim.d_date_sk,store_sales.ss_customer_sk=store_returns.sr_customer_sk,store_sales.ss_sold_date_sk=date_dim.d_date_sk#date_dim.d_moy,=,4.0,date_dim.d_year,=,2000.0,date_dim.d_moy,<=,7.0,date_dim.d_moy,>=,4.0#2114298233
catalog_sales,store_sales,date_dim#catalog_sales.cs_sold_date_sk=date_dim.d_date_sk,store_sales.ss_item_sk=catalog_sales.cs_item_sk,store_sales.ss_customer_sk=catalog_sales.cs_bill_customer_sk,store_sales.ss_sold_date_sk=date_dim.d_date_sk#date_dim.d_moy,=,4.0,date_dim.d_year,IN,3.0,date_dim.d_year,=,2000.0#398459784
catalog_sales,store_sales,date_dim,store_returns#store_returns.sr_returned_date_sk=date_dim.d_date_sk,store_returns.sr_item_sk=store_sales.ss_item_sk,store_returns.sr_ticket_number=store_sales.ss_ticket_number,store_returns.sr_customer_sk=catalog_sales.cs_bill_customer_sk,store_returns.sr_item_sk=catalog_sales.cs_item_sk,store_returns.sr_customer_sk=store_sales.ss_customer_sk,store_sales.ss_sold_date_sk=date_dim.d_date_sk#date_dim.d_moy,=,4.0,date_dim.d_year,=,2000.0,date_dim.d_moy,<=,7.0,date_dim.d_moy,>=,4.0#-482291837
catalog_sales,store_sales,date_dim,store_returns#store_sales.ss_item_sk=store_returns.sr_item_sk,store_sales.ss_ticket_number=store_returns.sr_ticket_number,store_sales.ss_customer_sk=store_returns.sr_customer_sk,store_returns.sr_customer_sk=catalog_sales.cs_bill_customer_sk,catalog_sales.cs_sold_date_sk=date_dim.d_date_sk,store_returns.sr_item_sk=catalog_sales.cs_item_sk,store_sales.ss_sold_date_sk=date_dim.d_date_sk#date_dim.d_moy,=,4.0,date_dim.d_year,IN,3.0,date_dim.d_year,=,2000.0#172999619
catalog_sales,store_sales,date_dim,store_returns#store_returns.sr_returned_date_sk=date_dim.d_date_sk,store_returns.sr_item_sk=store_sales.ss_item_sk,store_returns.sr_ticket_number=store_sales.ss_ticket_number,catalog_sales.cs_item_sk=store_returns.sr_item_sk,catalog_sales.cs_sold_date_sk=date_dim.d_date_sk,catalog_sales.cs_bill_customer_sk=store_returns.sr_customer_sk,store_returns.sr_customer_sk=store_sales.ss_customer_sk,store_sales.ss_sold_date_sk=date_dim.d_date_sk#date_dim.d_moy,=,4.0,date_dim.d_year,=,2000.0,date_dim.d_year,IN,3.0,date_dim.d_moy,<=,7.0,date_dim.d_moy,>=,4.0#1005998262
store,store_sales,date_dim,store_returns#store_sales.ss_item_sk=store_returns.sr_item_sk,store_sales.ss_ticket_number=store_returns.sr_ticket_number,store_returns.sr_returned_date_sk=date_dim.d_date_sk,store_sales.ss_customer_sk=store_returns.sr_customer_sk,store_sales.ss_store_sk=store.s_store_sk#date_dim.d_moy,<=,7.0,date_dim.d_year,=,2000.0,date_dim.d_moy,>=,4.0#-170844279
catalog_sales,store,store_sales,date_dim#catalog_sales.cs_sold_date_sk=date_dim.d_date_sk,store_sales.ss_item_sk=catalog_sales.cs_item_sk,store_sales.ss_customer_sk=catalog_sales.cs_bill_customer_sk,store_sales.ss_store_sk=store.s_store_sk#date_dim.d_year,IN,3.0#1960656568
store,catalog_sales,store_sales,date_dim,store_returns#store_returns.sr_returned_date_sk=date_dim.d_date_sk,store_returns.sr_item_sk=store_sales.ss_item_sk,store_returns.sr_ticket_number=store_sales.ss_ticket_number,store_sales.ss_store_sk=store.s_store_sk,store_returns.sr_customer_sk=catalog_sales.cs_bill_customer_sk,store_returns.sr_item_sk=catalog_sales.cs_item_sk,store_returns.sr_customer_sk=store_sales.ss_customer_sk#date_dim.d_moy,<=,7.0,date_dim.d_year,=,2000.0,date_dim.d_moy,>=,4.0#85286067
store,catalog_sales,store_sales,date_dim,store_returns#store_sales.ss_item_sk=store_returns.sr_item_sk,store_sales.ss_ticket_number=store_returns.sr_ticket_number,store_sales.ss_customer_sk=store_returns.sr_customer_sk,store_sales.ss_store_sk=store.s_store_sk,store_returns.sr_customer_sk=catalog_sales.cs_bill_customer_sk,catalog_sales.cs_sold_date_sk=date_dim.d_date_sk,store_returns.sr_item_sk=catalog_sales.cs_item_sk#date_dim.d_year,IN,3.0#1776660081
catalog_sales,store,store_sales,date_dim,store_returns#store_returns.sr_returned_date_sk=date_dim.d_date_sk,store_returns.sr_item_sk=store_sales.ss_item_sk,store_returns.sr_ticket_number=store_sales.ss_ticket_number,store_sales.ss_store_sk=store.s_store_sk,store_returns.sr_customer_sk=catalog_sales.cs_bill_customer_sk,store_returns.sr_item_sk=catalog_sales.cs_item_sk,date_dim.d_date_sk=catalog_sales.cs_sold_date_sk,store_returns.sr_customer_sk=store_sales.ss_customer_sk#date_dim.d_year,IN,3.0,date_dim.d_moy,<=,7.0,date_dim.d_year,=,2000.0,date_dim.d_moy,>=,4.0#1571009290
store,store_sales,date_dim,store_returns#store_returns.sr_returned_date_sk=date_dim.d_date_sk,store_returns.sr_item_sk=store_sales.ss_item_sk,store_returns.sr_ticket_number=store_sales.ss_ticket_number,store_sales.ss_sold_date_sk=date_dim.d_date_sk,store.s_store_sk=store_sales.ss_store_sk,store_returns.sr_customer_sk=store_sales.ss_customer_sk#date_dim.d_moy,=,4.0,date_dim.d_year,=,2000.0,date_dim.d_moy,<=,7.0,date_dim.d_moy,>=,4.0#1483058668
catalog_sales,store,store_sales,date_dim#catalog_sales.cs_item_sk=store_sales.ss_item_sk,catalog_sales.cs_bill_customer_sk=store_sales.ss_customer_sk,catalog_sales.cs_sold_date_sk=date_dim.d_date_sk,store.s_store_sk=store_sales.ss_store_sk,store_sales.ss_sold_date_sk=date_dim.d_date_sk#date_dim.d_moy,=,4.0,date_dim.d_year,IN,3.0,date_dim.d_year,=,2000.0#-956927633
store,catalog_sales,store_sales,date_dim,store_returns#store_returns.sr_returned_date_sk=date_dim.d_date_sk,store_returns.sr_item_sk=store_sales.ss_item_sk,store_returns.sr_ticket_number=store_sales.ss_ticket_number,store_returns.sr_customer_sk=catalog_sales.cs_bill_customer_sk,store_sales.ss_sold_date_sk=date_dim.d_date_sk,store_returns.sr_item_sk=catalog_sales.cs_item_sk,store.s_store_sk=store_sales.ss_store_sk,store_returns.sr_customer_sk=store_sales.ss_customer_sk#date_dim.d_moy,=,4.0,date_dim.d_year,=,2000.0,date_dim.d_moy,<=,7.0,date_dim.d_moy,>=,4.0#498382078
catalog_sales,store,store_sales,date_dim,store_returns#store_returns.sr_item_sk=store_sales.ss_item_sk,store_returns.sr_ticket_number=store_sales.ss_ticket_number,store_returns.sr_customer_sk=catalog_sales.cs_bill_customer_sk,store_sales.ss_sold_date_sk=date_dim.d_date_sk,catalog_sales.cs_sold_date_sk=date_dim.d_date_sk,store_returns.sr_item_sk=catalog_sales.cs_item_sk,store.s_store_sk=store_sales.ss_store_sk,store_returns.sr_customer_sk=store_sales.ss_customer_sk#date_dim.d_moy,=,4.0,date_dim.d_year,IN,3.0,date_dim.d_year,=,2000.0#820098854
store,catalog_sales,store_sales,date_dim,store_returns#store_returns.sr_returned_date_sk=date_dim.d_date_sk,catalog_sales.cs_item_sk=store_returns.sr_item_sk,catalog_sales.cs_bill_customer_sk=store_returns.sr_customer_sk,store.s_store_sk=store_sales.ss_store_sk,store_sales.ss_sold_date_sk=date_dim.d_date_sk,store_returns.sr_item_sk=store_sales.ss_item_sk,store_returns.sr_ticket_number=store_sales.ss_ticket_number,catalog_sales.cs_sold_date_sk=date_dim.d_date_sk,store_returns.sr_customer_sk=store_sales.ss_customer_sk#date_dim.d_moy,=,4.0,date_dim.d_year,=,2000.0,date_dim.d_year,IN,3.0,date_dim.d_moy,<=,7.0,date_dim.d_moy,>=,4.0#282293163
item,store_sales,date_dim,store_returns#store_sales.ss_item_sk=store_returns.sr_item_sk,store_sales.ss_ticket_number=store_returns.sr_ticket_number,store_returns.sr_returned_date_sk=date_dim.d_date_sk,store_sales.ss_customer_sk=store_returns.sr_customer_sk,store_returns.sr_item_sk=item.i_item_sk#date_dim.d_moy,<=,7.0,date_dim.d_year,=,2000.0,date_dim.d_moy,>=,4.0#1612039842
catalog_sales,item,store_sales,date_dim#catalog_sales.cs_sold_date_sk=date_dim.d_date_sk,store_sales.ss_item_sk=catalog_sales.cs_item_sk,store_sales.ss_customer_sk=catalog_sales.cs_bill_customer_sk,store_sales.ss_item_sk=item.i_item_sk#date_dim.d_year,IN,3.0#-1112210568
catalog_sales,item,store_sales,date_dim,store_returns#store_sales.ss_item_sk=store_returns.sr_item_sk,store_sales.ss_ticket_number=store_returns.sr_ticket_number,store_returns.sr_returned_date_sk=date_dim.d_date_sk,store_sales.ss_customer_sk=store_returns.sr_customer_sk,store_returns.sr_customer_sk=catalog_sales.cs_bill_customer_sk,store_sales.ss_item_sk=item.i_item_sk,store_returns.sr_item_sk=catalog_sales.cs_item_sk#date_dim.d_moy,<=,7.0,date_dim.d_year,=,2000.0,date_dim.d_moy,>=,4.0#43336119
catalog_sales,item,store_sales,date_dim,store_returns#store_sales.ss_item_sk=store_returns.sr_item_sk,store_sales.ss_ticket_number=store_returns.sr_ticket_number,store_sales.ss_customer_sk=store_returns.sr_customer_sk,store_sales.ss_item_sk=item.i_item_sk,store_returns.sr_customer_sk=catalog_sales.cs_bill_customer_sk,catalog_sales.cs_sold_date_sk=date_dim.d_date_sk,store_returns.sr_item_sk=catalog_sales.cs_item_sk#date_dim.d_year,IN,3.0#1832428627
catalog_sales,item,store_sales,date_dim,store_returns#store_sales.ss_item_sk=store_returns.sr_item_sk,store_sales.ss_ticket_number=store_returns.sr_ticket_number,store_returns.sr_returned_date_sk=date_dim.d_date_sk,store_sales.ss_customer_sk=store_returns.sr_customer_sk,catalog_sales.cs_item_sk=store_returns.sr_item_sk,store_sales.ss_item_sk=item.i_item_sk,catalog_sales.cs_bill_customer_sk=store_returns.sr_customer_sk,catalog_sales.cs_sold_date_sk=date_dim.d_date_sk#date_dim.d_year,IN,3.0,date_dim.d_moy,<=,7.0,date_dim.d_year,=,2000.0,date_dim.d_moy,>=,4.0#-2096438072
item,store_sales,date_dim,store_returns#store_sales.ss_item_sk=store_returns.sr_item_sk,store_sales.ss_ticket_number=store_returns.sr_ticket_number,store_returns.sr_returned_date_sk=date_dim.d_date_sk,store_sales.ss_customer_sk=store_returns.sr_customer_sk,store_returns.sr_item_sk=item.i_item_sk,store_sales.ss_sold_date_sk=date_dim.d_date_sk#date_dim.d_moy,=,4.0,date_dim.d_year,=,2000.0,date_dim.d_moy,<=,7.0,date_dim.d_moy,>=,4.0#-155064827
catalog_sales,item,store_sales,date_dim#store_sales.ss_item_sk=item.i_item_sk,catalog_sales.cs_sold_date_sk=date_dim.d_date_sk,store_sales.ss_item_sk=catalog_sales.cs_item_sk,store_sales.ss_customer_sk=catalog_sales.cs_bill_customer_sk,store_sales.ss_sold_date_sk=date_dim.d_date_sk#date_dim.d_moy,=,4.0,date_dim.d_year,IN,3.0,date_dim.d_year,=,2000.0#1221281909
catalog_sales,item,store_sales,date_dim,store_returns#store_returns.sr_returned_date_sk=date_dim.d_date_sk,store_returns.sr_item_sk=store_sales.ss_item_sk,store_returns.sr_ticket_number=store_sales.ss_ticket_number,store_returns.sr_item_sk=item.i_item_sk,store_returns.sr_customer_sk=catalog_sales.cs_bill_customer_sk,store_returns.sr_item_sk=catalog_sales.cs_item_sk,store_returns.sr_customer_sk=store_sales.ss_customer_sk,store_sales.ss_sold_date_sk=date_dim.d_date_sk#date_dim.d_moy,=,4.0,date_dim.d_year,=,2000.0,date_dim.d_moy,<=,7.0,date_dim.d_moy,>=,4.0#-432449137
catalog_sales,item,store_sales,date_dim,store_returns#store_sales.ss_item_sk=store_returns.sr_item_sk,store_sales.ss_ticket_number=store_returns.sr_ticket_number,store_sales.ss_customer_sk=store_returns.sr_customer_sk,store_sales.ss_item_sk=item.i_item_sk,store_returns.sr_customer_sk=catalog_sales.cs_bill_customer_sk,catalog_sales.cs_sold_date_sk=date_dim.d_date_sk,store_returns.sr_item_sk=catalog_sales.cs_item_sk,store_sales.ss_sold_date_sk=date_dim.d_date_sk#date_dim.d_moy,=,4.0,date_dim.d_year,IN,3.0,date_dim.d_year,=,2000.0#1675355090
catalog_sales,item,store_sales,date_dim,store_returns#store_returns.sr_returned_date_sk=date_dim.d_date_sk,catalog_sales.cs_item_sk=store_returns.sr_item_sk,catalog_sales.cs_bill_customer_sk=store_returns.sr_customer_sk,store_returns.sr_item_sk=item.i_item_sk,store_sales.ss_sold_date_sk=date_dim.d_date_sk,store_returns.sr_item_sk=store_sales.ss_item_sk,store_returns.sr_ticket_number=store_sales.ss_ticket_number,catalog_sales.cs_sold_date_sk=date_dim.d_date_sk,store_returns.sr_customer_sk=store_sales.ss_customer_sk#date_dim.d_moy,=,4.0,date_dim.d_year,=,2000.0,date_dim.d_year,IN,3.0,date_dim.d_moy,<=,7.0,date_dim.d_moy,>=,4.0#97427736
store,item,store_sales,date_dim,store_returns#store_sales.ss_item_sk=store_returns.sr_item_sk,store_sales.ss_ticket_number=store_returns.sr_ticket_number,store_returns.sr_returned_date_sk=date_dim.d_date_sk,store_sales.ss_customer_sk=store_returns.sr_customer_sk,store_sales.ss_store_sk=store.s_store_sk,store_returns.sr_item_sk=item.i_item_sk#date_dim.d_moy,<=,7.0,date_dim.d_year,=,2000.0,date_dim.d_moy,>=,4.0#839725557
store,catalog_sales,item,store_sales,date_dim#store.s_store_sk=store_sales.ss_store_sk,store_sales.ss_item_sk=item.i_item_sk,catalog_sales.cs_sold_date_sk=date_dim.d_date_sk,store_sales.ss_item_sk=catalog_sales.cs_item_sk,store_sales.ss_customer_sk=catalog_sales.cs_bill_customer_sk#date_dim.d_year,IN,3.0#-670301399
store,catalog_sales,item,store_sales,date_dim,store_returns#store_returns.sr_returned_date_sk=date_dim.d_date_sk,store_returns.sr_item_sk=store_sales.ss_item_sk,store_returns.sr_ticket_number=store_sales.ss_ticket_number,store_returns.sr_item_sk=item.i_item_sk,store_sales.ss_store_sk=store.s_store_sk,store_returns.sr_customer_sk=catalog_sales.cs_bill_customer_sk,store_returns.sr_item_sk=catalog_sales.cs_item_sk,store_returns.sr_customer_sk=store_sales.ss_customer_sk#date_dim.d_moy,<=,7.0,date_dim.d_year,=,2000.0,date_dim.d_moy,>=,4.0#1795337663
catalog_sales,store,item,store_sales,date_dim,store_returns#store_returns.sr_item_sk=store_sales.ss_item_sk,store_returns.sr_ticket_number=store_sales.ss_ticket_number,store_returns.sr_item_sk=item.i_item_sk,store_sales.ss_store_sk=store.s_store_sk,store_returns.sr_customer_sk=catalog_sales.cs_bill_customer_sk,catalog_sales.cs_sold_date_sk=date_dim.d_date_sk,store_returns.sr_item_sk=catalog_sales.cs_item_sk,store_returns.sr_customer_sk=store_sales.ss_customer_sk#date_dim.d_year,IN,3.0#-1268172289
catalog_sales,store,item,store_sales,date_dim,store_returns#store_returns.sr_returned_date_sk=date_dim.d_date_sk,store_sales.ss_store_sk=store.s_store_sk,store_returns.sr_item_sk=item.i_item_sk,store_returns.sr_item_sk=catalog_sales.cs_item_sk,store_returns.sr_item_sk=store_sales.ss_item_sk,store_returns.sr_ticket_number=store_sales.ss_ticket_number,store_returns.sr_customer_sk=catalog_sales.cs_bill_customer_sk,date_dim.d_date_sk=catalog_sales.cs_sold_date_sk,store_returns.sr_customer_sk=store_sales.ss_customer_sk#date_dim.d_year,IN,3.0,date_dim.d_moy,<=,7.0,date_dim.d_year,=,2000.0,date_dim.d_moy,>=,4.0#-1327001066
store,item,store_sales,date_dim,store_returns#store_sales.ss_item_sk=store_returns.sr_item_sk,store_sales.ss_ticket_number=store_returns.sr_ticket_number,store_returns.sr_returned_date_sk=date_dim.d_date_sk,store_sales.ss_customer_sk=store_returns.sr_customer_sk,store_returns.sr_item_sk=item.i_item_sk,store.s_store_sk=store_sales.ss_store_sk,store_sales.ss_sold_date_sk=date_dim.d_date_sk#date_dim.d_moy,=,4.0,date_dim.d_year,=,2000.0,date_dim.d_moy,<=,7.0,date_dim.d_moy,>=,4.0#-1896166542
catalog_sales,store,item,store_sales,date_dim#store_sales.ss_item_sk=item.i_item_sk,store.s_store_sk=store_sales.ss_store_sk,catalog_sales.cs_sold_date_sk=date_dim.d_date_sk,store_sales.ss_item_sk=catalog_sales.cs_item_sk,store_sales.ss_customer_sk=catalog_sales.cs_bill_customer_sk,store_sales.ss_sold_date_sk=date_dim.d_date_sk#date_dim.d_moy,=,4.0,date_dim.d_year,IN,3.0,date_dim.d_year,=,2000.0#-678517048
store,catalog_sales,item,store_sales,date_dim,store_returns#store_returns.sr_returned_date_sk=date_dim.d_date_sk,store_returns.sr_item_sk=item.i_item_sk,store_returns.sr_item_sk=catalog_sales.cs_item_sk,store.s_store_sk=store_sales.ss_store_sk,store_sales.ss_sold_date_sk=date_dim.d_date_sk,store_returns.sr_item_sk=store_sales.ss_item_sk,store_returns.sr_ticket_number=store_sales.ss_ticket_number,store_returns.sr_customer_sk=catalog_sales.cs_bill_customer_sk,store_returns.sr_customer_sk=store_sales.ss_customer_sk#date_dim.d_moy,=,4.0,date_dim.d_year,=,2000.0,date_dim.d_moy,<=,7.0,date_dim.d_moy,>=,4.0#-1413451150
catalog_sales,store,item,store_sales,date_dim,store_returns#store_sales.ss_item_sk=store_returns.sr_item_sk,store_sales.ss_customer_sk=store_returns.sr_customer_sk,store_sales.ss_item_sk=item.i_item_sk,store_returns.sr_item_sk=catalog_sales.cs_item_sk,store.s_store_sk=store_sales.ss_store_sk,store_sales.ss_sold_date_sk=date_dim.d_date_sk,store_sales.ss_ticket_number=store_returns.sr_ticket_number,store_returns.sr_customer_sk=catalog_sales.cs_bill_customer_sk,catalog_sales.cs_sold_date_sk=date_dim.d_date_sk#date_dim.d_moy,=,4.0,date_dim.d_year,IN,3.0,date_dim.d_year,=,2000.0#555737603
date_dim,store_returns#store_returns.sr_returned_date_sk=date_dim.d_date_sk#date_dim.d_moy,<=,7.0,date_dim.d_year,=,2000.0,date_dim.d_moy,>=,4.0#-1531105323
date_dim,store_sales#store_sales.ss_sold_date_sk=date_dim.d_date_sk#date_dim.d_moy,=,4.0,date_dim.d_year,=,2000.0#-1273976003
catalog_sales,date_dim#catalog_sales.cs_sold_date_sk=date_dim.d_date_sk#date_dim.d_year,IN,3.0#1693269245
date_dim,item,store_returns#item.i_item_sk=store_returns.sr_item_sk,store_returns.sr_returned_date_sk=date_dim.d_date_sk#date_dim.d_moy,<=,7.0,date_dim.d_year,=,2000.0,date_dim.d_moy,>=,4.0#1244697685
catalog_sales,item,date_dim,store_returns#item.i_item_sk=store_returns.sr_item_sk,store_returns.sr_returned_date_sk=date_dim.d_date_sk,store_returns.sr_customer_sk=catalog_sales.cs_bill_customer_sk,catalog_sales.cs_sold_date_sk=date_dim.d_date_sk,store_returns.sr_item_sk=catalog_sales.cs_item_sk#date_dim.d_year,IN,3.0,date_dim.d_moy,<=,7.0,date_dim.d_moy,>=,4.0,date_dim.d_year,=,2000.0#-725074108
store,date_dim,store_sales#store_sales.ss_sold_date_sk=date_dim.d_date_sk,store_sales.ss_store_sk=store.s_store_sk#date_dim.d_moy,=,4.0,date_dim.d_year,=,2000.0#1328273352
store,catalog_sales,item,store_sales,date_dim,store_returns#store_returns.sr_returned_date_sk=date_dim.d_date_sk,store_sales.ss_store_sk=store.s_store_sk,store_returns.sr_item_sk=catalog_sales.cs_item_sk,store_sales.ss_sold_date_sk=date_dim.d_date_sk,item.i_item_sk=store_returns.sr_item_sk,store_returns.sr_item_sk=store_sales.ss_item_sk,store_returns.sr_ticket_number=store_sales.ss_ticket_number,store_returns.sr_customer_sk=catalog_sales.cs_bill_customer_sk,catalog_sales.cs_sold_date_sk=date_dim.d_date_sk,store_returns.sr_customer_sk=store_sales.ss_customer_sk#date_dim.d_moy,=,4.0,date_dim.d_year,=,2000.0,date_dim.d_year,IN,3.0,date_dim.d_moy,<=,7.0,date_dim.d_moy,>=,4.0#1251307577
date_dim,item,store_sales#store_sales.ss_item_sk=item.i_item_sk,store_sales.ss_sold_date_sk=date_dim.d_date_sk#date_dim.d_year,=,2002.0#1747533472
store,store_sales#store_sales.ss_store_sk=store.s_store_sk#store.s_state,IN,7.0#1653873650
store,date_dim,store_sales#store_sales.ss_store_sk=store.s_store_sk,store_sales.ss_sold_date_sk=date_dim.d_date_sk#date_dim.d_year,=,2002.0,store.s_state,IN,7.0#-2027123709
store,item,store_sales#store_sales.ss_item_sk=item.i_item_sk,store_sales.ss_store_sk=store.s_store_sk#store.s_state,IN,7.0#83173983
store,store_sales#store_sales.ss_store_sk=store.s_store_sk#store.s_state,IN,7.0#-1850890252
store,date_dim,store_sales#store_sales.ss_store_sk=store.s_store_sk,store_sales.ss_sold_date_sk=date_dim.d_date_sk#date_dim.d_year,=,2002.0,store.s_state,IN,7.0#1530914823
store,item,store_sales,date_dim#store_sales.ss_item_sk=item.i_item_sk,store_sales.ss_store_sk=store.s_store_sk,store_sales.ss_sold_date_sk=date_dim.d_date_sk#date_dim.d_year,=,2002.0,store.s_state,IN,7.0#767380194
item#item.i_item_id=item.i_item_id#item.i_category,=,1.0#540370790
date_dim,store_sales#store_sales.ss_sold_date_sk=date_dim.d_date_sk#date_dim.d_moy,=,10.0,date_dim.d_year,=,2001.0#-1729376488
customer_address,store_sales#store_sales.ss_addr_sk=customer_address.ca_address_sk#customer_address.ca_gmt_offset,=,-5.0#-401001910
date_dim,customer_address,store_sales#store_sales.ss_addr_sk=customer_address.ca_address_sk,store_sales.ss_sold_date_sk=date_dim.d_date_sk#date_dim.d_moy,=,10.0,date_dim.d_year,=,2001.0,customer_address.ca_gmt_offset,=,-5.0#-2055377964
date_dim,item,store_sales#store_sales.ss_item_sk=item.i_item_sk,store_sales.ss_sold_date_sk=date_dim.d_date_sk#date_dim.d_moy,=,10.0,date_dim.d_year,=,2001.0#-174524667
customer_address,item,store_sales#store_sales.ss_addr_sk=customer_address.ca_address_sk,store_sales.ss_item_sk=item.i_item_sk#customer_address.ca_gmt_offset,=,-5.0#262968969
customer_address,item,store_sales,date_dim#store_sales.ss_addr_sk=customer_address.ca_address_sk,store_sales.ss_item_sk=item.i_item_sk,store_sales.ss_sold_date_sk=date_dim.d_date_sk#date_dim.d_moy,=,10.0,date_dim.d_year,=,2001.0,customer_address.ca_gmt_offset,=,-5.0#-401379693
item,store_sales#item.i_item_id=item.i_item_id,store_sales.ss_item_sk=item.i_item_sk#item.i_category,=,1.0#-77112881
date_dim,item,store_sales#item.i_item_id=item.i_item_id,store_sales.ss_item_sk=item.i_item_sk,store_sales.ss_sold_date_sk=date_dim.d_date_sk#date_dim.d_moy,=,10.0,item.i_category,=,1.0,date_dim.d_year,=,2001.0#1233972825
customer_address,item,store_sales#store_sales.ss_addr_sk=customer_address.ca_address_sk,store_sales.ss_item_sk=item.i_item_sk,item.i_item_id=item.i_item_id#item.i_category,=,1.0,customer_address.ca_gmt_offset,=,-5.0#141883709
catalog_sales,date_dim#catalog_sales.cs_sold_date_sk=date_dim.d_date_sk#date_dim.d_moy,=,10.0,date_dim.d_year,=,2001.0#1589320480
catalog_sales,customer_address#catalog_sales.cs_bill_addr_sk=customer_address.ca_address_sk#customer_address.ca_gmt_offset,=,-5.0#-1222369092
catalog_sales,customer_address,date_dim#catalog_sales.cs_bill_addr_sk=customer_address.ca_address_sk,catalog_sales.cs_sold_date_sk=date_dim.d_date_sk#date_dim.d_moy,=,10.0,date_dim.d_year,=,2001.0,customer_address.ca_gmt_offset,=,-5.0#1953832502
catalog_sales,date_dim,item#catalog_sales.cs_sold_date_sk=date_dim.d_date_sk,catalog_sales.cs_item_sk=item.i_item_sk#date_dim.d_moy,=,10.0,date_dim.d_year,=,2001.0#-22454019
catalog_sales,customer_address,item#catalog_sales.cs_bill_addr_sk=customer_address.ca_address_sk,catalog_sales.cs_item_sk=item.i_item_sk#customer_address.ca_gmt_offset,=,-5.0#622956663
catalog_sales,customer_address,item,date_dim#catalog_sales.cs_bill_addr_sk=customer_address.ca_address_sk,catalog_sales.cs_sold_date_sk=date_dim.d_date_sk,catalog_sales.cs_item_sk=item.i_item_sk#date_dim.d_moy,=,10.0,date_dim.d_year,=,2001.0,customer_address.ca_gmt_offset,=,-5.0#-916494223
catalog_sales,item#item.i_item_id=item.i_item_id,catalog_sales.cs_item_sk=item.i_item_sk#item.i_category,=,1.0#1791775463
catalog_sales,date_dim,item#item.i_item_id=item.i_item_id,catalog_sales.cs_sold_date_sk=date_dim.d_date_sk,item.i_item_sk=catalog_sales.cs_item_sk#item.i_category,=,1.0,date_dim.d_moy,=,10.0,date_dim.d_year,=,2001.0#-1872510557
catalog_sales,customer_address,item#item.i_item_id=item.i_item_id,catalog_sales.cs_bill_addr_sk=customer_address.ca_address_sk,catalog_sales.cs_item_sk=item.i_item_sk#item.i_category,=,1.0,customer_address.ca_gmt_offset,=,-5.0#141184271
date_dim,web_sales#web_sales.ws_sold_date_sk=date_dim.d_date_sk#date_dim.d_moy,=,10.0,date_dim.d_year,=,2001.0#-1063927474
customer_address,web_sales#web_sales.ws_bill_addr_sk=customer_address.ca_address_sk#customer_address.ca_gmt_offset,=,-5.0#-184655806
date_dim,customer_address,web_sales#web_sales.ws_sold_date_sk=date_dim.d_date_sk,web_sales.ws_bill_addr_sk=customer_address.ca_address_sk#date_dim.d_moy,=,10.0,date_dim.d_year,=,2001.0,customer_address.ca_gmt_offset,=,-5.0#343330796
date_dim,web_sales,item#web_sales.ws_sold_date_sk=date_dim.d_date_sk,web_sales.ws_item_sk=item.i_item_sk#date_dim.d_moy,=,10.0,date_dim.d_year,=,2001.0#1904668411
customer_address,web_sales,item#web_sales.ws_item_sk=item.i_item_sk,web_sales.ws_bill_addr_sk=customer_address.ca_address_sk#customer_address.ca_gmt_offset,=,-5.0#724332389
customer_address,web_sales,item,date_dim#web_sales.ws_sold_date_sk=date_dim.d_date_sk,web_sales.ws_item_sk=item.i_item_sk,web_sales.ws_bill_addr_sk=customer_address.ca_address_sk#date_dim.d_moy,=,10.0,date_dim.d_year,=,2001.0,customer_address.ca_gmt_offset,=,-5.0#198878607
item,web_sales#item.i_item_sk=web_sales.ws_item_sk,item.i_item_id=item.i_item_id#item.i_category,=,1.0#256790571
date_dim,web_sales,item#item.i_item_id=item.i_item_id,web_sales.ws_sold_date_sk=date_dim.d_date_sk,web_sales.ws_item_sk=item.i_item_sk#date_dim.d_moy,=,10.0,item.i_category,=,1.0,date_dim.d_year,=,2001.0#-1591818973
customer_address,web_sales,item#item.i_item_sk=web_sales.ws_item_sk,item.i_item_id=item.i_item_id,web_sales.ws_bill_addr_sk=customer_address.ca_address_sk#item.i_category,=,1.0,customer_address.ca_gmt_offset,=,-5.0#1167653615
date_dim,store_sales#store_sales.ss_sold_date_sk=date_dim.d_date_sk#date_dim.d_moy,=,10.0,date_dim.d_year,=,2001.0#666826522
item#item.i_item_id=item.i_item_id#item.i_category,=,1.0#985167764
catalog_sales,date_dim#catalog_sales.cs_sold_date_sk=date_dim.d_date_sk#date_dim.d_moy,=,10.0,date_dim.d_year,=,2001.0#-309443806
date_dim,web_sales#web_sales.ws_sold_date_sk=date_dim.d_date_sk#date_dim.d_moy,=,10.0,date_dim.d_year,=,2001.0#1922863372
date_dim,item,store_sales#item.i_item_id=item.i_item_id,store_sales.ss_item_sk=item.i_item_sk,store_sales.ss_sold_date_sk=date_dim.d_date_sk#date_dim.d_moy,=,10.0,item.i_category,=,1.0,date_dim.d_year,=,2001.0#-157313477
catalog_sales,date_dim,item#item.i_item_id=item.i_item_id,catalog_sales.cs_sold_date_sk=date_dim.d_date_sk,catalog_sales.cs_item_sk=item.i_item_sk#date_dim.d_moy,=,10.0,item.i_category,=,1.0,date_dim.d_year,=,2001.0#1403115331
date_dim,web_sales,item#item.i_item_id=item.i_item_id,web_sales.ws_sold_date_sk=date_dim.d_date_sk,web_sales.ws_item_sk=item.i_item_sk#date_dim.d_moy,=,10.0,item.i_category,=,1.0,date_dim.d_year,=,2001.0#-1543044251
customer_address,item,store_sales,date_dim#store_sales.ss_addr_sk=customer_address.ca_address_sk,store_sales.ss_item_sk=item.i_item_sk,item.i_item_id=item.i_item_id,store_sales.ss_sold_date_sk=date_dim.d_date_sk#date_dim.d_year,=,2001.0,date_dim.d_moy,=,10.0,item.i_category,=,1.0,customer_address.ca_gmt_offset,=,-5.0#-286945709
catalog_sales,customer_address,item,date_dim#item.i_item_id=item.i_item_id,catalog_sales.cs_bill_addr_sk=customer_address.ca_address_sk,catalog_sales.cs_sold_date_sk=date_dim.d_date_sk,catalog_sales.cs_item_sk=item.i_item_sk#date_dim.d_year,=,2001.0,date_dim.d_moy,=,10.0,item.i_category,=,1.0,customer_address.ca_gmt_offset,=,-5.0#-2060619919
customer_address,web_sales,item,date_dim#item.i_item_id=item.i_item_id,customer_address.ca_address_sk=web_sales.ws_bill_addr_sk,web_sales.ws_item_sk=item.i_item_sk,web_sales.ws_sold_date_sk=date_dim.d_date_sk#customer_address.ca_gmt_offset,=,-5.0,date_dim.d_moy,=,10.0,item.i_category,=,1.0,date_dim.d_year,=,2001.0#645606164
date_dim,store_sales#store_sales.ss_sold_date_sk=date_dim.d_date_sk#date_dim.d_year,=,1999.0,date_dim.d_moy,<=,5.0,date_dim.d_moy,>=,3.0#951219329
date_dim,web_sales#web_sales.ws_sold_date_sk=date_dim.d_date_sk#date_dim.d_year,=,1999.0,date_dim.d_moy,<=,5.0,date_dim.d_moy,>=,3.0#823150647
catalog_sales,date_dim#catalog_sales.cs_sold_date_sk=date_dim.d_date_sk#date_dim.d_year,=,1999.0,date_dim.d_moy,<=,5.0,date_dim.d_moy,>=,3.0#1853469321
customer_address,customer#customer.c_current_addr_sk=customer_address.ca_address_sk#customer_address.ca_state,IN,3.0#350350653
customer_address,customer,customer_demographics#customer.c_current_addr_sk=customer_address.ca_address_sk,customer.c_current_cdemo_sk=customer_demographics.cd_demo_sk#customer_address.ca_state,IN,3.0#75571819
date_dim,store_sales,customer#store_sales.ss_sold_date_sk=date_dim.d_date_sk,customer.c_customer_sk=store_sales.ss_customer_sk#date_dim.d_year,=,1999.0,date_dim.d_moy,<=,5.0,date_dim.d_moy,>=,3.0#1177098240
customer_address,store_sales,customer,date_dim#store_sales.ss_sold_date_sk=date_dim.d_date_sk,customer.c_current_addr_sk=customer_address.ca_address_sk,customer.c_customer_sk=store_sales.ss_customer_sk#date_dim.d_year,=,1999.0,date_dim.d_moy,<=,5.0,date_dim.d_moy,>=,3.0,customer_address.ca_state,IN,3.0#-1928766849
store_sales,customer,date_dim,customer_demographics#store_sales.ss_sold_date_sk=date_dim.d_date_sk,customer.c_current_cdemo_sk=customer_demographics.cd_demo_sk,customer.c_customer_sk=store_sales.ss_customer_sk#date_dim.d_year,=,1999.0,date_dim.d_moy,<=,5.0,date_dim.d_moy,>=,3.0#575717280
customer_address,store_sales,customer,date_dim,customer_demographics#store_sales.ss_sold_date_sk=date_dim.d_date_sk,customer.c_current_addr_sk=customer_address.ca_address_sk,customer.c_current_cdemo_sk=customer_demographics.cd_demo_sk,customer.c_customer_sk=store_sales.ss_customer_sk#date_dim.d_year,=,1999.0,date_dim.d_moy,<=,5.0,date_dim.d_moy,>=,3.0,customer_address.ca_state,IN,3.0#1202069793
date_dim,web_sales,customer#web_sales.ws_sold_date_sk=date_dim.d_date_sk,customer.c_customer_sk=web_sales.ws_bill_customer_sk#date_dim.d_year,=,1999.0,date_dim.d_moy,<=,5.0,date_dim.d_moy,>=,3.0#1846877556
customer_address,web_sales,customer,date_dim#customer.c_current_addr_sk=customer_address.ca_address_sk,web_sales.ws_sold_date_sk=date_dim.d_date_sk,customer.c_customer_sk=web_sales.ws_bill_customer_sk#date_dim.d_year,=,1999.0,date_dim.d_moy,<=,5.0,date_dim.d_moy,>=,3.0,customer_address.ca_state,IN,3.0#-1427124575
web_sales,customer,date_dim,customer_demographics#web_sales.ws_sold_date_sk=date_dim.d_date_sk,customer.c_customer_sk=web_sales.ws_bill_customer_sk,customer.c_current_cdemo_sk=customer_demographics.cd_demo_sk#date_dim.d_year,=,1999.0,date_dim.d_moy,<=,5.0,date_dim.d_moy,>=,3.0#1345024992
customer_address,web_sales,customer,date_dim,customer_demographics#customer.c_current_addr_sk=customer_address.ca_address_sk,web_sales.ws_sold_date_sk=date_dim.d_date_sk,customer.c_customer_sk=web_sales.ws_bill_customer_sk,customer.c_current_cdemo_sk=customer_demographics.cd_demo_sk#date_dim.d_year,=,1999.0,date_dim.d_moy,<=,5.0,date_dim.d_moy,>=,3.0,customer_address.ca_state,IN,3.0#-475138765
web_sales,store_sales,customer,date_dim#store_sales.ss_sold_date_sk=date_dim.d_date_sk,web_sales.ws_sold_date_sk=date_dim.d_date_sk,customer.c_customer_sk=web_sales.ws_bill_customer_sk,customer.c_customer_sk=store_sales.ss_customer_sk#date_dim.d_year,=,1999.0,date_dim.d_moy,>=,3.0,date_dim.d_moy,<=,5.0#-1149585610
customer_address,web_sales,store_sales,customer,date_dim#customer.c_customer_sk=store_sales.ss_customer_sk,customer.c_current_addr_sk=customer_address.ca_address_sk,web_sales.ws_sold_date_sk=date_dim.d_date_sk,customer.c_customer_sk=web_sales.ws_bill_customer_sk,store_sales.ss_sold_date_sk=date_dim.d_date_sk#date_dim.d_year,=,1999.0,date_dim.d_moy,>=,3.0,customer_address.ca_state,IN,3.0,date_dim.d_moy,<=,5.0#-752664745
web_sales,store_sales,customer,date_dim,customer_demographics#customer.c_current_cdemo_sk=customer_demographics.cd_demo_sk,customer.c_customer_sk=store_sales.ss_customer_sk,web_sales.ws_sold_date_sk=date_dim.d_date_sk,customer.c_customer_sk=web_sales.ws_bill_customer_sk,store_sales.ss_sold_date_sk=date_dim.d_date_sk#date_dim.d_year,=,1999.0,date_dim.d_moy,>=,3.0,date_dim.d_moy,<=,5.0#-1294072298
customer_address,web_sales,store_sales,customer,date_dim,customer_demographics#customer.c_current_cdemo_sk=customer_demographics.cd_demo_sk,customer.c_customer_sk=store_sales.ss_customer_sk,customer.c_current_addr_sk=customer_address.ca_address_sk,web_sales.ws_sold_date_sk=date_dim.d_date_sk,customer.c_customer_sk=web_sales.ws_bill_customer_sk,store_sales.ss_sold_date_sk=date_dim.d_date_sk#date_dim.d_year,=,1999.0,date_dim.d_moy,>=,3.0,customer_address.ca_state,IN,3.0,date_dim.d_moy,<=,5.0#-529331723
catalog_sales,date_dim,customer#customer.c_customer_sk=catalog_sales.cs_ship_customer_sk,catalog_sales.cs_sold_date_sk=date_dim.d_date_sk#date_dim.d_year,=,1999.0,date_dim.d_moy,<=,5.0,date_dim.d_moy,>=,3.0#692748765
catalog_sales,customer_address,customer,date_dim#customer.c_customer_sk=catalog_sales.cs_ship_customer_sk,catalog_sales.cs_sold_date_sk=date_dim.d_date_sk,customer.c_current_addr_sk=customer_address.ca_address_sk#date_dim.d_year,=,1999.0,date_dim.d_moy,<=,5.0,date_dim.d_moy,>=,3.0,customer_address.ca_state,IN,3.0#1279439026
catalog_sales,customer,date_dim,customer_demographics#customer.c_customer_sk=catalog_sales.cs_ship_customer_sk,catalog_sales.cs_sold_date_sk=date_dim.d_date_sk,customer.c_current_cdemo_sk=customer_demographics.cd_demo_sk#date_dim.d_year,=,1999.0,date_dim.d_moy,<=,5.0,date_dim.d_moy,>=,3.0#-675771117
catalog_sales,customer_address,customer,date_dim,customer_demographics#customer.c_customer_sk=catalog_sales.cs_ship_customer_sk,catalog_sales.cs_sold_date_sk=date_dim.d_date_sk,customer.c_current_addr_sk=customer_address.ca_address_sk,customer.c_current_cdemo_sk=customer_demographics.cd_demo_sk#date_dim.d_year,=,1999.0,date_dim.d_moy,<=,5.0,date_dim.d_moy,>=,3.0,customer_address.ca_state,IN,3.0#-883721346
catalog_sales,store_sales,customer,date_dim#customer.c_customer_sk=catalog_sales.cs_ship_customer_sk,store_sales.ss_sold_date_sk=date_dim.d_date_sk,catalog_sales.cs_sold_date_sk=date_dim.d_date_sk,customer.c_customer_sk=store_sales.ss_customer_sk#date_dim.d_year,=,1999.0,date_dim.d_moy,>=,3.0,date_dim.d_moy,<=,5.0#394622355
catalog_sales,customer_address,store_sales,customer,date_dim#customer.c_customer_sk=store_sales.ss_customer_sk,customer.c_customer_sk=catalog_sales.cs_ship_customer_sk,catalog_sales.cs_sold_date_sk=date_dim.d_date_sk,customer.c_current_addr_sk=customer_address.ca_address_sk,store_sales.ss_sold_date_sk=date_dim.d_date_sk#date_dim.d_year,=,1999.0,date_dim.d_moy,>=,3.0,customer_address.ca_state,IN,3.0,date_dim.d_moy,<=,5.0#510125044
catalog_sales,store_sales,customer,date_dim,customer_demographics#customer.c_current_cdemo_sk=customer_demographics.cd_demo_sk,customer.c_customer_sk=store_sales.ss_customer_sk,customer.c_customer_sk=catalog_sales.cs_ship_customer_sk,catalog_sales.cs_sold_date_sk=date_dim.d_date_sk,store_sales.ss_sold_date_sk=date_dim.d_date_sk#date_dim.d_year,=,1999.0,date_dim.d_moy,>=,3.0,date_dim.d_moy,<=,5.0#1665388245
catalog_sales,customer_address,store_sales,customer,date_dim,customer_demographics#customer.c_current_cdemo_sk=customer_demographics.cd_demo_sk,customer.c_customer_sk=store_sales.ss_customer_sk,customer.c_customer_sk=catalog_sales.cs_ship_customer_sk,catalog_sales.cs_sold_date_sk=date_dim.d_date_sk,customer.c_current_addr_sk=customer_address.ca_address_sk,store_sales.ss_sold_date_sk=date_dim.d_date_sk#date_dim.d_year,=,1999.0,date_dim.d_moy,>=,3.0,customer_address.ca_state,IN,3.0,date_dim.d_moy,<=,5.0#-37202892
catalog_sales,web_sales,customer,date_dim#customer.c_customer_sk=catalog_sales.cs_ship_customer_sk,catalog_sales.cs_sold_date_sk=date_dim.d_date_sk,web_sales.ws_sold_date_sk=date_dim.d_date_sk,customer.c_customer_sk=web_sales.ws_bill_customer_sk#date_dim.d_year,=,1999.0,date_dim.d_moy,>=,3.0,date_dim.d_moy,<=,5.0#-1570281559
catalog_sales,customer_address,web_sales,customer,date_dim#customer.c_customer_sk=catalog_sales.cs_ship_customer_sk,catalog_sales.cs_sold_date_sk=date_dim.d_date_sk,customer.c_current_addr_sk=customer_address.ca_address_sk,web_sales.ws_sold_date_sk=date_dim.d_date_sk,customer.c_customer_sk=web_sales.ws_bill_customer_sk#date_dim.d_year,=,1999.0,date_dim.d_moy,>=,3.0,customer_address.ca_state,IN,3.0,date_dim.d_moy,<=,5.0#-631859532
catalog_sales,web_sales,customer,date_dim,customer_demographics#customer.c_customer_sk=catalog_sales.cs_ship_customer_sk,catalog_sales.cs_sold_date_sk=date_dim.d_date_sk,web_sales.ws_sold_date_sk=date_dim.d_date_sk,customer.c_customer_sk=web_sales.ws_bill_customer_sk,customer.c_current_cdemo_sk=customer_demographics.cd_demo_sk#date_dim.d_year,=,1999.0,date_dim.d_moy,>=,3.0,date_dim.d_moy,<=,5.0#-1041613261
catalog_sales,customer_address,web_sales,customer,date_dim,customer_demographics#customer.c_customer_sk=catalog_sales.cs_ship_customer_sk,catalog_sales.cs_sold_date_sk=date_dim.d_date_sk,customer.c_current_addr_sk=customer_address.ca_address_sk,web_sales.ws_sold_date_sk=date_dim.d_date_sk,customer.c_customer_sk=web_sales.ws_bill_customer_sk,customer.c_current_cdemo_sk=customer_demographics.cd_demo_sk#date_dim.d_year,=,1999.0,date_dim.d_moy,>=,3.0,customer_address.ca_state,IN,3.0,date_dim.d_moy,<=,5.0#1398553064
catalog_sales,web_sales,store_sales,customer,date_dim#customer.c_customer_sk=store_sales.ss_customer_sk,customer.c_customer_sk=catalog_sales.cs_ship_customer_sk,catalog_sales.cs_sold_date_sk=date_dim.d_date_sk,web_sales.ws_sold_date_sk=date_dim.d_date_sk,customer.c_customer_sk=web_sales.ws_bill_customer_sk,store_sales.ss_sold_date_sk=date_dim.d_date_sk#date_dim.d_year,=,1999.0,date_dim.d_moy,>=,3.0,date_dim.d_moy,<=,5.0#-1660467349
catalog_sales,customer_address,web_sales,store_sales,customer,date_dim#customer.c_customer_sk=store_sales.ss_customer_sk,customer.c_customer_sk=catalog_sales.cs_ship_customer_sk,catalog_sales.cs_sold_date_sk=date_dim.d_date_sk,customer.c_current_addr_sk=customer_address.ca_address_sk,web_sales.ws_sold_date_sk=date_dim.d_date_sk,customer.c_customer_sk=web_sales.ws_bill_customer_sk,store_sales.ss_sold_date_sk=date_dim.d_date_sk#date_dim.d_year,=,1999.0,date_dim.d_moy,>=,3.0,customer_address.ca_state,IN,3.0,date_dim.d_moy,<=,5.0#-619454102
catalog_sales,web_sales,store_sales,customer,date_dim,customer_demographics#customer.c_current_cdemo_sk=customer_demographics.cd_demo_sk,customer.c_customer_sk=store_sales.ss_customer_sk,customer.c_customer_sk=catalog_sales.cs_ship_customer_sk,catalog_sales.cs_sold_date_sk=date_dim.d_date_sk,web_sales.ws_sold_date_sk=date_dim.d_date_sk,customer.c_customer_sk=web_sales.ws_bill_customer_sk,store_sales.ss_sold_date_sk=date_dim.d_date_sk#date_dim.d_year,=,1999.0,date_dim.d_moy,>=,3.0,date_dim.d_moy,<=,5.0#417344105
customer_address,customer#customer.c_current_addr_sk=customer_address.ca_address_sk#customer_address.ca_state,IN,3.0#-503567365
customer_address,customer,customer_demographics#customer_demographics.cd_demo_sk=customer.c_current_cdemo_sk,customer.c_current_addr_sk=customer_address.ca_address_sk#customer_address.ca_state,IN,3.0#1615609509
date_dim,web_sales#web_sales.ws_sold_date_sk=date_dim.d_date_sk#date_dim.d_year,=,1999.0,date_dim.d_moy,<=,5.0,date_dim.d_moy,>=,3.0#-244036747
customer_address,web_sales,customer,date_dim,customer_demographics#customer_demographics.cd_demo_sk=customer.c_current_cdemo_sk,customer.c_current_addr_sk=customer_address.ca_address_sk,web_sales.ws_sold_date_sk=date_dim.d_date_sk,customer.c_customer_sk=web_sales.ws_bill_customer_sk#date_dim.d_year,=,1999.0,date_dim.d_moy,<=,5.0,date_dim.d_moy,>=,3.0,customer_address.ca_state,IN,3.0#-373558423
catalog_sales,date_dim#catalog_sales.cs_sold_date_sk=date_dim.d_date_sk#date_dim.d_year,=,1999.0,date_dim.d_moy,<=,5.0,date_dim.d_moy,>=,3.0#-1164568821
catalog_sales,customer_address,web_sales,customer,date_dim,customer_demographics#customer.c_customer_sk=catalog_sales.cs_ship_customer_sk,customer_demographics.cd_demo_sk=customer.c_current_cdemo_sk,catalog_sales.cs_sold_date_sk=date_dim.d_date_sk,customer.c_current_addr_sk=customer_address.ca_address_sk,web_sales.ws_sold_date_sk=date_dim.d_date_sk,customer.c_customer_sk=web_sales.ws_bill_customer_sk#date_dim.d_year,=,1999.0,date_dim.d_moy,>=,3.0,customer_address.ca_state,IN,3.0,date_dim.d_moy,<=,5.0#933287946
date_dim,store_sales#store_sales.ss_sold_date_sk=date_dim.d_date_sk#date_dim.d_year,=,1999.0,date_dim.d_moy,<=,5.0,date_dim.d_moy,>=,3.0#-2066818813
catalog_sales,customer_address,web_sales,store_sales,customer,date_dim,customer_demographics#customer.c_customer_sk=store_sales.ss_customer_sk,customer.c_customer_sk=catalog_sales.cs_ship_customer_sk,customer_demographics.cd_demo_sk=customer.c_current_cdemo_sk,catalog_sales.cs_sold_date_sk=date_dim.d_date_sk,customer.c_current_addr_sk=customer_address.ca_address_sk,web_sales.ws_sold_date_sk=date_dim.d_date_sk,customer.c_customer_sk=web_sales.ws_bill_customer_sk,store_sales.ss_sold_date_sk=date_dim.d_date_sk#date_dim.d_year,=,1999.0,date_dim.d_moy,>=,3.0,customer_address.ca_state,IN,3.0,date_dim.d_moy,<=,5.0#-429374308
date_dim,store_sales#store_sales.ss_sold_date_sk=date_dim.d_date_sk#date_dim.d_date,>=,967334400.0,date_dim.d_date,<=,969926400.0#-1162827637
date_dim,store_returns#store_returns.sr_returned_date_sk=date_dim.d_date_sk#date_dim.d_date,>=,967334400.0,date_dim.d_date,<=,969926400.0#2034335491
store,store_returns#store_returns.sr_store_sk=store.s_store_sk##975396122
date_dim,web_sales#web_sales.ws_sold_date_sk=date_dim.d_date_sk#date_dim.d_date,>=,967334400.0,date_dim.d_date,<=,969926400.0#1258379329
web_page,web_sales#web_sales.ws_web_page_sk=web_page.wp_web_page_sk##-1948505327
date_dim,web_returns#web_returns.wr_returned_date_sk=date_dim.d_date_sk#date_dim.d_date,>=,967334400.0,date_dim.d_date,<=,969926400.0#-468400708
web_page,web_returns#web_returns.wr_web_page_sk=web_page.wp_web_page_sk##220818871
date_dim,store_sales#store_sales.ss_sold_date_sk=date_dim.d_date_sk#store_sales.ss_store_sk,!=,0,date_dim.d_date,>=,967334400.0,date_dim.d_date,<=,969926400.0#1097609506
date_dim,store_returns#store_returns.sr_returned_date_sk=date_dim.d_date_sk#date_dim.d_date,>=,967334400.0,date_dim.d_date,<=,969926400.0,store_returns.sr_store_sk,!=,0#-841519072
catalog_sales,date_dim#catalog_sales.cs_sold_date_sk=date_dim.d_date_sk#date_dim.d_date,>=,967334400.0,date_dim.d_date,<=,969926400.0#329772821
date_dim,catalog_returns#catalog_returns.cr_returned_date_sk=date_dim.d_date_sk#date_dim.d_date,>=,967334400.0,date_dim.d_date,<=,969926400.0#1138971020
date_dim,web_sales#web_sales.ws_sold_date_sk=date_dim.d_date_sk#date_dim.d_date,>=,967334400.0,date_dim.d_date,<=,969926400.0,web_sales.ws_web_page_sk,!=,0#-1819144685
date_dim,web_returns#web_returns.wr_returned_date_sk=date_dim.d_date_sk#web_returns.wr_web_page_sk,!=,0,date_dim.d_date,>=,967334400.0,date_dim.d_date,<=,969926400.0#455228724
store_returns,customer_demographics#store_returns.sr_cdemo_sk=customer_demographics.cd_demo_sk##-1731736776
income_band,household_demographics#household_demographics.hd_income_band_sk=income_band.ib_income_band_sk#income_band.ib_upper_bound,<=,66807.0,income_band.ib_lower_bound,>=,16807.0#1264047751
customer_address,customer#customer.c_current_addr_sk=customer_address.ca_address_sk#customer_address.ca_city,=,1.0#-184732562
customer_address,customer,customer_demographics#customer.c_current_addr_sk=customer_address.ca_address_sk,customer.c_current_cdemo_sk=customer_demographics.cd_demo_sk#customer_address.ca_city,=,1.0#-471246054
customer,household_demographics#customer.c_current_hdemo_sk=household_demographics.hd_demo_sk##926140935
customer_address,customer,household_demographics#customer.c_current_hdemo_sk=household_demographics.hd_demo_sk,customer.c_current_addr_sk=customer_address.ca_address_sk#customer_address.ca_city,=,1.0#-1201911599
customer,customer_demographics,household_demographics#customer.c_current_hdemo_sk=household_demographics.hd_demo_sk,customer.c_current_cdemo_sk=customer_demographics.cd_demo_sk##1074227841
customer_address,customer,customer_demographics,household_demographics#customer.c_current_hdemo_sk=household_demographics.hd_demo_sk,customer.c_current_addr_sk=customer_address.ca_address_sk,customer.c_current_cdemo_sk=customer_demographics.cd_demo_sk#customer_address.ca_city,=,1.0#1484516055
store_returns,customer#store_returns.sr_cdemo_sk=customer.c_current_cdemo_sk##-1209825392
customer_address,store_returns,customer#customer.c_current_cdemo_sk=store_returns.sr_cdemo_sk,customer.c_current_addr_sk=customer_address.ca_address_sk#customer_address.ca_city,=,1.0#949274898
store_returns,customer,customer_demographics#customer.c_current_cdemo_sk=customer_demographics.cd_demo_sk,customer_demographics.cd_demo_sk=store_returns.sr_cdemo_sk##-1086824641
customer_address,customer,store_returns,customer_demographics#customer.c_current_addr_sk=customer_address.ca_address_sk,customer.c_current_cdemo_sk=customer_demographics.cd_demo_sk,customer_demographics.cd_demo_sk=store_returns.sr_cdemo_sk#customer_address.ca_city,=,1.0#-649916689
store_returns,customer,household_demographics#customer.c_current_hdemo_sk=household_demographics.hd_demo_sk,customer.c_current_cdemo_sk=store_returns.sr_cdemo_sk##1581767455
customer_address,customer,store_returns,household_demographics#customer.c_current_hdemo_sk=household_demographics.hd_demo_sk,customer.c_current_cdemo_sk=store_returns.sr_cdemo_sk,customer.c_current_addr_sk=customer_address.ca_address_sk#customer_address.ca_city,=,1.0#1680163375
customer,store_returns,customer_demographics,household_demographics#customer_demographics.cd_demo_sk=customer.c_current_cdemo_sk,customer.c_current_hdemo_sk=household_demographics.hd_demo_sk,store_returns.sr_cdemo_sk=customer_demographics.cd_demo_sk##2025395128
customer_address,customer,store_returns,customer_demographics,household_demographics#customer.c_current_hdemo_sk=household_demographics.hd_demo_sk,customer.c_current_addr_sk=customer_address.ca_address_sk,customer.c_current_cdemo_sk=customer_demographics.cd_demo_sk,customer_demographics.cd_demo_sk=store_returns.sr_cdemo_sk#customer_address.ca_city,=,1.0#1256793900
income_band,customer,household_demographics#household_demographics.hd_income_band_sk=income_band.ib_income_band_sk,customer.c_current_hdemo_sk=household_demographics.hd_demo_sk#income_band.ib_upper_bound,<=,66807.0,income_band.ib_lower_bound,>=,16807.0#-1088924524
customer_address,income_band,customer,household_demographics#household_demographics.hd_income_band_sk=income_band.ib_income_band_sk,customer.c_current_hdemo_sk=household_demographics.hd_demo_sk,customer.c_current_addr_sk=customer_address.ca_address_sk#income_band.ib_lower_bound,>=,16807.0,customer_address.ca_city,=,1.0,income_band.ib_upper_bound,<=,66807.0#1094385198
income_band,customer,customer_demographics,household_demographics#household_demographics.hd_income_band_sk=income_band.ib_income_band_sk,customer.c_current_hdemo_sk=household_demographics.hd_demo_sk,customer.c_current_cdemo_sk=customer_demographics.cd_demo_sk#income_band.ib_upper_bound,<=,66807.0,income_band.ib_lower_bound,>=,16807.0#-700119500
customer_address,income_band,customer,customer_demographics,household_demographics#household_demographics.hd_income_band_sk=income_band.ib_income_band_sk,customer.c_current_hdemo_sk=household_demographics.hd_demo_sk,customer.c_current_addr_sk=customer_address.ca_address_sk,customer.c_current_cdemo_sk=customer_demographics.cd_demo_sk#customer_address.ca_city,=,1.0,income_band.ib_upper_bound,<=,66807.0,income_band.ib_lower_bound,>=,16807.0#-675160636
income_band,customer,store_returns,household_demographics#household_demographics.hd_income_band_sk=income_band.ib_income_band_sk,customer.c_current_hdemo_sk=household_demographics.hd_demo_sk,customer.c_current_cdemo_sk=store_returns.sr_cdemo_sk#income_band.ib_upper_bound,<=,66807.0,income_band.ib_lower_bound,>=,16807.0#-1053038228
customer_address,income_band,customer,store_returns,household_demographics#household_demographics.hd_income_band_sk=income_band.ib_income_band_sk,customer.c_current_hdemo_sk=household_demographics.hd_demo_sk,customer.c_current_cdemo_sk=store_returns.sr_cdemo_sk,customer.c_current_addr_sk=customer_address.ca_address_sk#customer_address.ca_city,=,1.0,income_band.ib_upper_bound,<=,66807.0,income_band.ib_lower_bound,>=,16807.0#-833263252
income_band,customer,store_returns,customer_demographics,household_demographics#customer_demographics.cd_demo_sk=customer.c_current_cdemo_sk,customer.c_current_hdemo_sk=household_demographics.hd_demo_sk,household_demographics.hd_income_band_sk=income_band.ib_income_band_sk,store_returns.sr_cdemo_sk=customer_demographics.cd_demo_sk#income_band.ib_upper_bound,<=,66807.0,income_band.ib_lower_bound,>=,16807.0#1182073247
customer_address,income_band,customer,household_demographics#household_demographics.hd_income_band_sk=income_band.ib_income_band_sk,customer.c_current_hdemo_sk=household_demographics.hd_demo_sk,customer.c_current_addr_sk=customer_address.ca_address_sk#customer.c_current_cdemo_sk,!=,0,customer_address.ca_city,=,1.0,income_band.ib_upper_bound,<=,66807.0,income_band.ib_lower_bound,>=,16807.0#131112462
customer_address,customer#customer.c_current_addr_sk=customer_address.ca_address_sk#customer.c_current_cdemo_sk,!=,0,customer_address.ca_city,=,1.0#-843913520
income_band,household_demographics#household_demographics.hd_income_band_sk=income_band.ib_income_band_sk#income_band.ib_upper_bound,<=,66807.0,income_band.ib_lower_bound,>=,16807.0#1022500677
customer_address,income_band,customer,store_returns,household_demographics#household_demographics.hd_income_band_sk=income_band.ib_income_band_sk,customer.c_current_hdemo_sk=household_demographics.hd_demo_sk,customer.c_current_cdemo_sk=store_returns.sr_cdemo_sk,customer.c_current_addr_sk=customer_address.ca_address_sk#customer.c_current_cdemo_sk,!=,0,customer_address.ca_city,=,1.0,income_band.ib_upper_bound,<=,66807.0,income_band.ib_lower_bound,>=,16807.0#1455987672
web_sales,item#web_sales.ws_item_sk=item.i_item_sk#item.i_manufact_id,=,74.0#220201193
date_dim,web_sales#web_sales.ws_sold_date_sk=date_dim.d_date_sk#date_dim.d_date,<=,954979200.0,date_dim.d_date,>=,947203200.0#825632082
date_dim,web_sales,item#web_sales.ws_sold_date_sk=date_dim.d_date_sk,web_sales.ws_item_sk=item.i_item_sk#date_dim.d_date,<=,954979200.0,item.i_manufact_id,=,74.0,date_dim.d_date,>=,947203200.0#-832946229
date_dim,web_sales#web_sales.ws_sold_date_sk=date_dim.d_date_sk#date_dim.d_date,<=,954979200.0,date_dim.d_date,>=,947203200.0#-472050092
date_dim,web_sales,item#web_sales.ws_sold_date_sk=date_dim.d_date_sk,web_sales.ws_item_sk=item.i_item_sk#date_dim.d_date,<=,954979200.0,item.i_manufact_id,=,74.0,date_dim.d_date,>=,947203200.0#789735195
catalog_sales,date_dim#catalog_sales.cs_ship_date_sk=date_dim.d_date_sk#date_dim.d_date,<=,957052800.0,date_dim.d_date,>=,951868800.0#-1417059540
catalog_sales,customer_address#catalog_sales.cs_ship_addr_sk=customer_address.ca_address_sk#customer_address.ca_state,=,1.0#933307277
catalog_sales,customer_address,date_dim#catalog_sales.cs_ship_date_sk=date_dim.d_date_sk,catalog_sales.cs_ship_addr_sk=customer_address.ca_address_sk#date_dim.d_date,<=,957052800.0,customer_address.ca_state,=,1.0,date_dim.d_date,>=,951868800.0#665983665
catalog_sales,call_center#call_center.cc_call_center_sk=catalog_sales.cs_call_center_sk#call_center.cc_county,IN,5.0#628097042
catalog_sales,date_dim,call_center#catalog_sales.cs_ship_date_sk=date_dim.d_date_sk,call_center.cc_call_center_sk=catalog_sales.cs_call_center_sk#date_dim.d_date,<=,957052800.0,call_center.cc_county,IN,5.0,date_dim.d_date,>=,951868800.0#1988487144
catalog_sales,customer_address,call_center#call_center.cc_call_center_sk=catalog_sales.cs_call_center_sk,catalog_sales.cs_ship_addr_sk=customer_address.ca_address_sk#customer_address.ca_state,=,1.0,call_center.cc_county,IN,5.0#756064791
catalog_sales,customer_address,date_dim,call_center#catalog_sales.cs_ship_date_sk=date_dim.d_date_sk,call_center.cc_call_center_sk=catalog_sales.cs_call_center_sk,catalog_sales.cs_ship_addr_sk=customer_address.ca_address_sk#date_dim.d_date,<=,957052800.0,customer_address.ca_state,=,1.0,call_center.cc_county,IN,5.0,date_dim.d_date,>=,951868800.0#1355879643
catalog_sales#catalog_sales.cs_warehouse_sk=catalog_sales.cs_warehouse_sk,catalog_sales.cs_order_number=catalog_sales.cs_order_number##1557090667
catalog_sales,date_dim#catalog_sales.cs_warehouse_sk=catalog_sales.cs_warehouse_sk,catalog_sales.cs_order_number=catalog_sales.cs_order_number,catalog_sales.cs_ship_date_sk=date_dim.d_date_sk#date_dim.d_date,<=,957052800.0,date_dim.d_date,>=,951868800.0#1293920929
catalog_sales,customer_address#catalog_sales.cs_warehouse_sk=catalog_sales.cs_warehouse_sk,catalog_sales.cs_order_number=catalog_sales.cs_order_number,catalog_sales.cs_ship_addr_sk=customer_address.ca_address_sk#customer_address.ca_state,=,1.0#-1334410082
catalog_sales,customer_address,date_dim#catalog_sales.cs_warehouse_sk=catalog_sales.cs_warehouse_sk,catalog_sales.cs_order_number=catalog_sales.cs_order_number,catalog_sales.cs_ship_date_sk=date_dim.d_date_sk,catalog_sales.cs_ship_addr_sk=customer_address.ca_address_sk#date_dim.d_date,<=,957052800.0,customer_address.ca_state,=,1.0,date_dim.d_date,>=,951868800.0#1040978534
catalog_sales,call_center#catalog_sales.cs_warehouse_sk=catalog_sales.cs_warehouse_sk,catalog_sales.cs_order_number=catalog_sales.cs_order_number,call_center.cc_call_center_sk=catalog_sales.cs_call_center_sk#call_center.cc_county,IN,5.0#52738567
catalog_sales,date_dim,call_center#catalog_sales.cs_warehouse_sk=catalog_sales.cs_warehouse_sk,catalog_sales.cs_order_number=catalog_sales.cs_order_number,catalog_sales.cs_ship_date_sk=date_dim.d_date_sk,call_center.cc_call_center_sk=catalog_sales.cs_call_center_sk#date_dim.d_date,<=,957052800.0,call_center.cc_county,IN,5.0,date_dim.d_date,>=,951868800.0#278197241
catalog_sales,customer_address,call_center#catalog_sales.cs_warehouse_sk=catalog_sales.cs_warehouse_sk,catalog_sales.cs_order_number=catalog_sales.cs_order_number,call_center.cc_call_center_sk=catalog_sales.cs_call_center_sk,catalog_sales.cs_ship_addr_sk=customer_address.ca_address_sk#customer_address.ca_state,=,1.0,call_center.cc_county,IN,5.0#-1219396980
catalog_sales,customer_address,date_dim,call_center#catalog_sales.cs_ship_date_sk=date_dim.d_date_sk,call_center.cc_call_center_sk=catalog_sales.cs_call_center_sk,catalog_sales.cs_warehouse_sk=catalog_sales.cs_warehouse_sk,catalog_sales.cs_order_number=catalog_sales.cs_order_number,catalog_sales.cs_ship_addr_sk=customer_address.ca_address_sk#date_dim.d_date,<=,957052800.0,customer_address.ca_state,=,1.0,call_center.cc_county,IN,5.0,date_dim.d_date,>=,951868800.0#2092192428
catalog_sales,catalog_returns#catalog_sales.cs_order_number=catalog_returns.cr_order_number##1896525296
catalog_sales,date_dim,catalog_returns#catalog_sales.cs_ship_date_sk=date_dim.d_date_sk,catalog_sales.cs_order_number=catalog_returns.cr_order_number#date_dim.d_date,<=,957052800.0,date_dim.d_date,>=,951868800.0#21815162
catalog_sales,customer_address,catalog_returns#catalog_sales.cs_order_number=catalog_returns.cr_order_number,catalog_sales.cs_ship_addr_sk=customer_address.ca_address_sk#customer_address.ca_state,=,1.0#685996853
catalog_sales,customer_address,date_dim,catalog_returns#catalog_sales.cs_ship_date_sk=date_dim.d_date_sk,catalog_sales.cs_ship_addr_sk=customer_address.ca_address_sk,catalog_sales.cs_order_number=catalog_returns.cr_order_number#date_dim.d_date,<=,957052800.0,customer_address.ca_state,=,1.0,date_dim.d_date,>=,951868800.0#-750732523
catalog_sales,catalog_returns,call_center#call_center.cc_call_center_sk=catalog_sales.cs_call_center_sk,catalog_sales.cs_order_number=catalog_returns.cr_order_number#call_center.cc_county,IN,5.0#1970555732
catalog_sales,date_dim,catalog_returns,call_center#catalog_sales.cs_ship_date_sk=date_dim.d_date_sk,call_center.cc_call_center_sk=catalog_sales.cs_call_center_sk,catalog_sales.cs_order_number=catalog_returns.cr_order_number#date_dim.d_date,<=,957052800.0,call_center.cc_county,IN,5.0,date_dim.d_date,>=,951868800.0#1012593058
catalog_sales,customer_address,catalog_returns,call_center#catalog_sales.cs_order_number=catalog_returns.cr_order_number,call_center.cc_call_center_sk=catalog_sales.cs_call_center_sk,catalog_sales.cs_ship_addr_sk=customer_address.ca_address_sk#customer_address.ca_state,=,1.0,call_center.cc_county,IN,5.0#825544327
catalog_sales,customer_address,date_dim,catalog_returns,call_center#catalog_sales.cs_ship_date_sk=date_dim.d_date_sk,catalog_sales.cs_ship_addr_sk=customer_address.ca_address_sk,call_center.cc_call_center_sk=catalog_sales.cs_call_center_sk,catalog_sales.cs_order_number=catalog_returns.cr_order_number#date_dim.d_date,<=,957052800.0,customer_address.ca_state,=,1.0,call_center.cc_county,IN,5.0,date_dim.d_date,>=,951868800.0#478060687
catalog_sales,catalog_returns#catalog_sales.cs_warehouse_sk=catalog_sales.cs_warehouse_sk,catalog_sales.cs_order_number=catalog_sales.cs_order_number,catalog_sales.cs_order_number=catalog_returns.cr_order_number##-737779227
catalog_sales,date_dim,catalog_returns#catalog_sales.cs_warehouse_sk=catalog_sales.cs_warehouse_sk,catalog_sales.cs_order_number=catalog_sales.cs_order_number,catalog_sales.cs_ship_date_sk=date_dim.d_date_sk,catalog_sales.cs_order_number=catalog_returns.cr_order_number#date_dim.d_date,<=,957052800.0,date_dim.d_date,>=,951868800.0#-1665651419
catalog_sales,customer_address,catalog_returns#catalog_sales.cs_warehouse_sk=catalog_sales.cs_warehouse_sk,catalog_sales.cs_order_number=catalog_sales.cs_order_number,catalog_sales.cs_order_number=catalog_returns.cr_order_number,catalog_sales.cs_ship_addr_sk=customer_address.ca_address_sk#customer_address.ca_state,=,1.0#1932762538
catalog_sales,customer_address,date_dim,catalog_returns#catalog_sales.cs_order_number=catalog_returns.cr_order_number,catalog_sales.cs_ship_date_sk=date_dim.d_date_sk,catalog_sales.cs_warehouse_sk=catalog_sales.cs_warehouse_sk,catalog_sales.cs_order_number=catalog_sales.cs_order_number,catalog_sales.cs_ship_addr_sk=customer_address.ca_address_sk#date_dim.d_date,<=,957052800.0,customer_address.ca_state,=,1.0,date_dim.d_date,>=,951868800.0#835174528
catalog_sales,catalog_returns,call_center#catalog_sales.cs_warehouse_sk=catalog_sales.cs_warehouse_sk,catalog_sales.cs_order_number=catalog_sales.cs_order_number,call_center.cc_call_center_sk=catalog_sales.cs_call_center_sk,catalog_sales.cs_order_number=catalog_returns.cr_order_number#call_center.cc_county,IN,5.0#2012770021
catalog_sales,date_dim,catalog_returns,call_center#catalog_sales.cs_ship_date_sk=date_dim.d_date_sk,call_center.cc_call_center_sk=catalog_sales.cs_call_center_sk,catalog_sales.cs_warehouse_sk=catalog_sales.cs_warehouse_sk,catalog_sales.cs_order_number=catalog_sales.cs_order_number,catalog_sales.cs_order_number=catalog_returns.cr_order_number#date_dim.d_date,<=,957052800.0,call_center.cc_county,IN,5.0,date_dim.d_date,>=,951868800.0#612410673
catalog_sales,customer_address,catalog_returns,call_center#catalog_sales.cs_ship_addr_sk=customer_address.ca_address_sk,call_center.cc_call_center_sk=catalog_sales.cs_call_center_sk,catalog_sales.cs_warehouse_sk=catalog_sales.cs_warehouse_sk,catalog_sales.cs_order_number=catalog_sales.cs_order_number,catalog_sales.cs_order_number=catalog_returns.cr_order_number#customer_address.ca_state,=,1.0,call_center.cc_county,IN,5.0#-673961448
catalog_sales,date_dim#catalog_sales.cs_ship_date_sk=date_dim.d_date_sk#date_dim.d_date,<=,957052800.0,date_dim.d_date,>=,951868800.0#1304466026
catalog_sales,customer_address,date_dim#catalog_sales.cs_ship_date_sk=date_dim.d_date_sk,catalog_sales.cs_ship_addr_sk=customer_address.ca_address_sk#date_dim.d_date,<=,957052800.0,customer_address.ca_state,=,1.0,date_dim.d_date,>=,951868800.0#-2124666067
catalog_sales,customer_address,date_dim#catalog_sales.cs_warehouse_sk=catalog_sales.cs_warehouse_sk,catalog_sales.cs_order_number=catalog_sales.cs_order_number,catalog_sales.cs_ship_date_sk=date_dim.d_date_sk,catalog_sales.cs_ship_addr_sk=customer_address.ca_address_sk#date_dim.d_date,<=,957052800.0,customer_address.ca_state,=,1.0,date_dim.d_date,>=,951868800.0#1208113969
catalog_sales,customer_address,date_dim,catalog_returns#catalog_sales.cs_order_number=catalog_returns.cr_order_number,catalog_sales.cs_ship_date_sk=date_dim.d_date_sk,catalog_sales.cs_warehouse_sk=catalog_sales.cs_warehouse_sk,catalog_sales.cs_order_number=catalog_sales.cs_order_number,catalog_sales.cs_ship_addr_sk=customer_address.ca_address_sk#date_dim.d_date,<=,957052800.0,customer_address.ca_state,=,1.0,date_dim.d_date,>=,951868800.0#-1782023513
catalog_sales,customer_address,date_dim,catalog_returns,call_center#catalog_sales.cs_ship_date_sk=date_dim.d_date_sk,catalog_sales.cs_ship_addr_sk=customer_address.ca_address_sk,catalog_sales.cs_warehouse_sk=catalog_sales.cs_warehouse_sk,catalog_sales.cs_order_number=catalog_sales.cs_order_number,catalog_sales.cs_call_center_sk=call_center.cc_call_center_sk,catalog_sales.cs_order_number=catalog_returns.cr_order_number#customer_address.ca_state,=,1.0,date_dim.d_date,<=,957052800.0,call_center.cc_county,IN,5.0,date_dim.d_date,>=,951868800.0#-814571263
date_dim,store_sales#store_sales.ss_sold_date_sk=date_dim.d_date_sk#date_dim.d_year,IN,4.0#-288449395
store_sales,customer#store_sales.ss_customer_sk=customer.c_customer_sk##-200262225
catalog_sales,date_dim#catalog_sales.cs_sold_date_sk=date_dim.d_date_sk#date_dim.d_moy,=,1.0,date_dim.d_year,=,2000.0#-263296347
date_dim,web_sales#web_sales.ws_sold_date_sk=date_dim.d_date_sk#date_dim.d_moy,=,1.0,date_dim.d_year,=,2000.0#1452230327
date_dim,store_sales#store_sales.ss_sold_date_sk=date_dim.d_date_sk#date_dim.d_year,IN,4.0#-1032753605
catalog_sales,date_dim#catalog_sales.cs_sold_date_sk=date_dim.d_date_sk#date_dim.d_moy,=,1.0,date_dim.d_year,=,2000.0#-1571472797
date_dim,web_sales#web_sales.ws_sold_date_sk=date_dim.d_date_sk#date_dim.d_moy,=,1.0,date_dim.d_year,=,2000.0#-391084231
date_dim,item,store_sales#store_sales.ss_item_sk=item.i_item_sk,store_sales.ss_sold_date_sk=date_dim.d_date_sk#date_dim.d_year,IN,4.0#1439770302
date_dim,inventory#inventory.inv_date_sk=date_dim.d_date_sk#inventory.inv_quantity_on_hand,<=,500.0,date_dim.d_date,<=,889056000.0,date_dim.d_date,>=,883872000.0,inventory.inv_quantity_on_hand,>=,100.0#1339776560
catalog_sales,inventory#catalog_sales.cs_item_sk=inventory.inv_item_sk#inventory.inv_quantity_on_hand,<=,500.0,inventory.inv_quantity_on_hand,>=,100.0#-644316177
catalog_sales,date_dim,inventory#inventory.inv_item_sk=catalog_sales.cs_item_sk,inventory.inv_date_sk=date_dim.d_date_sk#inventory.inv_quantity_on_hand,<=,500.0,date_dim.d_date,<=,889056000.0,date_dim.d_date,>=,883872000.0,inventory.inv_quantity_on_hand,>=,100.0#-658929989
item,inventory#inventory.inv_item_sk=item.i_item_sk#item.i_manufact_id,IN,4.0,item.i_current_price,<=,72.0,item.i_current_price,>=,42.0,inventory.inv_quantity_on_hand,<=,500.0,inventory.inv_quantity_on_hand,>=,100.0#-1466467853
catalog_sales,item#catalog_sales.cs_item_sk=item.i_item_sk#item.i_current_price,<=,72.0,item.i_current_price,>=,42.0,item.i_manufact_id,IN,4.0#921241838
catalog_sales,item,inventory#item.i_item_sk=inventory.inv_item_sk,catalog_sales.cs_item_sk=item.i_item_sk#item.i_manufact_id,IN,4.0,item.i_current_price,<=,72.0,item.i_current_price,>=,42.0,inventory.inv_quantity_on_hand,<=,500.0,inventory.inv_quantity_on_hand,>=,100.0#-1459174342
date_dim,item,inventory#inventory.inv_date_sk=date_dim.d_date_sk,inventory.inv_item_sk=item.i_item_sk#date_dim.d_date,<=,889056000.0,item.i_manufact_id,IN,4.0,item.i_current_price,<=,72.0,item.i_current_price,>=,42.0,inventory.inv_quantity_on_hand,<=,500.0,date_dim.d_date,>=,883872000.0,inventory.inv_quantity_on_hand,>=,100.0#911991759
date_dim,inventory#inventory.inv_date_sk=date_dim.d_date_sk#inventory.inv_quantity_on_hand,<=,500.0,date_dim.d_date,<=,889056000.0,date_dim.d_date,>=,883872000.0,inventory.inv_quantity_on_hand,>=,100.0#539221938
date_dim,item,inventory#inventory.inv_date_sk=date_dim.d_date_sk,inventory.inv_item_sk=item.i_item_sk#date_dim.d_date,<=,889056000.0,item.i_manufact_id,IN,4.0,item.i_current_price,<=,72.0,item.i_current_price,>=,42.0,inventory.inv_quantity_on_hand,<=,500.0,date_dim.d_date,>=,883872000.0,inventory.inv_quantity_on_hand,>=,100.0#-1620593693
catalog_sales,item,date_dim,inventory#inventory.inv_date_sk=date_dim.d_date_sk,inventory.inv_item_sk=item.i_item_sk,catalog_sales.cs_item_sk=item.i_item_sk#date_dim.d_date,<=,889056000.0,item.i_manufact_id,IN,4.0,item.i_current_price,<=,72.0,item.i_current_price,>=,42.0,inventory.inv_quantity_on_hand,<=,500.0,date_dim.d_date,>=,883872000.0,inventory.inv_quantity_on_hand,>=,100.0#-115372944
web_sales,customer#web_sales.ws_bill_customer_sk=customer.c_customer_sk##-1335470833
date_dim,web_sales#web_sales.ws_sold_date_sk=date_dim.d_date_sk#date_dim.d_year,=,2002.0,date_dim.d_qoy,=,2.0#-52619890
date_dim,web_sales,customer#web_sales.ws_bill_customer_sk=customer.c_customer_sk,web_sales.ws_sold_date_sk=date_dim.d_date_sk#date_dim.d_year,=,2002.0,date_dim.d_qoy,=,2.0#-1452633059
web_sales,item,customer#web_sales.ws_bill_customer_sk=customer.c_customer_sk,web_sales.ws_item_sk=item.i_item_sk##1748045428
date_dim,web_sales,item#web_sales.ws_sold_date_sk=date_dim.d_date_sk,web_sales.ws_item_sk=item.i_item_sk#date_dim.d_year,=,2002.0,date_dim.d_qoy,=,2.0#-1718121345
web_sales,item,customer,date_dim#web_sales.ws_sold_date_sk=date_dim.d_date_sk,web_sales.ws_bill_customer_sk=customer.c_customer_sk,web_sales.ws_item_sk=item.i_item_sk#date_dim.d_year,=,2002.0,date_dim.d_qoy,=,2.0#781142742
customer_address,web_sales,customer#customer.c_current_addr_sk=customer_address.ca_address_sk,customer.c_customer_sk=web_sales.ws_bill_customer_sk##-340208484
customer_address,web_sales,customer,date_dim#customer.c_current_addr_sk=customer_address.ca_address_sk,web_sales.ws_sold_date_sk=date_dim.d_date_sk,customer.c_customer_sk=web_sales.ws_bill_customer_sk#date_dim.d_year,=,2002.0,date_dim.d_qoy,=,2.0#-1580093616
customer_address,web_sales,item,customer#web_sales.ws_bill_customer_sk=customer.c_customer_sk,customer.c_current_addr_sk=customer_address.ca_address_sk,web_sales.ws_item_sk=item.i_item_sk##720065367
customer_address,web_sales,item,customer,date_dim#web_sales.ws_sold_date_sk=date_dim.d_date_sk,customer.c_current_addr_sk=customer_address.ca_address_sk,web_sales.ws_item_sk=item.i_item_sk,customer.c_customer_sk=web_sales.ws_bill_customer_sk#date_dim.d_year,=,2002.0,date_dim.d_qoy,=,2.0#1380461365
date_dim,web_sales#web_sales.ws_sold_date_sk=date_dim.d_date_sk#date_dim.d_year,=,2002.0,date_dim.d_qoy,=,2.0#-1895934448
date_dim,web_sales,item#web_sales.ws_sold_date_sk=date_dim.d_date_sk,web_sales.ws_item_sk=item.i_item_sk#date_dim.d_year,=,2002.0,date_dim.d_qoy,=,2.0#-765436113
customer_address,web_sales,item,customer,date_dim#web_sales.ws_sold_date_sk=date_dim.d_date_sk,web_sales.ws_bill_customer_sk=customer.c_customer_sk,customer.c_current_addr_sk=customer_address.ca_address_sk,web_sales.ws_item_sk=item.i_item_sk#date_dim.d_year,=,2002.0,date_dim.d_qoy,=,2.0#-1980402135
date_dim,store_sales#store_sales.ss_sold_date_sk=date_dim.d_date_sk#date_dim.d_month_seq,IN,12.0#1197717177
store,date_dim,store_sales#store_sales.ss_sold_date_sk=date_dim.d_date_sk,store_sales.ss_store_sk=store.s_store_sk#date_dim.d_month_seq,IN,12.0#-421769806
item,store_sales#store_sales.ss_item_sk=item.i_item_sk#item.i_category,IN,3.0,item.i_brand,IN,4.0,item.i_class,IN,4.0#1065083214
date_dim,item,store_sales#store_sales.ss_item_sk=item.i_item_sk,store_sales.ss_sold_date_sk=date_dim.d_date_sk#item.i_category,IN,3.0,date_dim.d_month_seq,IN,12.0,item.i_brand,IN,4.0,item.i_class,IN,4.0#18826323
store,item,store_sales#store_sales.ss_item_sk=item.i_item_sk,store_sales.ss_store_sk=store.s_store_sk#item.i_category,IN,3.0,item.i_brand,IN,4.0,item.i_class,IN,4.0#1587401661
date_dim,store_sales#store_sales.ss_sold_date_sk=date_dim.d_date_sk#store_sales.ss_store_sk,!=,0,date_dim.d_month_seq,IN,12.0#648872114
date_dim,item,store_sales#store_sales.ss_item_sk=item.i_item_sk,store_sales.ss_sold_date_sk=date_dim.d_date_sk#store_sales.ss_store_sk,!=,0,item.i_category,IN,3.0,item.i_class,IN,4.0,date_dim.d_month_seq,IN,12.0,item.i_brand,IN,4.0#-1210853170
store,store_sales#store_sales.ss_store_sk=store.s_store_sk#store.s_gmt_offset,=,-7.0#961261278
store_sales,promotion#store_sales.ss_promo_sk=promotion.p_promo_sk#promotion.p_channel_dmail,=,1.0,promotion.p_channel_tv,=,1.0,promotion.p_channel_email,=,1.0#-551984136
store,store_sales,promotion#store_sales.ss_store_sk=store.s_store_sk,promotion.p_promo_sk=store_sales.ss_promo_sk#store.s_gmt_offset,=,-7.0,promotion.p_channel_dmail,=,1.0,promotion.p_channel_tv,=,1.0,promotion.p_channel_email,=,1.0#256412464
date_dim,store_sales#store_sales.ss_sold_date_sk=date_dim.d_date_sk#date_dim.d_moy,=,12.0,date_dim.d_year,=,2001.0#-540346810
store,date_dim,store_sales#store_sales.ss_store_sk=store.s_store_sk,date_dim.d_date_sk=store_sales.ss_sold_date_sk#store.s_gmt_offset,=,-7.0,date_dim.d_moy,=,12.0,date_dim.d_year,=,2001.0#-1463365380
date_dim,store_sales,promotion#store_sales.ss_promo_sk=promotion.p_promo_sk,store_sales.ss_sold_date_sk=date_dim.d_date_sk#date_dim.d_moy,=,12.0,promotion.p_channel_dmail,=,1.0,promotion.p_channel_email,=,1.0,promotion.p_channel_tv,=,1.0,date_dim.d_year,=,2001.0#1516179768
store,store_sales,promotion,date_dim#store_sales.ss_store_sk=store.s_store_sk,date_dim.d_date_sk=store_sales.ss_sold_date_sk,promotion.p_promo_sk=store_sales.ss_promo_sk#date_dim.d_moy,=,12.0,promotion.p_channel_dmail,=,1.0,promotion.p_channel_email,=,1.0,store.s_gmt_offset,=,-7.0,promotion.p_channel_tv,=,1.0,date_dim.d_year,=,2001.0#1884847826
store,store_sales,customer#store_sales.ss_customer_sk=customer.c_customer_sk,store_sales.ss_store_sk=store.s_store_sk#store.s_gmt_offset,=,-7.0#684487851
store_sales,customer,promotion#store_sales.ss_customer_sk=customer.c_customer_sk,store_sales.ss_promo_sk=promotion.p_promo_sk#promotion.p_channel_dmail,=,1.0,promotion.p_channel_tv,=,1.0,promotion.p_channel_email,=,1.0#-1411097519
store,store_sales,customer,promotion#store_sales.ss_store_sk=store.s_store_sk,store_sales.ss_customer_sk=customer.c_customer_sk,promotion.p_promo_sk=store_sales.ss_promo_sk#store.s_gmt_offset,=,-7.0,promotion.p_channel_dmail,=,1.0,promotion.p_channel_tv,=,1.0,promotion.p_channel_email,=,1.0#-24324855
date_dim,store_sales,customer#store_sales.ss_customer_sk=customer.c_customer_sk,store_sales.ss_sold_date_sk=date_dim.d_date_sk#date_dim.d_moy,=,12.0,date_dim.d_year,=,2001.0#-795570797
store,store_sales,customer,date_dim#store_sales.ss_store_sk=store.s_store_sk,store_sales.ss_customer_sk=customer.c_customer_sk,date_dim.d_date_sk=store_sales.ss_sold_date_sk#store.s_gmt_offset,=,-7.0,date_dim.d_moy,=,12.0,date_dim.d_year,=,2001.0#-881368375
store_sales,customer,promotion,date_dim#store_sales.ss_promo_sk=promotion.p_promo_sk,store_sales.ss_customer_sk=customer.c_customer_sk,store_sales.ss_sold_date_sk=date_dim.d_date_sk#date_dim.d_moy,=,12.0,promotion.p_channel_dmail,=,1.0,promotion.p_channel_email,=,1.0,promotion.p_channel_tv,=,1.0,date_dim.d_year,=,2001.0#-702097007
store,store_sales,customer,promotion,date_dim#store_sales.ss_store_sk=store.s_store_sk,date_dim.d_date_sk=store_sales.ss_sold_date_sk,store_sales.ss_customer_sk=customer.c_customer_sk,promotion.p_promo_sk=store_sales.ss_promo_sk#date_dim.d_moy,=,12.0,promotion.p_channel_dmail,=,1.0,promotion.p_channel_email,=,1.0,store.s_gmt_offset,=,-7.0,promotion.p_channel_tv,=,1.0,date_dim.d_year,=,2001.0#666008747
store,item,store_sales#store_sales.ss_item_sk=item.i_item_sk,store_sales.ss_store_sk=store.s_store_sk#store.s_gmt_offset,=,-7.0,item.i_category,=,1.0#-1178836766
item,store_sales,promotion#store_sales.ss_item_sk=item.i_item_sk,store_sales.ss_promo_sk=promotion.p_promo_sk#promotion.p_channel_dmail,=,1.0,promotion.p_channel_tv,=,1.0,item.i_category,=,1.0,promotion.p_channel_email,=,1.0#2028629700
store,item,store_sales,promotion#store_sales.ss_item_sk=item.i_item_sk,store_sales.ss_store_sk=store.s_store_sk,promotion.p_promo_sk=store_sales.ss_promo_sk#promotion.p_channel_dmail,=,1.0,item.i_category,=,1.0,promotion.p_channel_email,=,1.0,store.s_gmt_offset,=,-7.0,promotion.p_channel_tv,=,1.0#-1867855348
date_dim,item,store_sales#item.i_item_sk=store_sales.ss_item_sk,store_sales.ss_sold_date_sk=date_dim.d_date_sk#date_dim.d_moy,=,12.0,item.i_category,=,1.0,date_dim.d_year,=,2001.0#-76358786
store,item,store_sales,date_dim#store_sales.ss_item_sk=item.i_item_sk,store_sales.ss_store_sk=store.s_store_sk,date_dim.d_date_sk=store_sales.ss_sold_date_sk#store.s_gmt_offset,=,-7.0,date_dim.d_moy,=,12.0,item.i_category,=,1.0,date_dim.d_year,=,2001.0#-2050271356
item,store_sales,promotion,date_dim#store_sales.ss_item_sk=item.i_item_sk,store_sales.ss_promo_sk=promotion.p_promo_sk,store_sales.ss_sold_date_sk=date_dim.d_date_sk#date_dim.d_moy,=,12.0,promotion.p_channel_dmail,=,1.0,item.i_category,=,1.0,promotion.p_channel_email,=,1.0,promotion.p_channel_tv,=,1.0,date_dim.d_year,=,2001.0#1453513092
store,item,store_sales,promotion,date_dim#store_sales.ss_store_sk=store.s_store_sk,store_sales.ss_item_sk=item.i_item_sk,date_dim.d_date_sk=store_sales.ss_sold_date_sk,promotion.p_promo_sk=store_sales.ss_promo_sk#date_dim.d_moy,=,12.0,promotion.p_channel_dmail,=,1.0,item.i_category,=,1.0,promotion.p_channel_email,=,1.0,store.s_gmt_offset,=,-7.0,promotion.p_channel_tv,=,1.0,date_dim.d_year,=,2001.0#681121194
item,store_sales,customer#store_sales.ss_item_sk=item.i_item_sk,store_sales.ss_customer_sk=customer.c_customer_sk#item.i_category,=,1.0#1308989867
store,item,store_sales,customer#store_sales.ss_item_sk=item.i_item_sk,store_sales.ss_customer_sk=customer.c_customer_sk,store_sales.ss_store_sk=store.s_store_sk#store.s_gmt_offset,=,-7.0,item.i_category,=,1.0#-771710545
item,store_sales,customer,promotion#store_sales.ss_item_sk=item.i_item_sk,store_sales.ss_customer_sk=customer.c_customer_sk,store_sales.ss_promo_sk=promotion.p_promo_sk#promotion.p_channel_dmail,=,1.0,promotion.p_channel_tv,=,1.0,item.i_category,=,1.0,promotion.p_channel_email,=,1.0#-716428259
store,item,store_sales,customer,promotion#store_sales.ss_item_sk=item.i_item_sk,store_sales.ss_store_sk=store.s_store_sk,store_sales.ss_customer_sk=customer.c_customer_sk,promotion.p_promo_sk=store_sales.ss_promo_sk#promotion.p_channel_dmail,=,1.0,item.i_category,=,1.0,promotion.p_channel_email,=,1.0,store.s_gmt_offset,=,-7.0,promotion.p_channel_tv,=,1.0#782121189
item,store_sales,customer,date_dim#item.i_item_sk=store_sales.ss_item_sk,store_sales.ss_customer_sk=customer.c_customer_sk,store_sales.ss_sold_date_sk=date_dim.d_date_sk#date_dim.d_moy,=,12.0,item.i_category,=,1.0,date_dim.d_year,=,2001.0#33347019
store,item,store_sales,customer,date_dim#store_sales.ss_item_sk=item.i_item_sk,store_sales.ss_store_sk=store.s_store_sk,store_sales.ss_customer_sk=customer.c_customer_sk,date_dim.d_date_sk=store_sales.ss_sold_date_sk#store.s_gmt_offset,=,-7.0,date_dim.d_moy,=,12.0,item.i_category,=,1.0,date_dim.d_year,=,2001.0#683453521
item,store_sales,customer,promotion,date_dim#store_sales.ss_item_sk=item.i_item_sk,store_sales.ss_promo_sk=promotion.p_promo_sk,store_sales.ss_customer_sk=customer.c_customer_sk,store_sales.ss_sold_date_sk=date_dim.d_date_sk#date_dim.d_moy,=,12.0,promotion.p_channel_dmail,=,1.0,item.i_category,=,1.0,promotion.p_channel_email,=,1.0,promotion.p_channel_tv,=,1.0,date_dim.d_year,=,2001.0#-72587555
store,item,store_sales,customer,promotion,date_dim#store_sales.ss_store_sk=store.s_store_sk,store_sales.ss_customer_sk=customer.c_customer_sk,date_dim.d_date_sk=store_sales.ss_sold_date_sk,store_sales.ss_item_sk=item.i_item_sk,promotion.p_promo_sk=store_sales.ss_promo_sk#date_dim.d_moy,=,12.0,promotion.p_channel_dmail,=,1.0,item.i_category,=,1.0,promotion.p_channel_email,=,1.0,store.s_gmt_offset,=,-7.0,promotion.p_channel_tv,=,1.0,date_dim.d_year,=,2001.0#130412675
customer_address,store_sales,customer#customer.c_current_addr_sk=customer_address.ca_address_sk,customer.c_customer_sk=store_sales.ss_customer_sk#customer_address.ca_gmt_offset,=,-7.0#-1776735440
store,customer_address,store_sales,customer#customer.c_current_addr_sk=customer_address.ca_address_sk,store_sales.ss_store_sk=store.s_store_sk,customer.c_customer_sk=store_sales.ss_customer_sk#store.s_gmt_offset,=,-7.0,customer_address.ca_gmt_offset,=,-7.0#-1710486412
customer_address,store_sales,customer,promotion#store_sales.ss_promo_sk=promotion.p_promo_sk,customer.c_current_addr_sk=customer_address.ca_address_sk,customer.c_customer_sk=store_sales.ss_customer_sk#promotion.p_channel_dmail,=,1.0,customer_address.ca_gmt_offset,=,-7.0,promotion.p_channel_tv,=,1.0,promotion.p_channel_email,=,1.0#28715304
store,customer_address,store_sales,customer,promotion#customer.c_current_addr_sk=customer_address.ca_address_sk,store_sales.ss_store_sk=store.s_store_sk,promotion.p_promo_sk=store_sales.ss_promo_sk,customer.c_customer_sk=store_sales.ss_customer_sk#promotion.p_channel_dmail,=,1.0,promotion.p_channel_email,=,1.0,store.s_gmt_offset,=,-7.0,promotion.p_channel_tv,=,1.0,customer_address.ca_gmt_offset,=,-7.0#1062881968
customer_address,store_sales,customer,date_dim#store_sales.ss_sold_date_sk=date_dim.d_date_sk,customer.c_current_addr_sk=customer_address.ca_address_sk,customer.c_customer_sk=store_sales.ss_customer_sk#date_dim.d_moy,=,12.0,date_dim.d_year,=,2001.0,customer_address.ca_gmt_offset,=,-7.0#-1249217588
store,customer_address,store_sales,customer,date_dim#store_sales.ss_store_sk=store.s_store_sk,date_dim.d_date_sk=store_sales.ss_sold_date_sk,customer.c_current_addr_sk=customer_address.ca_address_sk,customer.c_customer_sk=store_sales.ss_customer_sk#store.s_gmt_offset,=,-7.0,date_dim.d_moy,=,12.0,date_dim.d_year,=,2001.0,customer_address.ca_gmt_offset,=,-7.0#-1139875818
customer_address,store_sales,customer,promotion,date_dim#store_sales.ss_sold_date_sk=date_dim.d_date_sk,store_sales.ss_promo_sk=promotion.p_promo_sk,customer.c_current_addr_sk=customer_address.ca_address_sk,customer.c_customer_sk=store_sales.ss_customer_sk#date_dim.d_moy,=,12.0,promotion.p_channel_dmail,=,1.0,promotion.p_channel_email,=,1.0,promotion.p_channel_tv,=,1.0,date_dim.d_year,=,2001.0,customer_address.ca_gmt_offset,=,-7.0#1611066344
store,customer_address,store_sales,customer,promotion,date_dim#customer.c_customer_sk=store_sales.ss_customer_sk,date_dim.d_date_sk=store_sales.ss_sold_date_sk,store_sales.ss_store_sk=store.s_store_sk,customer.c_current_addr_sk=customer_address.ca_address_sk,promotion.p_promo_sk=store_sales.ss_promo_sk#date_dim.d_moy,=,12.0,promotion.p_channel_dmail,=,1.0,promotion.p_channel_email,=,1.0,store.s_gmt_offset,=,-7.0,promotion.p_channel_tv,=,1.0,date_dim.d_year,=,2001.0,customer_address.ca_gmt_offset,=,-7.0#351230286
customer_address,item,store_sales,customer#store_sales.ss_item_sk=item.i_item_sk,customer.c_current_addr_sk=customer_address.ca_address_sk,store_sales.ss_customer_sk=customer.c_customer_sk#item.i_category,=,1.0,customer_address.ca_gmt_offset,=,-7.0#-2105072758
store,customer_address,item,store_sales,customer#customer.c_current_addr_sk=customer_address.ca_address_sk,store_sales.ss_item_sk=item.i_item_sk,store_sales.ss_store_sk=store.s_store_sk,customer.c_customer_sk=store_sales.ss_customer_sk#store.s_gmt_offset,=,-7.0,item.i_category,=,1.0,customer_address.ca_gmt_offset,=,-7.0#1370239600
customer_address,item,store_sales,customer,promotion#store_sales.ss_item_sk=item.i_item_sk,customer.c_current_addr_sk=customer_address.ca_address_sk,store_sales.ss_customer_sk=customer.c_customer_sk,store_sales.ss_promo_sk=promotion.p_promo_sk#promotion.p_channel_dmail,=,1.0,item.i_category,=,1.0,promotion.p_channel_email,=,1.0,promotion.p_channel_tv,=,1.0,customer_address.ca_gmt_offset,=,-7.0#-1481921796
store,customer_address,item,store_sales,customer,promotion#customer.c_customer_sk=store_sales.ss_customer_sk,store_sales.ss_store_sk=store.s_store_sk,store_sales.ss_item_sk=item.i_item_sk,customer.c_current_addr_sk=customer_address.ca_address_sk,promotion.p_promo_sk=store_sales.ss_promo_sk#promotion.p_channel_dmail,=,1.0,item.i_category,=,1.0,promotion.p_channel_email,=,1.0,store.s_gmt_offset,=,-7.0,promotion.p_channel_tv,=,1.0,customer_address.ca_gmt_offset,=,-7.0#435199956
customer_address,item,store_sales,customer,date_dim#store_sales.ss_sold_date_sk=date_dim.d_date_sk,item.i_item_sk=store_sales.ss_item_sk,customer.c_current_addr_sk=customer_address.ca_address_sk,customer.c_customer_sk=store_sales.ss_customer_sk#date_dim.d_moy,=,12.0,item.i_category,=,1.0,date_dim.d_year,=,2001.0,customer_address.ca_gmt_offset,=,-7.0#-1934964460
store,customer_address,item,store_sales,customer,date_dim#store_sales.ss_store_sk=store.s_store_sk,store_sales.ss_customer_sk=customer.c_customer_sk,date_dim.d_date_sk=store_sales.ss_sold_date_sk,store_sales.ss_item_sk=item.i_item_sk,customer.c_current_addr_sk=customer_address.ca_address_sk#date_dim.d_moy,=,12.0,item.i_category,=,1.0,store.s_gmt_offset,=,-7.0,date_dim.d_year,=,2001.0,customer_address.ca_gmt_offset,=,-7.0#1714184712
customer_address,item,store_sales,customer,promotion,date_dim#store_sales.ss_promo_sk=promotion.p_promo_sk,customer.c_customer_sk=store_sales.ss_customer_sk,store_sales.ss_item_sk=item.i_item_sk,customer.c_current_addr_sk=customer_address.ca_address_sk,store_sales.ss_sold_date_sk=date_dim.d_date_sk#date_dim.d_moy,=,12.0,promotion.p_channel_dmail,=,1.0,item.i_category,=,1.0,promotion.p_channel_email,=,1.0,promotion.p_channel_tv,=,1.0,date_dim.d_year,=,2001.0,customer_address.ca_gmt_offset,=,-7.0#459085212
store,store_sales#store_sales.ss_store_sk=store.s_store_sk#store.s_gmt_offset,=,-7.0#980881248
store,date_dim,store_sales#store_sales.ss_store_sk=store.s_store_sk,store_sales.ss_sold_date_sk=date_dim.d_date_sk#date_dim.d_moy,=,12.0,store.s_gmt_offset,=,-7.0,date_dim.d_year,=,2001.0#71528774
store,item,store_sales,date_dim#store_sales.ss_item_sk=item.i_item_sk,store_sales.ss_store_sk=store.s_store_sk,store_sales.ss_sold_date_sk=date_dim.d_date_sk#date_dim.d_moy,=,12.0,store.s_gmt_offset,=,-7.0,item.i_category,=,1.0,date_dim.d_year,=,2001.0#384917244
store,item,store_sales,customer,date_dim#store_sales.ss_sold_date_sk=date_dim.d_date_sk,store_sales.ss_item_sk=item.i_item_sk,store_sales.ss_store_sk=store.s_store_sk,customer.c_customer_sk=store_sales.ss_customer_sk#date_dim.d_moy,=,12.0,store.s_gmt_offset,=,-7.0,item.i_category,=,1.0,date_dim.d_year,=,2001.0#1246967555
store,customer_address,item,store_sales,customer,date_dim#customer_address.ca_address_sk=customer.c_current_addr_sk,store_sales.ss_store_sk=store.s_store_sk,customer.c_customer_sk=store_sales.ss_customer_sk,store_sales.ss_item_sk=item.i_item_sk,store_sales.ss_sold_date_sk=date_dim.d_date_sk#date_dim.d_moy,=,12.0,item.i_category,=,1.0,store.s_gmt_offset,=,-7.0,date_dim.d_year,=,2001.0,customer_address.ca_gmt_offset,=,-7.0#-295955603
store,customer_address,item,store_sales,customer,promotion,date_dim#customer_address.ca_address_sk=customer.c_current_addr_sk,store_sales.ss_store_sk=store.s_store_sk,customer.c_customer_sk=store_sales.ss_customer_sk,store_sales.ss_sold_date_sk=date_dim.d_date_sk,store_sales.ss_item_sk=item.i_item_sk,store_sales.ss_promo_sk=promotion.p_promo_sk#date_dim.d_moy,=,12.0,promotion.p_channel_dmail,=,1.0,item.i_category,=,1.0,promotion.p_channel_email,=,1.0,store.s_gmt_offset,=,-7.0,promotion.p_channel_tv,=,1.0,date_dim.d_year,=,2001.0,customer_address.ca_gmt_offset,=,-7.0#-1754453905
date_dim,store_sales,customer#store_sales.ss_customer_sk=customer.c_customer_sk,store_sales.ss_sold_date_sk=date_dim.d_date_sk##1100690468
item,store_sales,customer#store_sales.ss_item_sk=item.i_item_sk,store_sales.ss_customer_sk=customer.c_customer_sk##1819529512
item,store_sales,customer,date_dim#store_sales.ss_item_sk=item.i_item_sk,store_sales.ss_customer_sk=customer.c_customer_sk,store_sales.ss_sold_date_sk=date_dim.d_date_sk##399990409
customer_address,store_sales,customer#customer.c_current_addr_sk=customer_address.ca_address_sk,customer.c_customer_sk=store_sales.ss_customer_sk##-402124530
customer_address,store_sales,customer,date_dim#customer.c_current_addr_sk=customer_address.ca_address_sk,store_sales.ss_customer_sk=customer.c_customer_sk,store_sales.ss_sold_date_sk=date_dim.d_date_sk##979813287
customer_address,item,store_sales,customer#store_sales.ss_item_sk=item.i_item_sk,customer.c_current_addr_sk=customer_address.ca_address_sk,store_sales.ss_customer_sk=customer.c_customer_sk##-721293533
customer_address,item,store_sales,customer,date_dim#store_sales.ss_item_sk=item.i_item_sk,customer.c_current_addr_sk=customer_address.ca_address_sk,store_sales.ss_customer_sk=customer.c_customer_sk,store_sales.ss_sold_date_sk=date_dim.d_date_sk##-1181394974
date_dim,store_sales#store_sales.ss_sold_date_sk=date_dim.d_date_sk##1205304825
date_dim,item,store_sales#store_sales.ss_item_sk=item.i_item_sk,store_sales.ss_sold_date_sk=date_dim.d_date_sk##513336060
customer_address,item,store_sales,customer,date_dim#date_dim.d_month_seq=date_dim.d_month_seq,store_sales.ss_customer_sk=customer.c_customer_sk,store_sales.ss_item_sk=item.i_item_sk,customer.c_current_addr_sk=customer_address.ca_address_sk,store_sales.ss_sold_date_sk=date_dim.d_date_sk#date_dim.d_moy,=,1.0,date_dim.d_year,=,2002.0#-2139353738
customer_address,item,store_sales,customer,date_dim#store_sales.ss_item_sk=item.i_item_sk,customer.c_current_addr_sk=customer_address.ca_address_sk,store_sales.ss_customer_sk=customer.c_customer_sk,store_sales.ss_sold_date_sk=date_dim.d_date_sk##-2081396154
reason,store_returns#store_returns.sr_reason_sk=reason.r_reason_sk#reason.r_reason_desc,=,1.0#1200324087
reason##reason.r_reason_desc,=,1.0#-1055225489
store_returns,store_sales#store_sales.ss_item_sk=store_returns.sr_item_sk,store_sales.ss_ticket_number=store_returns.sr_ticket_number##-45116172
reason##reason.r_reason_desc,=,1.0#-459413887
store_sales,reason,store_returns#store_returns.sr_reason_sk=reason.r_reason_sk,store_returns.sr_item_sk=store_sales.ss_item_sk,store_returns.sr_ticket_number=store_sales.ss_ticket_number#reason.r_reason_desc,=,1.0#-428860748
date_dim,store_sales#store_sales.ss_sold_date_sk=date_dim.d_date_sk#date_dim.d_moy,>=,2.0,date_dim.d_year,=,2002.0,date_dim.d_moy,<=,5.0#-1382727730
customer_address,customer#customer.c_current_addr_sk=customer_address.ca_address_sk#customer_address.ca_county,IN,5.0#-1126454150
customer_address,customer,customer_demographics#customer.c_current_addr_sk=customer_address.ca_address_sk,customer.c_current_cdemo_sk=customer_demographics.cd_demo_sk#customer_address.ca_county,IN,5.0#-1551139442
date_dim,store_sales,customer#store_sales.ss_sold_date_sk=date_dim.d_date_sk,customer.c_customer_sk=store_sales.ss_customer_sk#date_dim.d_moy,>=,2.0,date_dim.d_year,=,2002.0,date_dim.d_moy,<=,5.0#-1764840109
customer_address,store_sales,customer,date_dim#store_sales.ss_sold_date_sk=date_dim.d_date_sk,customer.c_current_addr_sk=customer_address.ca_address_sk,customer.c_customer_sk=store_sales.ss_customer_sk#date_dim.d_moy,>=,2.0,date_dim.d_year,=,2002.0,date_dim.d_moy,<=,5.0,customer_address.ca_county,IN,5.0#187669263
store_sales,customer,date_dim,customer_demographics#store_sales.ss_sold_date_sk=date_dim.d_date_sk,customer.c_current_cdemo_sk=customer_demographics.cd_demo_sk,customer.c_customer_sk=store_sales.ss_customer_sk#date_dim.d_moy,>=,2.0,date_dim.d_year,=,2002.0,date_dim.d_moy,<=,5.0#1928746227
customer_address,store_sales,customer,date_dim,customer_demographics#store_sales.ss_sold_date_sk=date_dim.d_date_sk,customer.c_current_addr_sk=customer_address.ca_address_sk,customer.c_current_cdemo_sk=customer_demographics.cd_demo_sk,customer.c_customer_sk=store_sales.ss_customer_sk#date_dim.d_moy,>=,2.0,date_dim.d_year,=,2002.0,date_dim.d_moy,<=,5.0,customer_address.ca_county,IN,5.0#866755991
customer_address,customer#customer.c_current_addr_sk=customer_address.ca_address_sk#customer_address.ca_county,IN,5.0#-1980372168
customer_address,store_sales,customer,date_dim,customer_demographics#customer_demographics.cd_demo_sk=customer.c_current_cdemo_sk,store_sales.ss_sold_date_sk=date_dim.d_date_sk,customer.c_current_addr_sk=customer_address.ca_address_sk,customer.c_customer_sk=store_sales.ss_customer_sk#date_dim.d_moy,>=,2.0,date_dim.d_year,=,2002.0,date_dim.d_moy,<=,5.0,customer_address.ca_county,IN,5.0#939037693
customer_address,customer,customer_demographics#customer_demographics.cd_demo_sk=customer.c_current_cdemo_sk,customer.c_current_addr_sk=customer_address.ca_address_sk#customer_address.ca_county,IN,5.0#138423816
date_dim,store_sales#store_sales.ss_sold_date_sk=date_dim.d_date_sk#date_dim.d_moy,>=,2.0,date_dim.d_year,=,2002.0,date_dim.d_moy,<=,5.0#-105798576
customer_address,store_sales,customer,date_dim,customer_demographics#customer_demographics.cd_demo_sk=customer.c_current_cdemo_sk,customer.c_current_addr_sk=customer_address.ca_address_sk,store_sales.ss_customer_sk=customer.c_customer_sk,store_sales.ss_sold_date_sk=date_dim.d_date_sk#date_dim.d_year,=,2002.0,date_dim.d_moy,>=,2.0,customer_address.ca_county,IN,5.0,date_dim.d_moy,<=,5.0#-919663328
date_dim,web_sales#web_sales.ws_sold_date_sk=date_dim.d_date_sk#date_dim.d_moy,>=,2.0,date_dim.d_year,=,2002.0,date_dim.d_moy,<=,5.0#1716983490
catalog_sales,date_dim#catalog_sales.cs_sold_date_sk=date_dim.d_date_sk#date_dim.d_moy,>=,2.0,date_dim.d_year,=,2002.0,date_dim.d_moy,<=,5.0#796451416
catalog_sales,date_dim#catalog_sales.cs_sold_date_sk=date_dim.d_date_sk#date_dim.d_quarter_name,IN,3.0#-1957381327
catalog_sales,date_dim,item#catalog_sales.cs_sold_date_sk=date_dim.d_date_sk,catalog_sales.cs_item_sk=item.i_item_sk#date_dim.d_quarter_name,IN,3.0#-936447950
date_dim,store_returns#store_returns.sr_returned_date_sk=date_dim.d_date_sk#date_dim.d_quarter_name,IN,3.0#897190081
catalog_sales,date_dim,store_returns#store_returns.sr_customer_sk=catalog_sales.cs_bill_customer_sk,store_returns.sr_item_sk=catalog_sales.cs_item_sk,store_returns.sr_returned_date_sk=date_dim.d_date_sk#date_dim.d_quarter_name,IN,3.0#-456454637
date_dim,item,store_returns#store_returns.sr_returned_date_sk=date_dim.d_date_sk,store_returns.sr_item_sk=item.i_item_sk#date_dim.d_quarter_name,IN,3.0#400363023
catalog_sales,item,date_dim,store_returns#store_returns.sr_customer_sk=catalog_sales.cs_bill_customer_sk,store_returns.sr_item_sk=catalog_sales.cs_item_sk,store_returns.sr_returned_date_sk=date_dim.d_date_sk,store_returns.sr_item_sk=item.i_item_sk#date_dim.d_quarter_name,IN,3.0#-1944659613
catalog_sales,date_dim,store_returns#catalog_sales.cs_bill_customer_sk=store_returns.sr_customer_sk,catalog_sales.cs_sold_date_sk=date_dim.d_date_sk,catalog_sales.cs_item_sk=store_returns.sr_item_sk#date_dim.d_quarter_name,IN,3.0#-2017532323
catalog_sales,date_dim,store_returns#catalog_sales.cs_bill_customer_sk=store_returns.sr_customer_sk,store_returns.sr_returned_date_sk=date_dim.d_date_sk,catalog_sales.cs_sold_date_sk=date_dim.d_date_sk,catalog_sales.cs_item_sk=store_returns.sr_item_sk#date_dim.d_quarter_name,IN,3.0#1782702258
catalog_sales,item,date_dim,store_returns#store_returns.sr_customer_sk=catalog_sales.cs_bill_customer_sk,catalog_sales.cs_sold_date_sk=date_dim.d_date_sk,store_returns.sr_item_sk=catalog_sales.cs_item_sk,store_returns.sr_item_sk=item.i_item_sk#date_dim.d_quarter_name,IN,3.0#187550819
catalog_sales,item,date_dim,store_returns#store_returns.sr_returned_date_sk=date_dim.d_date_sk,catalog_sales.cs_item_sk=store_returns.sr_item_sk,catalog_sales.cs_bill_customer_sk=store_returns.sr_customer_sk,store_returns.sr_item_sk=item.i_item_sk,catalog_sales.cs_sold_date_sk=date_dim.d_date_sk#date_dim.d_quarter_name,IN,3.0#1649153936
date_dim,store_sales#store_sales.ss_sold_date_sk=date_dim.d_date_sk#date_dim.d_quarter_name,=,1.0#140400291
store_returns,date_dim,store_sales#store_sales.ss_item_sk=store_returns.sr_item_sk,store_sales.ss_ticket_number=store_returns.sr_ticket_number,store_sales.ss_customer_sk=store_returns.sr_customer_sk,store_sales.ss_sold_date_sk=date_dim.d_date_sk#date_dim.d_quarter_name,=,1.0#-113317760
catalog_sales,date_dim,store_sales#store_sales.ss_item_sk=catalog_sales.cs_item_sk,store_sales.ss_customer_sk=catalog_sales.cs_bill_customer_sk,store_sales.ss_sold_date_sk=date_dim.d_date_sk#date_dim.d_quarter_name,=,1.0#-1356956491
catalog_sales,store_sales,date_dim,store_returns#store_sales.ss_item_sk=store_returns.sr_item_sk,store_sales.ss_ticket_number=store_returns.sr_ticket_number,store_sales.ss_customer_sk=store_returns.sr_customer_sk,store_returns.sr_customer_sk=catalog_sales.cs_bill_customer_sk,store_returns.sr_item_sk=catalog_sales.cs_item_sk,store_sales.ss_sold_date_sk=date_dim.d_date_sk#date_dim.d_quarter_name,=,1.0#-256236398
store,date_dim,store_sales#store.s_store_sk=store_sales.ss_store_sk,store_sales.ss_sold_date_sk=date_dim.d_date_sk#date_dim.d_quarter_name,=,1.0#-1690044178
store,store_sales,date_dim,store_returns#store_sales.ss_item_sk=store_returns.sr_item_sk,store_sales.ss_ticket_number=store_returns.sr_ticket_number,store_sales.ss_customer_sk=store_returns.sr_customer_sk,store.s_store_sk=store_sales.ss_store_sk,store_sales.ss_sold_date_sk=date_dim.d_date_sk#date_dim.d_quarter_name,=,1.0#-1772269963
catalog_sales,store,store_sales,date_dim#store_sales.ss_sold_date_sk=date_dim.d_date_sk,store_sales.ss_item_sk=catalog_sales.cs_item_sk,store_sales.ss_customer_sk=catalog_sales.cs_bill_customer_sk,store.s_store_sk=store_sales.ss_store_sk#date_dim.d_quarter_name,=,1.0#-2143694526
store,catalog_sales,store_sales,date_dim,store_returns#store_sales.ss_item_sk=store_returns.sr_item_sk,store_sales.ss_ticket_number=store_returns.sr_ticket_number,store_sales.ss_customer_sk=store_returns.sr_customer_sk,store_returns.sr_customer_sk=catalog_sales.cs_bill_customer_sk,store_returns.sr_item_sk=catalog_sales.cs_item_sk,store.s_store_sk=store_sales.ss_store_sk,store_sales.ss_sold_date_sk=date_dim.d_date_sk#date_dim.d_quarter_name,=,1.0#-1224856241
date_dim,item,store_sales#store_sales.ss_item_sk=item.i_item_sk,store_sales.ss_sold_date_sk=date_dim.d_date_sk#date_dim.d_quarter_name,=,1.0#-73223404
item,store_sales,date_dim,store_returns#store_returns.sr_item_sk=store_sales.ss_item_sk,store_returns.sr_ticket_number=store_sales.ss_ticket_number,store_returns.sr_item_sk=item.i_item_sk,store_returns.sr_customer_sk=store_sales.ss_customer_sk,store_sales.ss_sold_date_sk=date_dim.d_date_sk#date_dim.d_quarter_name,=,1.0#-557858926
catalog_sales,item,store_sales,date_dim#catalog_sales.cs_item_sk=item.i_item_sk,catalog_sales.cs_item_sk=store_sales.ss_item_sk,catalog_sales.cs_bill_customer_sk=store_sales.ss_customer_sk,store_sales.ss_sold_date_sk=date_dim.d_date_sk#date_dim.d_quarter_name,=,1.0#-429268074
catalog_sales,item,store_sales,date_dim,store_returns#store_sales.ss_item_sk=store_returns.sr_item_sk,store_sales.ss_ticket_number=store_returns.sr_ticket_number,store_sales.ss_customer_sk=store_returns.sr_customer_sk,store_returns.sr_customer_sk=catalog_sales.cs_bill_customer_sk,store_sales.ss_sold_date_sk=date_dim.d_date_sk,store_returns.sr_item_sk=catalog_sales.cs_item_sk,catalog_sales.cs_item_sk=item.i_item_sk#date_dim.d_quarter_name,=,1.0#-528352209
store,item,store_sales,date_dim#store_sales.ss_item_sk=item.i_item_sk,store.s_store_sk=store_sales.ss_store_sk,store_sales.ss_sold_date_sk=date_dim.d_date_sk#date_dim.d_quarter_name,=,1.0#1052241243
store,item,store_sales,date_dim,store_returns#store_returns.sr_item_sk=store_sales.ss_item_sk,store_returns.sr_ticket_number=store_sales.ss_ticket_number,store_sales.ss_sold_date_sk=date_dim.d_date_sk,store_returns.sr_item_sk=item.i_item_sk,store.s_store_sk=store_sales.ss_store_sk,store_returns.sr_customer_sk=store_sales.ss_customer_sk#date_dim.d_quarter_name,=,1.0#-1826538417
catalog_sales,store,item,store_sales,date_dim#catalog_sales.cs_item_sk=store_sales.ss_item_sk,catalog_sales.cs_bill_customer_sk=store_sales.ss_customer_sk,catalog_sales.cs_item_sk=item.i_item_sk,store.s_store_sk=store_sales.ss_store_sk,store_sales.ss_sold_date_sk=date_dim.d_date_sk#date_dim.d_quarter_name,=,1.0#-1408787765
catalog_sales,store,item,store_sales,date_dim,store_returns#store_returns.sr_item_sk=store_sales.ss_item_sk,store_returns.sr_ticket_number=store_sales.ss_ticket_number,store_returns.sr_item_sk=item.i_item_sk,store_returns.sr_customer_sk=catalog_sales.cs_bill_customer_sk,store_sales.ss_sold_date_sk=date_dim.d_date_sk,store_returns.sr_item_sk=catalog_sales.cs_item_sk,store.s_store_sk=store_sales.ss_store_sk,store_returns.sr_customer_sk=store_sales.ss_customer_sk#date_dim.d_quarter_name,=,1.0#672767969
date_dim,store_sales,store_returns#store_returns.sr_returned_date_sk=date_dim.d_date_sk,store_returns.sr_item_sk=store_sales.ss_item_sk,store_returns.sr_ticket_number=store_sales.ss_ticket_number,store_returns.sr_customer_sk=store_sales.ss_customer_sk#date_dim.d_quarter_name,IN,3.0#1405701258
catalog_sales,date_dim,store_sales#catalog_sales.cs_item_sk=store_sales.ss_item_sk,catalog_sales.cs_sold_date_sk=date_dim.d_date_sk,catalog_sales.cs_bill_customer_sk=store_sales.ss_customer_sk#date_dim.d_quarter_name,IN,3.0#-590738927
catalog_sales,store_sales,date_dim,store_returns#store_returns.sr_returned_date_sk=date_dim.d_date_sk,store_returns.sr_item_sk=store_sales.ss_item_sk,store_returns.sr_ticket_number=store_sales.ss_ticket_number,store_returns.sr_customer_sk=catalog_sales.cs_bill_customer_sk,store_returns.sr_item_sk=catalog_sales.cs_item_sk,store_returns.sr_customer_sk=store_sales.ss_customer_sk#date_dim.d_quarter_name,IN,3.0#-1839073572
catalog_sales,store_sales,date_dim,store_returns#store_sales.ss_item_sk=store_returns.sr_item_sk,store_sales.ss_ticket_number=store_returns.sr_ticket_number,store_sales.ss_customer_sk=store_returns.sr_customer_sk,catalog_sales.cs_item_sk=store_returns.sr_item_sk,catalog_sales.cs_bill_customer_sk=store_returns.sr_customer_sk,catalog_sales.cs_sold_date_sk=date_dim.d_date_sk#date_dim.d_quarter_name,IN,3.0#-759553954
catalog_sales,store_sales,date_dim,store_returns#store_returns.sr_returned_date_sk=date_dim.d_date_sk,store_returns.sr_item_sk=store_sales.ss_item_sk,store_returns.sr_ticket_number=store_sales.ss_ticket_number,store_returns.sr_customer_sk=catalog_sales.cs_bill_customer_sk,catalog_sales.cs_sold_date_sk=date_dim.d_date_sk,store_returns.sr_item_sk=catalog_sales.cs_item_sk,store_returns.sr_customer_sk=store_sales.ss_customer_sk#date_dim.d_quarter_name,IN,3.0#197680235
store_sales,date_dim,store_returns#store_returns.sr_returned_date_sk=date_dim.d_date_sk,store_returns.sr_item_sk=store_sales.ss_item_sk,store_returns.sr_ticket_number=store_sales.ss_ticket_number,store_returns.sr_customer_sk=store_sales.ss_customer_sk,store_sales.ss_sold_date_sk=date_dim.d_date_sk#date_dim.d_quarter_name,=,1.0,date_dim.d_quarter_name,IN,3.0#1507391363
catalog_sales,store_sales,date_dim#catalog_sales.cs_sold_date_sk=date_dim.d_date_sk,store_sales.ss_item_sk=catalog_sales.cs_item_sk,store_sales.ss_customer_sk=catalog_sales.cs_bill_customer_sk,store_sales.ss_sold_date_sk=date_dim.d_date_sk#date_dim.d_quarter_name,=,1.0,date_dim.d_quarter_name,IN,3.0#1536916786
catalog_sales,store_sales,date_dim,store_returns#store_returns.sr_returned_date_sk=date_dim.d_date_sk,store_returns.sr_item_sk=store_sales.ss_item_sk,store_returns.sr_ticket_number=store_sales.ss_ticket_number,store_returns.sr_customer_sk=catalog_sales.cs_bill_customer_sk,store_returns.sr_item_sk=catalog_sales.cs_item_sk,store_returns.sr_customer_sk=store_sales.ss_customer_sk,store_sales.ss_sold_date_sk=date_dim.d_date_sk#date_dim.d_quarter_name,=,1.0,date_dim.d_quarter_name,IN,3.0#108813553
catalog_sales,store_sales,date_dim,store_returns#store_sales.ss_item_sk=store_returns.sr_item_sk,store_sales.ss_ticket_number=store_returns.sr_ticket_number,store_sales.ss_customer_sk=store_returns.sr_customer_sk,catalog_sales.cs_item_sk=store_returns.sr_item_sk,catalog_sales.cs_bill_customer_sk=store_returns.sr_customer_sk,catalog_sales.cs_sold_date_sk=date_dim.d_date_sk,store_sales.ss_sold_date_sk=date_dim.d_date_sk#date_dim.d_quarter_name,=,1.0,date_dim.d_quarter_name,IN,3.0#378846803
catalog_sales,store_sales,date_dim,store_returns#store_returns.sr_returned_date_sk=date_dim.d_date_sk,store_returns.sr_item_sk=store_sales.ss_item_sk,store_returns.sr_ticket_number=store_sales.ss_ticket_number,catalog_sales.cs_item_sk=store_returns.sr_item_sk,catalog_sales.cs_sold_date_sk=date_dim.d_date_sk,catalog_sales.cs_bill_customer_sk=store_returns.sr_customer_sk,store_returns.sr_customer_sk=store_sales.ss_customer_sk,store_sales.ss_sold_date_sk=date_dim.d_date_sk#date_dim.d_quarter_name,=,1.0,date_dim.d_quarter_name,IN,3.0#-1603330738
store,store_sales,date_dim,store_returns#store_sales.ss_item_sk=store_returns.sr_item_sk,store_sales.ss_ticket_number=store_returns.sr_ticket_number,store_returns.sr_returned_date_sk=date_dim.d_date_sk,store_sales.ss_customer_sk=store_returns.sr_customer_sk,store_sales.ss_store_sk=store.s_store_sk#date_dim.d_quarter_name,IN,3.0#-315185893
catalog_sales,store,store_sales,date_dim#catalog_sales.cs_sold_date_sk=date_dim.d_date_sk,store_sales.ss_item_sk=catalog_sales.cs_item_sk,store_sales.ss_customer_sk=catalog_sales.cs_bill_customer_sk,store_sales.ss_store_sk=store.s_store_sk#date_dim.d_quarter_name,IN,3.0#591866374
store,catalog_sales,store_sales,date_dim,store_returns#store_returns.sr_returned_date_sk=date_dim.d_date_sk,store_returns.sr_item_sk=store_sales.ss_item_sk,store_returns.sr_ticket_number=store_sales.ss_ticket_number,store_sales.ss_store_sk=store.s_store_sk,store_returns.sr_customer_sk=catalog_sales.cs_bill_customer_sk,store_returns.sr_item_sk=catalog_sales.cs_item_sk,store_returns.sr_customer_sk=store_sales.ss_customer_sk#date_dim.d_quarter_name,IN,3.0#-1506227643
store,catalog_sales,store_sales,date_dim,store_returns#store_sales.ss_item_sk=store_returns.sr_item_sk,store_sales.ss_ticket_number=store_returns.sr_ticket_number,store_sales.ss_customer_sk=store_returns.sr_customer_sk,catalog_sales.cs_item_sk=store_returns.sr_item_sk,store_sales.ss_store_sk=store.s_store_sk,catalog_sales.cs_bill_customer_sk=store_returns.sr_customer_sk,catalog_sales.cs_sold_date_sk=date_dim.d_date_sk#date_dim.d_quarter_name,IN,3.0#171726475
catalog_sales,store,store_sales,date_dim,store_returns#store_sales.ss_item_sk=store_returns.sr_item_sk,store_sales.ss_ticket_number=store_returns.sr_ticket_number,store_returns.sr_returned_date_sk=date_dim.d_date_sk,store_sales.ss_customer_sk=store_returns.sr_customer_sk,store_sales.ss_store_sk=store.s_store_sk,store_returns.sr_customer_sk=catalog_sales.cs_bill_customer_sk,catalog_sales.cs_sold_date_sk=date_dim.d_date_sk,store_returns.sr_item_sk=catalog_sales.cs_item_sk#date_dim.d_quarter_name,IN,3.0#7668664
store,store_sales,date_dim,store_returns#store_returns.sr_returned_date_sk=date_dim.d_date_sk,store_returns.sr_item_sk=store_sales.ss_item_sk,store_returns.sr_ticket_number=store_sales.ss_ticket_number,store_sales.ss_sold_date_sk=date_dim.d_date_sk,store.s_store_sk=store_sales.ss_store_sk,store_returns.sr_customer_sk=store_sales.ss_customer_sk#date_dim.d_quarter_name,=,1.0,date_dim.d_quarter_name,IN,3.0#1441889022
catalog_sales,store,store_sales,date_dim#catalog_sales.cs_item_sk=store_sales.ss_item_sk,catalog_sales.cs_bill_customer_sk=store_sales.ss_customer_sk,catalog_sales.cs_sold_date_sk=date_dim.d_date_sk,store.s_store_sk=store_sales.ss_store_sk,store_sales.ss_sold_date_sk=date_dim.d_date_sk#date_dim.d_quarter_name,=,1.0,date_dim.d_quarter_name,IN,3.0#638223877
store,catalog_sales,store_sales,date_dim,store_returns#store_returns.sr_returned_date_sk=date_dim.d_date_sk,store_returns.sr_item_sk=store_sales.ss_item_sk,store_returns.sr_ticket_number=store_sales.ss_ticket_number,store_returns.sr_customer_sk=catalog_sales.cs_bill_customer_sk,store_sales.ss_sold_date_sk=date_dim.d_date_sk,store_returns.sr_item_sk=catalog_sales.cs_item_sk,store.s_store_sk=store_sales.ss_store_sk,store_returns.sr_customer_sk=store_sales.ss_customer_sk#date_dim.d_quarter_name,=,1.0,date_dim.d_quarter_name,IN,3.0#2015918672
catalog_sales,store,store_sales,date_dim,store_returns#store_sales.ss_item_sk=store_returns.sr_item_sk,store_sales.ss_ticket_number=store_returns.sr_ticket_number,store_sales.ss_customer_sk=store_returns.sr_customer_sk,catalog_sales.cs_item_sk=store_returns.sr_item_sk,catalog_sales.cs_bill_customer_sk=store_returns.sr_customer_sk,catalog_sales.cs_sold_date_sk=date_dim.d_date_sk,store.s_store_sk=store_sales.ss_store_sk,store_sales.ss_sold_date_sk=date_dim.d_date_sk#date_dim.d_quarter_name,=,1.0,date_dim.d_quarter_name,IN,3.0#-1937384706
store,catalog_sales,store_sales,date_dim,store_returns#store_returns.sr_returned_date_sk=date_dim.d_date_sk,catalog_sales.cs_item_sk=store_returns.sr_item_sk,catalog_sales.cs_bill_customer_sk=store_returns.sr_customer_sk,store.s_store_sk=store_sales.ss_store_sk,store_sales.ss_sold_date_sk=date_dim.d_date_sk,store_returns.sr_item_sk=store_sales.ss_item_sk,store_returns.sr_ticket_number=store_sales.ss_ticket_number,catalog_sales.cs_sold_date_sk=date_dim.d_date_sk,store_returns.sr_customer_sk=store_sales.ss_customer_sk#date_dim.d_quarter_name,=,1.0,date_dim.d_quarter_name,IN,3.0#-1573751789
item,store_sales,date_dim,store_returns#store_returns.sr_returned_date_sk=date_dim.d_date_sk,store_returns.sr_item_sk=store_sales.ss_item_sk,store_returns.sr_ticket_number=store_sales.ss_ticket_number,store_returns.sr_item_sk=item.i_item_sk,store_returns.sr_customer_sk=store_sales.ss_customer_sk#date_dim.d_quarter_name,IN,3.0#-21884868
catalog_sales,item,store_sales,date_dim#catalog_sales.cs_sold_date_sk=date_dim.d_date_sk,store_sales.ss_item_sk=catalog_sales.cs_item_sk,store_sales.ss_customer_sk=catalog_sales.cs_bill_customer_sk,store_sales.ss_item_sk=item.i_item_sk#date_dim.d_quarter_name,IN,3.0#1030631110
catalog_sales,item,store_sales,date_dim,store_returns#store_sales.ss_item_sk=store_returns.sr_item_sk,store_sales.ss_ticket_number=store_returns.sr_ticket_number,store_returns.sr_returned_date_sk=date_dim.d_date_sk,store_sales.ss_customer_sk=store_returns.sr_customer_sk,store_returns.sr_customer_sk=catalog_sales.cs_bill_customer_sk,store_sales.ss_item_sk=item.i_item_sk,store_returns.sr_item_sk=catalog_sales.cs_item_sk#date_dim.d_quarter_name,IN,3.0#1769731337
catalog_sales,item,store_sales,date_dim,store_returns#store_sales.ss_item_sk=store_returns.sr_item_sk,store_sales.ss_ticket_number=store_returns.sr_ticket_number,store_sales.ss_customer_sk=store_returns.sr_customer_sk,store_sales.ss_item_sk=item.i_item_sk,store_returns.sr_customer_sk=catalog_sales.cs_bill_customer_sk,catalog_sales.cs_sold_date_sk=date_dim.d_date_sk,store_returns.sr_item_sk=catalog_sales.cs_item_sk#date_dim.d_quarter_name,IN,3.0#1440531617
catalog_sales,item,store_sales,date_dim,store_returns#store_sales.ss_item_sk=store_returns.sr_item_sk,store_sales.ss_ticket_number=store_returns.sr_ticket_number,store_returns.sr_returned_date_sk=date_dim.d_date_sk,store_sales.ss_customer_sk=store_returns.sr_customer_sk,catalog_sales.cs_item_sk=store_returns.sr_item_sk,store_sales.ss_item_sk=item.i_item_sk,catalog_sales.cs_bill_customer_sk=store_returns.sr_customer_sk,catalog_sales.cs_sold_date_sk=date_dim.d_date_sk#date_dim.d_quarter_name,IN,3.0#1430734532
item,store_sales,date_dim,store_returns#store_sales.ss_item_sk=store_returns.sr_item_sk,store_sales.ss_ticket_number=store_returns.sr_ticket_number,store_returns.sr_returned_date_sk=date_dim.d_date_sk,store_sales.ss_customer_sk=store_returns.sr_customer_sk,store_returns.sr_item_sk=item.i_item_sk,store_sales.ss_sold_date_sk=date_dim.d_date_sk#date_dim.d_quarter_name,=,1.0,date_dim.d_quarter_name,IN,3.0#-1990643661
catalog_sales,item,store_sales,date_dim#store_sales.ss_item_sk=item.i_item_sk,catalog_sales.cs_sold_date_sk=date_dim.d_date_sk,store_sales.ss_item_sk=catalog_sales.cs_item_sk,store_sales.ss_customer_sk=catalog_sales.cs_bill_customer_sk,store_sales.ss_sold_date_sk=date_dim.d_date_sk#date_dim.d_quarter_name,=,1.0,date_dim.d_quarter_name,IN,3.0#-1173215201
catalog_sales,item,store_sales,date_dim,store_returns#store_returns.sr_returned_date_sk=date_dim.d_date_sk,store_returns.sr_item_sk=store_sales.ss_item_sk,store_returns.sr_ticket_number=store_sales.ss_ticket_number,store_returns.sr_item_sk=item.i_item_sk,store_returns.sr_customer_sk=catalog_sales.cs_bill_customer_sk,store_returns.sr_item_sk=catalog_sales.cs_item_sk,store_returns.sr_customer_sk=store_sales.ss_customer_sk,store_sales.ss_sold_date_sk=date_dim.d_date_sk#date_dim.d_quarter_name,=,1.0,date_dim.d_quarter_name,IN,3.0#2125713469
catalog_sales,item,store_sales,date_dim,store_returns#store_sales.ss_item_sk=store_returns.sr_item_sk,store_sales.ss_ticket_number=store_returns.sr_ticket_number,store_sales.ss_customer_sk=store_returns.sr_customer_sk,store_returns.sr_item_sk=item.i_item_sk,store_returns.sr_customer_sk=catalog_sales.cs_bill_customer_sk,catalog_sales.cs_sold_date_sk=date_dim.d_date_sk,store_returns.sr_item_sk=catalog_sales.cs_item_sk,store_sales.ss_sold_date_sk=date_dim.d_date_sk#date_dim.d_quarter_name,=,1.0,date_dim.d_quarter_name,IN,3.0#676512287
catalog_sales,item,store_sales,date_dim,store_returns#store_returns.sr_returned_date_sk=date_dim.d_date_sk,catalog_sales.cs_item_sk=store_returns.sr_item_sk,catalog_sales.cs_bill_customer_sk=store_returns.sr_customer_sk,store_returns.sr_item_sk=item.i_item_sk,store_sales.ss_sold_date_sk=date_dim.d_date_sk,store_returns.sr_item_sk=store_sales.ss_item_sk,store_returns.sr_ticket_number=store_sales.ss_ticket_number,catalog_sales.cs_sold_date_sk=date_dim.d_date_sk,store_returns.sr_customer_sk=store_sales.ss_customer_sk#date_dim.d_quarter_name,=,1.0,date_dim.d_quarter_name,IN,3.0#-1842332140
store,item,store_sales,date_dim,store_returns#store_sales.ss_item_sk=store_returns.sr_item_sk,store_sales.ss_ticket_number=store_returns.sr_ticket_number,store_returns.sr_returned_date_sk=date_dim.d_date_sk,store_sales.ss_customer_sk=store_returns.sr_customer_sk,store_sales.ss_store_sk=store.s_store_sk,store_returns.sr_item_sk=item.i_item_sk#date_dim.d_quarter_name,IN,3.0#1665438919
store,catalog_sales,item,store_sales,date_dim#store_sales.ss_item_sk=item.i_item_sk,store_sales.ss_store_sk=store.s_store_sk,catalog_sales.cs_sold_date_sk=date_dim.d_date_sk,store_sales.ss_item_sk=catalog_sales.cs_item_sk,store_sales.ss_customer_sk=catalog_sales.cs_bill_customer_sk#date_dim.d_quarter_name,IN,3.0#2018803827
store,catalog_sales,item,store_sales,date_dim,store_returns#store_returns.sr_returned_date_sk=date_dim.d_date_sk,store_returns.sr_item_sk=store_sales.ss_item_sk,store_returns.sr_ticket_number=store_sales.ss_ticket_number,store_returns.sr_item_sk=item.i_item_sk,store_sales.ss_store_sk=store.s_store_sk,store_returns.sr_customer_sk=catalog_sales.cs_bill_customer_sk,store_returns.sr_item_sk=catalog_sales.cs_item_sk,store_returns.sr_customer_sk=store_sales.ss_customer_sk#date_dim.d_quarter_name,IN,3.0#113074321
catalog_sales,store,item,store_sales,date_dim,store_returns#store_returns.sr_item_sk=store_sales.ss_item_sk,store_returns.sr_ticket_number=store_sales.ss_ticket_number,store_returns.sr_item_sk=item.i_item_sk,store_sales.ss_store_sk=store.s_store_sk,store_returns.sr_customer_sk=catalog_sales.cs_bill_customer_sk,catalog_sales.cs_sold_date_sk=date_dim.d_date_sk,store_returns.sr_item_sk=catalog_sales.cs_item_sk,store_returns.sr_customer_sk=store_sales.ss_customer_sk#date_dim.d_quarter_name,IN,3.0#-542970291
catalog_sales,store,item,store_sales,date_dim,store_returns#store_sales.ss_item_sk=store_returns.sr_item_sk,store_returns.sr_returned_date_sk=date_dim.d_date_sk,store_sales.ss_customer_sk=store_returns.sr_customer_sk,store_sales.ss_store_sk=store.s_store_sk,store_returns.sr_item_sk=item.i_item_sk,store_returns.sr_item_sk=catalog_sales.cs_item_sk,store_sales.ss_ticket_number=store_returns.sr_ticket_number,store_returns.sr_customer_sk=catalog_sales.cs_bill_customer_sk,catalog_sales.cs_sold_date_sk=date_dim.d_date_sk#date_dim.d_quarter_name,IN,3.0#1290942990
store,item,store_sales,date_dim,store_returns#store_sales.ss_item_sk=store_returns.sr_item_sk,store_sales.ss_ticket_number=store_returns.sr_ticket_number,store_returns.sr_returned_date_sk=date_dim.d_date_sk,store_sales.ss_customer_sk=store_returns.sr_customer_sk,store_returns.sr_item_sk=item.i_item_sk,store.s_store_sk=store_sales.ss_store_sk,store_sales.ss_sold_date_sk=date_dim.d_date_sk#date_dim.d_quarter_name,=,1.0,date_dim.d_quarter_name,IN,3.0#-844123224
catalog_sales,store,item,store_sales,date_dim#catalog_sales.cs_item_sk=store_sales.ss_item_sk,catalog_sales.cs_bill_customer_sk=store_sales.ss_customer_sk,catalog_sales.cs_sold_date_sk=date_dim.d_date_sk,catalog_sales.cs_item_sk=item.i_item_sk,store.s_store_sk=store_sales.ss_store_sk,store_sales.ss_sold_date_sk=date_dim.d_date_sk#date_dim.d_quarter_name,=,1.0,date_dim.d_quarter_name,IN,3.0#90252380
store,catalog_sales,item,store_sales,date_dim,store_returns#store_returns.sr_returned_date_sk=date_dim.d_date_sk,store_returns.sr_item_sk=item.i_item_sk,store_returns.sr_item_sk=catalog_sales.cs_item_sk,store.s_store_sk=store_sales.ss_store_sk,store_sales.ss_sold_date_sk=date_dim.d_date_sk,store_returns.sr_item_sk=store_sales.ss_item_sk,store_returns.sr_ticket_number=store_sales.ss_ticket_number,store_returns.sr_customer_sk=catalog_sales.cs_bill_customer_sk,store_returns.sr_customer_sk=store_sales.ss_customer_sk#date_dim.d_quarter_name,=,1.0,date_dim.d_quarter_name,IN,3.0#-832104828
store,catalog_sales,item,store_sales,date_dim,store_returns#store_returns.sr_item_sk=catalog_sales.cs_item_sk,store_returns.sr_item_sk=item.i_item_sk,store.s_store_sk=store_sales.ss_store_sk,store_sales.ss_sold_date_sk=date_dim.d_date_sk,store_returns.sr_item_sk=store_sales.ss_item_sk,store_returns.sr_ticket_number=store_sales.ss_ticket_number,store_returns.sr_customer_sk=catalog_sales.cs_bill_customer_sk,catalog_sales.cs_sold_date_sk=date_dim.d_date_sk,store_returns.sr_customer_sk=store_sales.ss_customer_sk#date_dim.d_quarter_name,=,1.0,date_dim.d_quarter_name,IN,3.0#1018167940
date_dim,store_returns#store_returns.sr_returned_date_sk=date_dim.d_date_sk#date_dim.d_quarter_name,IN,3.0#916810051
date_dim,store_sales#store_sales.ss_sold_date_sk=date_dim.d_date_sk#date_dim.d_quarter_name,=,1.0#-1085642655
catalog_sales,date_dim#catalog_sales.cs_sold_date_sk=date_dim.d_date_sk#date_dim.d_quarter_name,IN,3.0#1483667951
date_dim,item,store_returns#item.i_item_sk=store_returns.sr_item_sk,store_returns.sr_returned_date_sk=date_dim.d_date_sk#date_dim.d_quarter_name,IN,3.0#65357031
catalog_sales,item,date_dim,store_returns#item.i_item_sk=store_returns.sr_item_sk,store_returns.sr_returned_date_sk=date_dim.d_date_sk,store_returns.sr_customer_sk=catalog_sales.cs_bill_customer_sk,catalog_sales.cs_sold_date_sk=date_dim.d_date_sk,store_returns.sr_item_sk=catalog_sales.cs_item_sk#date_dim.d_quarter_name,IN,3.0#1341898624
store,date_dim,store_sales#store_sales.ss_sold_date_sk=date_dim.d_date_sk,store_sales.ss_store_sk=store.s_store_sk#date_dim.d_quarter_name,=,1.0#-1319962900
store,catalog_sales,item,store_sales,date_dim,store_returns#store_returns.sr_returned_date_sk=date_dim.d_date_sk,store_sales.ss_store_sk=store.s_store_sk,store_returns.sr_item_sk=catalog_sales.cs_item_sk,store_sales.ss_sold_date_sk=date_dim.d_date_sk,item.i_item_sk=store_returns.sr_item_sk,store_returns.sr_item_sk=store_sales.ss_item_sk,store_returns.sr_ticket_number=store_sales.ss_ticket_number,store_returns.sr_customer_sk=catalog_sales.cs_bill_customer_sk,catalog_sales.cs_sold_date_sk=date_dim.d_date_sk,store_returns.sr_customer_sk=store_sales.ss_customer_sk#date_dim.d_quarter_name,=,1.0,date_dim.d_quarter_name,IN,3.0#-964366639
catalog_sales,date_dim,customer#catalog_sales.cs_sold_date_sk=date_dim.d_date_sk,catalog_sales.cs_bill_customer_sk=customer.c_customer_sk#date_dim.d_moy,=,1.0,date_dim.d_year,=,2000.0#1751699688
date_dim,web_sales,customer#web_sales.ws_bill_customer_sk=customer.c_customer_sk,web_sales.ws_sold_date_sk=date_dim.d_date_sk#date_dim.d_moy,=,1.0,date_dim.d_year,=,2000.0#1911727942
catalog_sales,date_dim,customer#catalog_sales.cs_sold_date_sk=date_dim.d_date_sk,catalog_sales.cs_bill_customer_sk=customer.c_customer_sk#date_dim.d_moy,=,1.0,date_dim.d_year,=,2000.0#1746692180
date_dim,web_sales,customer#web_sales.ws_sold_date_sk=date_dim.d_date_sk,customer.c_customer_sk=web_sales.ws_bill_customer_sk#date_dim.d_moy,=,1.0,date_dim.d_year,=,2000.0#2008713948
date_dim,web_returns#web_returns.wr_returned_date_sk=date_dim.d_date_sk#date_dim.d_year,=,2002.0#-380981340
customer_address,web_returns#web_returns.wr_returning_addr_sk=customer_address.ca_address_sk##-44322159
customer_address,customer#customer.c_current_addr_sk=customer_address.ca_address_sk#customer_address.ca_state,=,1.0#1745025445
date_dim,web_returns#web_returns.wr_returned_date_sk=date_dim.d_date_sk#date_dim.d_year,=,2002.0#1293940646
date_dim,customer_address,web_returns#customer_address.ca_address_sk=web_returns.wr_returning_addr_sk,web_returns.wr_returned_date_sk=date_dim.d_date_sk#date_dim.d_year,=,2002.0#-321152404
catalog_sales,date_dim#catalog_sales.cs_sold_date_sk=date_dim.d_date_sk#date_dim.d_month_seq,>=,1176.0,date_dim.d_month_seq,<=,1187.0#-908784943
date_dim,web_sales#web_sales.ws_sold_date_sk=date_dim.d_date_sk#date_dim.d_month_seq,>=,1176.0,date_dim.d_month_seq,<=,1187.0#211628927
catalog_sales,date_dim#catalog_sales.cs_sold_date_sk=date_dim.d_date_sk#date_dim.d_month_seq,>=,1176.0,date_dim.d_month_seq,<=,1187.0#1819783523
date_dim,store_sales,customer#store_sales.ss_customer_sk=customer.c_customer_sk,store_sales.ss_sold_date_sk=date_dim.d_date_sk#date_dim.d_month_seq,>=,1176.0,date_dim.d_month_seq,<=,1187.0#-572484778
catalog_sales,date_dim,customer#catalog_sales.cs_sold_date_sk=date_dim.d_date_sk,catalog_sales.cs_bill_customer_sk=customer.c_customer_sk#date_dim.d_month_seq,>=,1176.0,date_dim.d_month_seq,<=,1187.0#1978946328
date_dim,web_sales,customer#web_sales.ws_bill_customer_sk=customer.c_customer_sk,web_sales.ws_sold_date_sk=date_dim.d_date_sk#date_dim.d_month_seq,>=,1176.0,date_dim.d_month_seq,<=,1187.0#-1144394446
date_dim,store_sales#store_sales.ss_sold_date_sk=date_dim.d_date_sk#date_dim.d_year,IN,3.0,date_dim.d_dow,IN,2.0#1576186038
store,store_sales#store_sales.ss_store_sk=store.s_store_sk#store.s_city,IN,5.0#594122246
store,date_dim,store_sales#store_sales.ss_store_sk=store.s_store_sk,store_sales.ss_sold_date_sk=date_dim.d_date_sk#date_dim.d_year,IN,3.0,date_dim.d_dow,IN,2.0,store.s_city,IN,5.0#-25363182
date_dim,store_sales,household_demographics#store_sales.ss_hdemo_sk=household_demographics.hd_demo_sk,store_sales.ss_sold_date_sk=date_dim.d_date_sk#household_demographics.hd_vehicle_count,=,3.0,date_dim.d_year,IN,3.0,date_dim.d_dow,IN,2.0,household_demographics.hd_dep_count,=,4.0#467221391
store,store_sales,household_demographics#store_sales.ss_hdemo_sk=household_demographics.hd_demo_sk,store_sales.ss_store_sk=store.s_store_sk#household_demographics.hd_vehicle_count,=,3.0,household_demographics.hd_dep_count,=,4.0,store.s_city,IN,5.0#369620573
store,store_sales,date_dim,household_demographics#store_sales.ss_store_sk=store.s_store_sk,store_sales.ss_hdemo_sk=household_demographics.hd_demo_sk,store_sales.ss_sold_date_sk=date_dim.d_date_sk#household_demographics.hd_vehicle_count,=,3.0,store.s_city,IN,5.0,date_dim.d_year,IN,3.0,date_dim.d_dow,IN,2.0,household_demographics.hd_dep_count,=,4.0#-276252429
date_dim,customer_address,store_sales#store_sales.ss_addr_sk=customer_address.ca_address_sk,store_sales.ss_sold_date_sk=date_dim.d_date_sk#date_dim.d_year,IN,3.0,date_dim.d_dow,IN,2.0#478920460
store,customer_address,store_sales#store_sales.ss_addr_sk=customer_address.ca_address_sk,store_sales.ss_store_sk=store.s_store_sk#store.s_city,IN,5.0#-1256412816
store,customer_address,store_sales,date_dim#store_sales.ss_addr_sk=customer_address.ca_address_sk,store_sales.ss_store_sk=store.s_store_sk,store_sales.ss_sold_date_sk=date_dim.d_date_sk#date_dim.d_year,IN,3.0,date_dim.d_dow,IN,2.0,store.s_city,IN,5.0#-961239888
customer_address,store_sales,date_dim,household_demographics#store_sales.ss_addr_sk=customer_address.ca_address_sk,store_sales.ss_hdemo_sk=household_demographics.hd_demo_sk,store_sales.ss_sold_date_sk=date_dim.d_date_sk#household_demographics.hd_vehicle_count,=,3.0,date_dim.d_year,IN,3.0,date_dim.d_dow,IN,2.0,household_demographics.hd_dep_count,=,4.0#573215635
store,customer_address,store_sales,household_demographics#store_sales.ss_addr_sk=customer_address.ca_address_sk,store_sales.ss_hdemo_sk=household_demographics.hd_demo_sk,store_sales.ss_store_sk=store.s_store_sk#household_demographics.hd_vehicle_count,=,3.0,household_demographics.hd_dep_count,=,4.0,store.s_city,IN,5.0#1846375353
store,store_sales#store_sales.ss_store_sk=store.s_store_sk#store.s_city,IN,5.0#-1139131768
store,date_dim,store_sales#store_sales.ss_store_sk=store.s_store_sk,store_sales.ss_sold_date_sk=date_dim.d_date_sk#date_dim.d_year,IN,3.0,date_dim.d_dow,IN,2.0,store.s_city,IN,5.0#-2097449074
store,store_sales,date_dim,household_demographics#store_sales.ss_store_sk=store.s_store_sk,store_sales.ss_hdemo_sk=household_demographics.hd_demo_sk,store_sales.ss_sold_date_sk=date_dim.d_date_sk#household_demographics.hd_vehicle_count,=,3.0,store.s_city,IN,5.0,date_dim.d_year,IN,3.0,date_dim.d_dow,IN,2.0,household_demographics.hd_dep_count,=,4.0#540113205
store,customer_address,store_sales,date_dim,household_demographics#store_sales.ss_addr_sk=customer_address.ca_address_sk,store_sales.ss_store_sk=store.s_store_sk,store_sales.ss_hdemo_sk=household_demographics.hd_demo_sk,store_sales.ss_sold_date_sk=date_dim.d_date_sk#household_demographics.hd_vehicle_count,=,3.0,store.s_city,IN,5.0,date_dim.d_year,IN,3.0,date_dim.d_dow,IN,2.0,household_demographics.hd_dep_count,=,4.0#886509403
store,customer_address#customer_address.ca_state=store.s_state,customer_address.ca_county=store.s_county##-1108817975
web_sales,warehouse#web_sales.ws_warehouse_sk=warehouse.w_warehouse_sk##-1329227322
web_sales,ship_mode#web_sales.ws_ship_mode_sk=ship_mode.sm_ship_mode_sk##-529909835
web_sales,ship_mode,warehouse#web_sales.ws_ship_mode_sk=ship_mode.sm_ship_mode_sk,web_sales.ws_warehouse_sk=warehouse.w_warehouse_sk##1592278403
web_sales,web_site#web_sales.ws_web_site_sk=web_site.web_site_sk##-522848001
web_sales,web_site,warehouse#web_site.web_site_sk=web_sales.ws_web_site_sk,web_sales.ws_warehouse_sk=warehouse.w_warehouse_sk##377916205
web_sales,ship_mode,web_site#web_sales.ws_web_site_sk=web_site.web_site_sk,web_sales.ws_ship_mode_sk=ship_mode.sm_ship_mode_sk##-1336977220
web_sales,ship_mode,web_site,warehouse#web_sales.ws_web_site_sk=web_site.web_site_sk,web_sales.ws_warehouse_sk=warehouse.w_warehouse_sk,web_sales.ws_ship_mode_sk=ship_mode.sm_ship_mode_sk##2070928398
date_dim,web_sales#web_sales.ws_ship_date_sk=date_dim.d_date_sk#date_dim.d_month_seq,>=,1176.0,date_dim.d_month_seq,<=,1187.0#1369629927
date_dim,web_sales,warehouse#web_sales.ws_ship_date_sk=date_dim.d_date_sk,web_sales.ws_warehouse_sk=warehouse.w_warehouse_sk#date_dim.d_month_seq,>=,1176.0,date_dim.d_month_seq,<=,1187.0#-567021887
date_dim,web_sales,ship_mode#web_sales.ws_ship_mode_sk=ship_mode.sm_ship_mode_sk,web_sales.ws_ship_date_sk=date_dim.d_date_sk#date_dim.d_month_seq,>=,1176.0,date_dim.d_month_seq,<=,1187.0#1196477988
web_sales,ship_mode,warehouse,date_dim#web_sales.ws_ship_mode_sk=ship_mode.sm_ship_mode_sk,web_sales.ws_ship_date_sk=date_dim.d_date_sk,web_sales.ws_warehouse_sk=warehouse.w_warehouse_sk#date_dim.d_month_seq,>=,1176.0,date_dim.d_month_seq,<=,1187.0#-998781006
date_dim,web_sales,web_site#web_sales.ws_web_site_sk=web_site.web_site_sk,web_sales.ws_ship_date_sk=date_dim.d_date_sk#date_dim.d_month_seq,>=,1176.0,date_dim.d_month_seq,<=,1187.0#-779105478
web_sales,web_site,warehouse,date_dim#web_site.web_site_sk=web_sales.ws_web_site_sk,web_sales.ws_ship_date_sk=date_dim.d_date_sk,web_sales.ws_warehouse_sk=warehouse.w_warehouse_sk#date_dim.d_month_seq,>=,1176.0,date_dim.d_month_seq,<=,1187.0#1625144348
web_sales,ship_mode,web_site,date_dim#web_sales.ws_web_site_sk=web_site.web_site_sk,web_sales.ws_ship_date_sk=date_dim.d_date_sk,web_sales.ws_ship_mode_sk=ship_mode.sm_ship_mode_sk#date_dim.d_month_seq,>=,1176.0,date_dim.d_month_seq,<=,1187.0#1053031735
web_sales,ship_mode#web_sales.ws_ship_mode_sk=ship_mode.sm_ship_mode_sk##-2123939997
date_dim,web_sales,ship_mode#web_sales.ws_ship_mode_sk=ship_mode.sm_ship_mode_sk,web_sales.ws_ship_date_sk=date_dim.d_date_sk#date_dim.d_month_seq,>=,1176.0,date_dim.d_month_seq,<=,1187.0#-2044088688
web_sales,ship_mode,warehouse,date_dim#web_sales.ws_ship_mode_sk=ship_mode.sm_ship_mode_sk,web_sales.ws_ship_date_sk=date_dim.d_date_sk,web_sales.ws_warehouse_sk=warehouse.w_warehouse_sk#date_dim.d_month_seq,>=,1176.0,date_dim.d_month_seq,<=,1187.0#1048780336
web_sales,ship_mode,web_site,warehouse,date_dim#web_sales.ws_web_site_sk=web_site.web_site_sk,web_sales.ws_ship_date_sk=date_dim.d_date_sk,web_sales.ws_warehouse_sk=warehouse.w_warehouse_sk,web_sales.ws_ship_mode_sk=ship_mode.sm_ship_mode_sk#date_dim.d_month_seq,>=,1176.0,date_dim.d_month_seq,<=,1187.0#751597625
date_dim,store_sales#store_sales.ss_sold_date_sk=date_dim.d_date_sk#date_dim.d_month_seq,>=,1176.0,date_dim.d_month_seq,<=,1187.0#-677936565
store,date_dim,store_sales#store_sales.ss_sold_date_sk=date_dim.d_date_sk,store_sales.ss_store_sk=store.s_store_sk#date_dim.d_month_seq,>=,1176.0,date_dim.d_month_seq,<=,1187.0#1537723430
store_returns,store_sales#store_sales.ss_ticket_number=store_returns.sr_ticket_number,store_sales.ss_item_sk=store_returns.sr_item_sk##-576659081
web_sales,web_returns#web_sales.ws_item_sk=web_returns.wr_item_sk,web_sales.ws_order_number=web_returns.wr_order_number##-582443402
catalog_sales,catalog_returns#catalog_sales.cs_item_sk=catalog_returns.cr_item_sk,catalog_sales.cs_order_number=catalog_returns.cr_order_number##-1261959590
date_dim,web_sales#web_sales.ws_sold_date_sk=date_dim.d_date_sk#date_dim.d_month_seq,>=,1176.0,date_dim.d_month_seq,<=,1187.0#-1176915523
date_dim,web_sales,item#web_sales.ws_sold_date_sk=date_dim.d_date_sk,web_sales.ws_item_sk=item.i_item_sk#date_dim.d_month_seq,>=,1176.0,date_dim.d_month_seq,<=,1187.0#1359915324
date_dim,web_sales,item#web_sales.ws_sold_date_sk=date_dim.d_date_sk,web_sales.ws_item_sk=item.i_item_sk#date_dim.d_month_seq,>=,1176.0,date_dim.d_month_seq,<=,1187.0#-1994070996
date_dim,web_sales#web_sales.ws_ship_date_sk=date_dim.d_date_sk#date_dim.d_date,<=,957052800.0,date_dim.d_date,>=,951868800.0#1497402350
customer_address,web_sales#web_sales.ws_ship_addr_sk=customer_address.ca_address_sk#customer_address.ca_state,=,1.0#2040421661
date_dim,customer_address,web_sales#web_sales.ws_ship_date_sk=date_dim.d_date_sk,web_sales.ws_ship_addr_sk=customer_address.ca_address_sk#date_dim.d_date,<=,957052800.0,customer_address.ca_state,=,1.0,date_dim.d_date,>=,951868800.0#720695713
web_sales,web_site#web_sales.ws_web_site_sk=web_site.web_site_sk#web_site.web_company_name,=,1.0#-2146094039
date_dim,web_sales,web_site#web_sales.ws_web_site_sk=web_site.web_site_sk,web_sales.ws_ship_date_sk=date_dim.d_date_sk#date_dim.d_date,<=,957052800.0,date_dim.d_date,>=,951868800.0,web_site.web_company_name,=,1.0#-1992190563
customer_address,web_sales,web_site#web_sales.ws_web_site_sk=web_site.web_site_sk,web_sales.ws_ship_addr_sk=customer_address.ca_address_sk#customer_address.ca_state,=,1.0,web_site.web_company_name,=,1.0#-1346491252
customer_address,web_sales,web_site,date_dim#web_sales.ws_web_site_sk=web_site.web_site_sk,customer_address.ca_address_sk=web_sales.ws_ship_addr_sk,web_sales.ws_ship_date_sk=date_dim.d_date_sk#date_dim.d_date,<=,957052800.0,customer_address.ca_state,=,1.0,date_dim.d_date,>=,951868800.0,web_site.web_company_name,=,1.0#-1817592384
web_sales#web_sales.ws_order_number=web_sales.ws_order_number,web_sales.ws_warehouse_sk=web_sales.ws_warehouse_sk##-1000793621
date_dim,web_sales#web_sales.ws_order_number=web_sales.ws_order_number,web_sales.ws_warehouse_sk=web_sales.ws_warehouse_sk,web_sales.ws_ship_date_sk=date_dim.d_date_sk#date_dim.d_date,<=,957052800.0,date_dim.d_date,>=,951868800.0#1952876969
customer_address,web_sales#web_sales.ws_warehouse_sk=web_sales.ws_warehouse_sk,web_sales.ws_order_number=web_sales.ws_order_number,web_sales.ws_ship_addr_sk=customer_address.ca_address_sk#customer_address.ca_state,=,1.0#-1406624252
date_dim,customer_address,web_sales#web_sales.ws_order_number=web_sales.ws_order_number,web_sales.ws_warehouse_sk=web_sales.ws_warehouse_sk,web_sales.ws_ship_addr_sk=customer_address.ca_address_sk,web_sales.ws_ship_date_sk=date_dim.d_date_sk#date_dim.d_date,<=,957052800.0,customer_address.ca_state,=,1.0,date_dim.d_date,>=,951868800.0#-1226592734
web_sales,web_site#web_sales.ws_web_site_sk=web_site.web_site_sk,web_sales.ws_order_number=web_sales.ws_order_number,web_sales.ws_warehouse_sk=web_sales.ws_warehouse_sk#web_site.web_company_name,=,1.0#-1570365030
date_dim,web_sales,web_site#web_sales.ws_web_site_sk=web_site.web_site_sk,web_sales.ws_order_number=web_sales.ws_order_number,web_sales.ws_warehouse_sk=web_sales.ws_warehouse_sk,web_sales.ws_ship_date_sk=date_dim.d_date_sk#date_dim.d_date,<=,957052800.0,date_dim.d_date,>=,951868800.0,web_site.web_company_name,=,1.0#-1774064934
customer_address,web_sales,web_site#web_sales.ws_warehouse_sk=web_sales.ws_warehouse_sk,web_sales.ws_web_site_sk=web_site.web_site_sk,web_sales.ws_order_number=web_sales.ws_order_number,web_sales.ws_ship_addr_sk=customer_address.ca_address_sk#customer_address.ca_state,=,1.0,web_site.web_company_name,=,1.0#427176309
customer_address,web_sales,web_site,date_dim#web_sales.ws_warehouse_sk=web_sales.ws_warehouse_sk,customer_address.ca_address_sk=web_sales.ws_ship_addr_sk,web_sales.ws_ship_date_sk=date_dim.d_date_sk,web_sales.ws_web_site_sk=web_site.web_site_sk,web_sales.ws_order_number=web_sales.ws_order_number#date_dim.d_date,<=,957052800.0,customer_address.ca_state,=,1.0,date_dim.d_date,>=,951868800.0,web_site.web_company_name,=,1.0#1904432355
web_sales,web_returns#web_sales.ws_order_number=web_returns.wr_order_number##-330442916
date_dim,web_sales,web_returns#web_sales.ws_order_number=web_returns.wr_order_number,web_sales.ws_ship_date_sk=date_dim.d_date_sk#date_dim.d_date,<=,957052800.0,date_dim.d_date,>=,951868800.0#-454092706
customer_address,web_sales,web_returns#web_sales.ws_order_number=web_returns.wr_order_number,web_sales.ws_ship_addr_sk=customer_address.ca_address_sk#customer_address.ca_state,=,1.0#544036281
customer_address,web_sales,web_returns,date_dim#web_sales.ws_order_number=web_returns.wr_order_number,web_sales.ws_ship_date_sk=date_dim.d_date_sk,web_sales.ws_ship_addr_sk=customer_address.ca_address_sk#date_dim.d_date,<=,957052800.0,customer_address.ca_state,=,1.0,date_dim.d_date,>=,951868800.0#-1646960571
web_sales,web_returns,web_site#web_sales.ws_web_site_sk=web_site.web_site_sk,web_sales.ws_order_number=web_returns.wr_order_number#web_site.web_company_name,=,1.0#572767693
web_sales,web_returns,web_site,date_dim#web_sales.ws_web_site_sk=web_site.web_site_sk,web_sales.ws_order_number=web_returns.wr_order_number,web_sales.ws_ship_date_sk=date_dim.d_date_sk#date_dim.d_date,<=,957052800.0,date_dim.d_date,>=,951868800.0,web_site.web_company_name,=,1.0#-1127994099
customer_address,web_sales,web_returns,web_site#web_sales.ws_web_site_sk=web_site.web_site_sk,web_sales.ws_order_number=web_returns.wr_order_number,customer_address.ca_address_sk=web_sales.ws_ship_addr_sk#customer_address.ca_state,=,1.0,web_site.web_company_name,=,1.0#298500968
customer_address,web_sales,web_returns,web_site,date_dim#web_sales.ws_web_site_sk=web_site.web_site_sk,web_sales.ws_order_number=web_returns.wr_order_number,customer_address.ca_address_sk=web_sales.ws_ship_addr_sk,web_sales.ws_ship_date_sk=date_dim.d_date_sk#date_dim.d_date,<=,957052800.0,customer_address.ca_state,=,1.0,date_dim.d_date,>=,951868800.0,web_site.web_company_name,=,1.0#-182485660
web_sales,web_returns#web_sales.ws_order_number=web_returns.wr_order_number,web_sales.ws_order_number=web_sales.ws_order_number,web_sales.ws_warehouse_sk=web_sales.ws_warehouse_sk##137431367
date_dim,web_sales,web_returns#web_sales.ws_order_number=web_returns.wr_order_number,web_sales.ws_order_number=web_sales.ws_order_number,web_sales.ws_warehouse_sk=web_sales.ws_warehouse_sk,web_sales.ws_ship_date_sk=date_dim.d_date_sk#date_dim.d_date,<=,957052800.0,date_dim.d_date,>=,951868800.0#-1316857139
customer_address,web_sales,web_returns#web_sales.ws_order_number=web_returns.wr_order_number,customer_address.ca_address_sk=web_sales.ws_ship_addr_sk,web_sales.ws_warehouse_sk=web_sales.ws_warehouse_sk,web_sales.ws_order_number=web_sales.ws_order_number#customer_address.ca_state,=,1.0#-398619050
customer_address,web_sales,web_returns,date_dim#web_sales.ws_warehouse_sk=web_sales.ws_warehouse_sk,web_sales.ws_ship_date_sk=date_dim.d_date_sk,web_sales.ws_order_number=web_returns.wr_order_number,web_sales.ws_order_number=web_sales.ws_order_number,web_sales.ws_ship_addr_sk=customer_address.ca_address_sk#date_dim.d_date,<=,957052800.0,customer_address.ca_state,=,1.0,date_dim.d_date,>=,951868800.0#1082753938
web_sales,web_returns,web_site#web_sales.ws_web_site_sk=web_site.web_site_sk,web_sales.ws_order_number=web_returns.wr_order_number,web_sales.ws_order_number=web_sales.ws_order_number,web_sales.ws_warehouse_sk=web_sales.ws_warehouse_sk#web_site.web_company_name,=,1.0#-1844978698
web_sales,web_returns,web_site,date_dim#web_sales.ws_warehouse_sk=web_sales.ws_warehouse_sk,web_sales.ws_ship_date_sk=date_dim.d_date_sk,web_sales.ws_web_site_sk=web_site.web_site_sk,web_sales.ws_order_number=web_returns.wr_order_number,web_sales.ws_order_number=web_sales.ws_order_number#date_dim.d_date,<=,957052800.0,date_dim.d_date,>=,951868800.0,web_site.web_company_name,=,1.0#-260632322
customer_address,web_sales,web_returns,web_site#web_sales.ws_warehouse_sk=web_sales.ws_warehouse_sk,web_sales.ws_web_site_sk=web_site.web_site_sk,web_sales.ws_order_number=web_returns.wr_order_number,web_sales.ws_order_number=web_sales.ws_order_number,web_sales.ws_ship_addr_sk=customer_address.ca_address_sk#customer_address.ca_state,=,1.0,web_site.web_company_name,=,1.0#-2087255591
date_dim,web_sales#web_sales.ws_ship_date_sk=date_dim.d_date_sk#date_dim.d_date,<=,957052800.0,date_dim.d_date,>=,951868800.0#199720176
date_dim,customer_address,web_sales#web_sales.ws_ship_date_sk=date_dim.d_date_sk,web_sales.ws_ship_addr_sk=customer_address.ca_address_sk#date_dim.d_date,<=,957052800.0,customer_address.ca_state,=,1.0,date_dim.d_date,>=,951868800.0#-719344099
date_dim,customer_address,web_sales#web_sales.ws_order_number=web_sales.ws_order_number,web_sales.ws_warehouse_sk=web_sales.ws_warehouse_sk,web_sales.ws_ship_addr_sk=customer_address.ca_address_sk,web_sales.ws_ship_date_sk=date_dim.d_date_sk#date_dim.d_date,<=,957052800.0,customer_address.ca_state,=,1.0,date_dim.d_date,>=,951868800.0#693156117
customer_address,web_sales,web_returns,date_dim#web_sales.ws_warehouse_sk=web_sales.ws_warehouse_sk,web_sales.ws_ship_date_sk=date_dim.d_date_sk,web_sales.ws_order_number=web_returns.wr_order_number,web_sales.ws_order_number=web_sales.ws_order_number,web_sales.ws_ship_addr_sk=customer_address.ca_address_sk#date_dim.d_date,<=,957052800.0,customer_address.ca_state,=,1.0,date_dim.d_date,>=,951868800.0#-1548955673
customer_address,web_sales,web_returns,web_site,date_dim#web_sales.ws_warehouse_sk=web_sales.ws_warehouse_sk,web_sales.ws_ship_date_sk=date_dim.d_date_sk,web_sales.ws_web_site_sk=web_site.web_site_sk,web_sales.ws_order_number=web_returns.wr_order_number,web_sales.ws_order_number=web_sales.ws_order_number,web_sales.ws_ship_addr_sk=customer_address.ca_address_sk#date_dim.d_date,<=,957052800.0,customer_address.ca_state,=,1.0,date_dim.d_date,>=,951868800.0,web_site.web_company_name,=,1.0#-2091972392
customer_address,customer#customer.c_current_addr_sk=customer_address.ca_address_sk#customer.c_birth_month,IN,6.0,customer_address.ca_state,IN,7.0#-385211520
customer,customer_demographics#customer.c_current_cdemo_sk=customer_demographics.cd_demo_sk#customer.c_birth_month,IN,6.0#-1064626177
customer_address,customer,customer_demographics#customer.c_current_addr_sk=customer_address.ca_address_sk,customer.c_current_cdemo_sk=customer_demographics.cd_demo_sk#customer.c_birth_month,IN,6.0,customer_address.ca_state,IN,7.0#1592444360
catalog_sales,customer_demographics#catalog_sales.cs_bill_cdemo_sk=customer_demographics.cd_demo_sk#customer_demographics.cd_education_status,=,1.0,customer_demographics.cd_gender,=,1.0#-918775638
catalog_sales,customer#catalog_sales.cs_bill_customer_sk=customer.c_customer_sk#customer.c_birth_month,IN,6.0#-195391998
catalog_sales,customer,customer_demographics#catalog_sales.cs_bill_customer_sk=customer.c_customer_sk,catalog_sales.cs_bill_cdemo_sk=customer_demographics.cd_demo_sk#customer.c_birth_month,IN,6.0,customer_demographics.cd_education_status,=,1.0,customer_demographics.cd_gender,=,1.0#-1864197198
catalog_sales,date_dim#catalog_sales.cs_sold_date_sk=date_dim.d_date_sk#date_dim.d_year,=,2000.0#-1908846264
catalog_sales,date_dim,customer_demographics#catalog_sales.cs_sold_date_sk=date_dim.d_date_sk,catalog_sales.cs_bill_cdemo_sk=customer_demographics.cd_demo_sk#date_dim.d_year,=,2000.0,customer_demographics.cd_education_status,=,1.0,customer_demographics.cd_gender,=,1.0#-376788648
catalog_sales,date_dim,customer#catalog_sales.cs_sold_date_sk=date_dim.d_date_sk,catalog_sales.cs_bill_customer_sk=customer.c_customer_sk#customer.c_birth_month,IN,6.0,date_dim.d_year,=,2000.0#1626107604
catalog_sales,customer,date_dim,customer_demographics#catalog_sales.cs_sold_date_sk=date_dim.d_date_sk,catalog_sales.cs_bill_customer_sk=customer.c_customer_sk,catalog_sales.cs_bill_cdemo_sk=customer_demographics.cd_demo_sk#customer.c_birth_month,IN,6.0,date_dim.d_year,=,2000.0,customer_demographics.cd_education_status,=,1.0,customer_demographics.cd_gender,=,1.0#718163140
catalog_sales,item,customer_demographics#catalog_sales.cs_bill_cdemo_sk=customer_demographics.cd_demo_sk,catalog_sales.cs_item_sk=item.i_item_sk#customer_demographics.cd_education_status,=,1.0,customer_demographics.cd_gender,=,1.0#-173951353
catalog_sales,item,customer#customer.c_customer_sk=catalog_sales.cs_bill_customer_sk,catalog_sales.cs_item_sk=item.i_item_sk#customer.c_birth_month,IN,6.0#-48805019
catalog_sales,item,customer,customer_demographics#catalog_sales.cs_bill_customer_sk=customer.c_customer_sk,catalog_sales.cs_bill_cdemo_sk=customer_demographics.cd_demo_sk,catalog_sales.cs_item_sk=item.i_item_sk#customer.c_birth_month,IN,6.0,customer_demographics.cd_education_status,=,1.0,customer_demographics.cd_gender,=,1.0#-516190123
catalog_sales,date_dim,item#catalog_sales.cs_sold_date_sk=date_dim.d_date_sk,catalog_sales.cs_item_sk=item.i_item_sk#date_dim.d_year,=,2000.0#1588765861
catalog_sales,item,date_dim,customer_demographics#catalog_sales.cs_sold_date_sk=date_dim.d_date_sk,catalog_sales.cs_bill_cdemo_sk=customer_demographics.cd_demo_sk,catalog_sales.cs_item_sk=item.i_item_sk#date_dim.d_year,=,2000.0,customer_demographics.cd_education_status,=,1.0,customer_demographics.cd_gender,=,1.0#-749037003
catalog_sales,item,customer,date_dim#catalog_sales.cs_sold_date_sk=date_dim.d_date_sk,catalog_sales.cs_bill_customer_sk=customer.c_customer_sk,catalog_sales.cs_item_sk=item.i_item_sk#customer.c_birth_month,IN,6.0,date_dim.d_year,=,2000.0#-1061519881
catalog_sales,item,customer,date_dim,customer_demographics#catalog_sales.cs_sold_date_sk=date_dim.d_date_sk,catalog_sales.cs_bill_customer_sk=customer.c_customer_sk,catalog_sales.cs_bill_cdemo_sk=customer_demographics.cd_demo_sk,catalog_sales.cs_item_sk=item.i_item_sk#customer.c_birth_month,IN,6.0,date_dim.d_year,=,2000.0,customer_demographics.cd_education_status,=,1.0,customer_demographics.cd_gender,=,1.0#-1338571161
catalog_sales,customer_demographics#catalog_sales.cs_bill_cdemo_sk=customer_demographics.cd_demo_sk#customer_demographics.cd_education_status,=,1.0,customer_demographics.cd_gender,=,1.0#-1208903298
catalog_sales,customer,customer_demographics#customer.c_customer_sk=catalog_sales.cs_bill_customer_sk,customer.c_current_cdemo_sk=customer_demographics.cd_demo_sk#customer.c_birth_month,IN,6.0#1554876882
catalog_sales,customer_address,customer#customer.c_customer_sk=catalog_sales.cs_bill_customer_sk,customer.c_current_addr_sk=customer_address.ca_address_sk#customer.c_birth_month,IN,6.0,customer_address.ca_state,IN,7.0#31247667
catalog_sales,customer_address,customer,customer_demographics#customer.c_customer_sk=catalog_sales.cs_bill_customer_sk,customer.c_current_addr_sk=customer_address.ca_address_sk,customer.c_current_cdemo_sk=customer_demographics.cd_demo_sk#customer.c_birth_month,IN,6.0,customer_address.ca_state,IN,7.0#1422411611
catalog_sales,customer,customer_demographics#catalog_sales.cs_bill_customer_sk=customer.c_customer_sk,catalog_sales.cs_bill_cdemo_sk=customer_demographics.cd_demo_sk,customer.c_current_cdemo_sk=customer_demographics.cd_demo_sk#customer.c_birth_month,IN,6.0,customer_demographics.cd_education_status,=,1.0,customer_demographics.cd_gender,=,1.0#-1345412168
catalog_sales,customer_address,customer,customer_demographics#catalog_sales.cs_bill_customer_sk=customer.c_customer_sk,customer.c_current_addr_sk=customer_address.ca_address_sk,catalog_sales.cs_bill_cdemo_sk=customer_demographics.cd_demo_sk#customer.c_birth_month,IN,6.0,customer_address.ca_state,IN,7.0,customer_demographics.cd_education_status,=,1.0,customer_demographics.cd_gender,=,1.0#870764219
catalog_sales,customer_address,customer,customer_demographics#catalog_sales.cs_bill_customer_sk=customer.c_customer_sk,customer.c_current_addr_sk=customer_address.ca_address_sk,catalog_sales.cs_bill_cdemo_sk=customer_demographics.cd_demo_sk,customer.c_current_cdemo_sk=customer_demographics.cd_demo_sk#customer.c_birth_month,IN,6.0,customer_address.ca_state,IN,7.0,customer_demographics.cd_education_status,=,1.0,customer_demographics.cd_gender,=,1.0#-1332523633
catalog_sales,date_dim,customer_demographics#catalog_sales.cs_sold_date_sk=date_dim.d_date_sk,catalog_sales.cs_bill_cdemo_sk=customer_demographics.cd_demo_sk#date_dim.d_year,=,2000.0,customer_demographics.cd_education_status,=,1.0,customer_demographics.cd_gender,=,1.0#-312491248
catalog_sales,customer,date_dim,customer_demographics#customer.c_customer_sk=catalog_sales.cs_bill_customer_sk,catalog_sales.cs_sold_date_sk=date_dim.d_date_sk,customer.c_current_cdemo_sk=customer_demographics.cd_demo_sk#customer.c_birth_month,IN,6.0,date_dim.d_year,=,2000.0#-1976580764
catalog_sales,customer_address,customer,date_dim#customer.c_current_addr_sk=customer_address.ca_address_sk,customer.c_customer_sk=catalog_sales.cs_bill_customer_sk,catalog_sales.cs_sold_date_sk=date_dim.d_date_sk#customer.c_birth_month,IN,6.0,customer_address.ca_state,IN,7.0,date_dim.d_year,=,2000.0#1904981253
catalog_sales,customer_address,customer,date_dim,customer_demographics#catalog_sales.cs_sold_date_sk=date_dim.d_date_sk,catalog_sales.cs_bill_customer_sk=customer.c_customer_sk,customer.c_current_addr_sk=customer_address.ca_address_sk,customer.c_current_cdemo_sk=customer_demographics.cd_demo_sk#customer.c_birth_month,IN,6.0,customer_address.ca_state,IN,7.0,date_dim.d_year,=,2000.0#1083040173
catalog_sales,customer,date_dim,customer_demographics#catalog_sales.cs_sold_date_sk=date_dim.d_date_sk,catalog_sales.cs_bill_customer_sk=customer.c_customer_sk,catalog_sales.cs_bill_cdemo_sk=customer_demographics.cd_demo_sk,customer.c_current_cdemo_sk=customer_demographics.cd_demo_sk#customer.c_birth_month,IN,6.0,date_dim.d_year,=,2000.0,customer_demographics.cd_education_status,=,1.0,customer_demographics.cd_gender,=,1.0#-1986118554
catalog_sales,customer_address,customer,date_dim,customer_demographics#catalog_sales.cs_sold_date_sk=date_dim.d_date_sk,catalog_sales.cs_bill_customer_sk=customer.c_customer_sk,customer.c_current_addr_sk=customer_address.ca_address_sk,catalog_sales.cs_bill_cdemo_sk=customer_demographics.cd_demo_sk#customer_address.ca_state,IN,7.0,customer_demographics.cd_education_status,=,1.0,date_dim.d_year,=,2000.0,customer.c_birth_month,IN,6.0,customer_demographics.cd_gender,=,1.0#-614945715
catalog_sales,customer_address,customer,date_dim,customer_demographics#catalog_sales.cs_sold_date_sk=date_dim.d_date_sk,catalog_sales.cs_bill_customer_sk=customer.c_customer_sk,customer.c_current_addr_sk=customer_address.ca_address_sk,catalog_sales.cs_bill_cdemo_sk=customer_demographics.cd_demo_sk,customer.c_current_cdemo_sk=customer_demographics.cd_demo_sk#customer_address.ca_state,IN,7.0,customer_demographics.cd_education_status,=,1.0,date_dim.d_year,=,2000.0,customer.c_birth_month,IN,6.0,customer_demographics.cd_gender,=,1.0#1340221885
catalog_sales,item,customer_demographics#catalog_sales.cs_bill_cdemo_sk=customer_demographics.cd_demo_sk,catalog_sales.cs_item_sk=item.i_item_sk#customer_demographics.cd_education_status,=,1.0,customer_demographics.cd_gender,=,1.0#-1471092767
catalog_sales,item,customer,customer_demographics#catalog_sales.cs_bill_customer_sk=customer.c_customer_sk,catalog_sales.cs_item_sk=item.i_item_sk,customer.c_current_cdemo_sk=customer_demographics.cd_demo_sk#customer.c_birth_month,IN,6.0#1148246757
catalog_sales,customer_address,item,customer#catalog_sales.cs_bill_customer_sk=customer.c_customer_sk,customer.c_current_addr_sk=customer_address.ca_address_sk,catalog_sales.cs_item_sk=item.i_item_sk#customer.c_birth_month,IN,6.0,customer_address.ca_state,IN,7.0#-1272507410
catalog_sales,customer_address,item,customer,customer_demographics#catalog_sales.cs_bill_customer_sk=customer.c_customer_sk,customer.c_current_addr_sk=customer_address.ca_address_sk,catalog_sales.cs_item_sk=item.i_item_sk,customer.c_current_cdemo_sk=customer_demographics.cd_demo_sk#customer.c_birth_month,IN,6.0,customer_address.ca_state,IN,7.0#1595806716
catalog_sales,item,customer,customer_demographics#catalog_sales.cs_bill_customer_sk=customer.c_customer_sk,catalog_sales.cs_item_sk=item.i_item_sk,catalog_sales.cs_bill_cdemo_sk=customer_demographics.cd_demo_sk,customer.c_current_cdemo_sk=customer_demographics.cd_demo_sk#customer.c_birth_month,IN,6.0,customer_demographics.cd_education_status,=,1.0,customer_demographics.cd_gender,=,1.0#1525640373
catalog_sales,customer_address,item,customer,customer_demographics#catalog_sales.cs_bill_customer_sk=customer.c_customer_sk,customer.c_current_addr_sk=customer_address.ca_address_sk,catalog_sales.cs_bill_cdemo_sk=customer_demographics.cd_demo_sk,catalog_sales.cs_item_sk=item.i_item_sk#customer.c_birth_month,IN,6.0,customer_address.ca_state,IN,7.0,customer_demographics.cd_education_status,=,1.0,customer_demographics.cd_gender,=,1.0#-947754978
catalog_sales,customer_address,item,customer,customer_demographics#customer.c_current_cdemo_sk=customer_demographics.cd_demo_sk,catalog_sales.cs_bill_customer_sk=customer.c_customer_sk,customer.c_current_addr_sk=customer_address.ca_address_sk,catalog_sales.cs_bill_cdemo_sk=customer_demographics.cd_demo_sk,catalog_sales.cs_item_sk=item.i_item_sk#customer.c_birth_month,IN,6.0,customer_address.ca_state,IN,7.0,customer_demographics.cd_education_status,=,1.0,customer_demographics.cd_gender,=,1.0#-786867764
catalog_sales,item,date_dim,customer_demographics#catalog_sales.cs_sold_date_sk=date_dim.d_date_sk,catalog_sales.cs_bill_cdemo_sk=customer_demographics.cd_demo_sk,catalog_sales.cs_item_sk=item.i_item_sk#date_dim.d_year,=,2000.0,customer_demographics.cd_education_status,=,1.0,customer_demographics.cd_gender,=,1.0#-830548365
catalog_sales,item,customer,date_dim,customer_demographics#catalog_sales.cs_sold_date_sk=date_dim.d_date_sk,catalog_sales.cs_bill_customer_sk=customer.c_customer_sk,catalog_sales.cs_item_sk=item.i_item_sk,customer.c_current_cdemo_sk=customer_demographics.cd_demo_sk#customer.c_birth_month,IN,6.0,date_dim.d_year,=,2000.0#-158886189
catalog_sales,customer_address,item,customer,date_dim#customer.c_current_addr_sk=customer_address.ca_address_sk,customer.c_customer_sk=catalog_sales.cs_bill_customer_sk,catalog_sales.cs_sold_date_sk=date_dim.d_date_sk,catalog_sales.cs_item_sk=item.i_item_sk#customer.c_birth_month,IN,6.0,customer_address.ca_state,IN,7.0,date_dim.d_year,=,2000.0#1906868614
catalog_sales,customer_address,item,customer,date_dim,customer_demographics#customer.c_customer_sk=catalog_sales.cs_bill_customer_sk,customer.c_current_cdemo_sk=customer_demographics.cd_demo_sk,catalog_sales.cs_sold_date_sk=date_dim.d_date_sk,customer.c_current_addr_sk=customer_address.ca_address_sk,catalog_sales.cs_item_sk=item.i_item_sk#customer.c_birth_month,IN,6.0,customer_address.ca_state,IN,7.0,date_dim.d_year,=,2000.0#1477026082
catalog_sales,item,customer,date_dim,customer_demographics#customer.c_current_cdemo_sk=customer_demographics.cd_demo_sk,catalog_sales.cs_sold_date_sk=date_dim.d_date_sk,catalog_sales.cs_bill_customer_sk=customer.c_customer_sk,catalog_sales.cs_bill_cdemo_sk=customer_demographics.cd_demo_sk,catalog_sales.cs_item_sk=item.i_item_sk#customer.c_birth_month,IN,6.0,date_dim.d_year,=,2000.0,customer_demographics.cd_education_status,=,1.0,customer_demographics.cd_gender,=,1.0#1003790435
catalog_sales,customer_address,item,customer,date_dim,customer_demographics#catalog_sales.cs_sold_date_sk=date_dim.d_date_sk,catalog_sales.cs_bill_customer_sk=customer.c_customer_sk,customer.c_current_addr_sk=customer_address.ca_address_sk,catalog_sales.cs_bill_cdemo_sk=customer_demographics.cd_demo_sk,catalog_sales.cs_item_sk=item.i_item_sk#customer_address.ca_state,IN,7.0,customer_demographics.cd_education_status,=,1.0,date_dim.d_year,=,2000.0,customer.c_birth_month,IN,6.0,customer_demographics.cd_gender,=,1.0#1817088334
catalog_sales,date_dim#catalog_sales.cs_sold_date_sk=date_dim.d_date_sk#date_dim.d_year,=,2000.0#-1889226294
catalog_sales,date_dim,customer_demographics#catalog_sales.cs_sold_date_sk=date_dim.d_date_sk,catalog_sales.cs_bill_cdemo_sk=customer_demographics.cd_demo_sk#date_dim.d_year,=,2000.0,customer_demographics.cd_education_status,=,1.0,customer_demographics.cd_gender,=,1.0#-711180564
customer_address,customer#customer.c_current_addr_sk=customer_address.ca_address_sk#customer.c_current_cdemo_sk,!=,0,customer.c_birth_month,IN,6.0,customer_address.ca_state,IN,7.0#-406025599
catalog_sales,customer_address,customer,date_dim,customer_demographics#customer.c_current_addr_sk=customer_address.ca_address_sk,customer.c_customer_sk=catalog_sales.cs_bill_customer_sk,catalog_sales.cs_sold_date_sk=date_dim.d_date_sk,catalog_sales.cs_bill_cdemo_sk=customer_demographics.cd_demo_sk#customer.c_current_cdemo_sk,!=,0,customer_address.ca_state,IN,7.0,customer_demographics.cd_education_status,=,1.0,date_dim.d_year,=,2000.0,customer.c_birth_month,IN,6.0,customer_demographics.cd_gender,=,1.0#-48366828
customer_address,customer#customer.c_current_addr_sk=customer_address.ca_address_sk#customer.c_current_cdemo_sk,!=,0,customer.c_birth_month,IN,6.0,customer_address.ca_state,IN,7.0#-109141647
catalog_sales,customer_address,customer,date_dim,customer_demographics#customer.c_current_addr_sk=customer_address.ca_address_sk,customer.c_customer_sk=catalog_sales.cs_bill_customer_sk,catalog_sales.cs_sold_date_sk=date_dim.d_date_sk,catalog_sales.cs_bill_cdemo_sk=customer_demographics.cd_demo_sk#customer.c_current_cdemo_sk,!=,0,customer_address.ca_state,IN,7.0,customer_demographics.cd_education_status,=,1.0,date_dim.d_year,=,2000.0,customer.c_birth_month,IN,6.0,customer_demographics.cd_gender,=,1.0#1885906180
catalog_sales,customer_address,item,customer,date_dim,customer_demographics#customer.c_customer_sk=catalog_sales.cs_bill_customer_sk,catalog_sales.cs_sold_date_sk=date_dim.d_date_sk,customer.c_current_addr_sk=customer_address.ca_address_sk,catalog_sales.cs_bill_cdemo_sk=customer_demographics.cd_demo_sk,catalog_sales.cs_item_sk=item.i_item_sk#customer.c_current_cdemo_sk,!=,0,customer_address.ca_state,IN,7.0,customer_demographics.cd_education_status,=,1.0,date_dim.d_year,=,2000.0,customer.c_birth_month,IN,6.0,customer_demographics.cd_gender,=,1.0#-52721377
catalog_sales,customer_address,item,customer,date_dim,customer_demographics#customer.c_customer_sk=catalog_sales.cs_bill_customer_sk,catalog_sales.cs_sold_date_sk=date_dim.d_date_sk,customer.c_current_addr_sk=customer_address.ca_address_sk,catalog_sales.cs_bill_cdemo_sk=customer_demographics.cd_demo_sk,catalog_sales.cs_item_sk=item.i_item_sk#customer.c_current_cdemo_sk,!=,0,customer_address.ca_state,IN,7.0,customer_demographics.cd_education_status,=,1.0,date_dim.d_year,=,2000.0,customer.c_birth_month,IN,6.0,customer_demographics.cd_gender,=,1.0#776880399
catalog_sales,customer_address,item,customer,date_dim,customer_demographics#customer.c_customer_sk=catalog_sales.cs_bill_customer_sk,catalog_sales.cs_sold_date_sk=date_dim.d_date_sk,customer.c_current_addr_sk=customer_address.ca_address_sk,catalog_sales.cs_bill_cdemo_sk=customer_demographics.cd_demo_sk,catalog_sales.cs_item_sk=item.i_item_sk#customer.c_current_cdemo_sk,!=,0,customer_address.ca_state,IN,7.0,customer_demographics.cd_education_status,=,1.0,date_dim.d_year,=,2000.0,customer.c_birth_month,IN,6.0,customer_demographics.cd_gender,=,1.0#-970720225
store,customer_address#customer_address.ca_zip=store.s_zip#store.s_market_id,=,9.0#-1340550972
item,store_returns#store_returns.sr_item_sk=item.i_item_sk#item.i_color,=,1.0#1874262064
store,customer_address,customer#customer_address.ca_address_sk=customer.c_current_addr_sk,customer_address.ca_zip=store.s_zip#store.s_market_id,=,9.0#-750297342
store_returns,store_sales#store_sales.ss_ticket_number=store_returns.sr_ticket_number,store_sales.ss_item_sk=store_returns.sr_item_sk##1871058932
store,store_sales#store_sales.ss_store_sk=store.s_store_sk#store.s_market_id,=,9.0#-475172475
store_returns,store,store_sales#store_sales.ss_ticket_number=store_returns.sr_ticket_number,store_sales.ss_item_sk=store_returns.sr_item_sk,store_sales.ss_store_sk=store.s_store_sk#store.s_market_id,=,9.0#-1719929679
item,store_sales#store_sales.ss_item_sk=item.i_item_sk#item.i_color,=,1.0#-2049985107
store_sales,store_returns,item#store_sales.ss_item_sk=item.i_item_sk,store_returns.sr_ticket_number=store_sales.ss_ticket_number,store_returns.sr_item_sk=store_sales.ss_item_sk#item.i_color,=,1.0#940974755
store,item,store_sales#item.i_item_sk=store_sales.ss_item_sk,store_sales.ss_store_sk=store.s_store_sk#item.i_color,=,1.0,store.s_market_id,=,9.0#1587324408
store,item,store_sales,store_returns#store_sales.ss_ticket_number=store_returns.sr_ticket_number,store_sales.ss_item_sk=store_returns.sr_item_sk,item.i_item_sk=store_sales.ss_item_sk,store_sales.ss_store_sk=store.s_store_sk#item.i_color,=,1.0,store.s_market_id,=,9.0#1209835704
store_returns,store_sales,customer#store_sales.ss_ticket_number=store_returns.sr_ticket_number,store_sales.ss_item_sk=store_returns.sr_item_sk,store_sales.ss_customer_sk=customer.c_customer_sk##237094465
store,store_sales,customer#store_sales.ss_customer_sk=customer.c_customer_sk,store_sales.ss_store_sk=store.s_store_sk#store.s_market_id,=,9.0#1976792018
store,store_sales,customer,store_returns#store_sales.ss_ticket_number=store_returns.sr_ticket_number,store_sales.ss_item_sk=store_returns.sr_item_sk,store_sales.ss_customer_sk=customer.c_customer_sk,store_sales.ss_store_sk=store.s_store_sk#store.s_market_id,=,9.0#-1855841794
item,store_sales,customer#store_sales.ss_item_sk=item.i_item_sk,store_sales.ss_customer_sk=customer.c_customer_sk#item.i_color,=,1.0#1740657670
item,store_sales,customer,store_returns#store_sales.ss_ticket_number=store_returns.sr_ticket_number,store_sales.ss_item_sk=store_returns.sr_item_sk,store_sales.ss_item_sk=item.i_item_sk,store_sales.ss_customer_sk=customer.c_customer_sk#item.i_color,=,1.0#-1665043888
store,item,store_sales,customer#item.i_item_sk=store_sales.ss_item_sk,store_sales.ss_customer_sk=customer.c_customer_sk,store_sales.ss_store_sk=store.s_store_sk#item.i_color,=,1.0,store.s_market_id,=,9.0#690617681
store,item,store_sales,customer,store_returns#store_sales.ss_ticket_number=store_returns.sr_ticket_number,store_sales.ss_item_sk=store_returns.sr_item_sk,store_sales.ss_store_sk=store.s_store_sk,customer.c_customer_sk=store_sales.ss_customer_sk,item.i_item_sk=store_sales.ss_item_sk#item.i_color,=,1.0,store.s_market_id,=,9.0#-1322092343
store,customer_address,store_sales#store.s_zip=customer_address.ca_zip,store_sales.ss_store_sk=store.s_store_sk#store.s_market_id,=,9.0#-1368782533
store,customer_address,store_sales,store_returns#store_sales.ss_ticket_number=store_returns.sr_ticket_number,store_sales.ss_item_sk=store_returns.sr_item_sk,store.s_zip=customer_address.ca_zip,store_sales.ss_store_sk=store.s_store_sk#store.s_market_id,=,9.0#1937643151
store,customer_address,item,store_sales#item.i_item_sk=store_sales.ss_item_sk,store.s_zip=customer_address.ca_zip,store_sales.ss_store_sk=store.s_store_sk#item.i_color,=,1.0,store.s_market_id,=,9.0#639609376
store,customer_address,item,store_sales,store_returns#store_returns.sr_ticket_number=store_sales.ss_ticket_number,store_returns.sr_item_sk=store_sales.ss_item_sk,store_sales.ss_store_sk=store.s_store_sk,item.i_item_sk=store_sales.ss_item_sk,store.s_zip=customer_address.ca_zip#item.i_color,=,1.0,store.s_market_id,=,9.0#-1318230320
customer_address,store_sales,customer,store_returns#store_sales.ss_ticket_number=store_returns.sr_ticket_number,store_sales.ss_item_sk=store_returns.sr_item_sk,customer.c_current_addr_sk=customer_address.ca_address_sk,store_sales.ss_customer_sk=customer.c_customer_sk##-280422614
store,customer_address,store_sales,customer#customer.c_current_addr_sk=customer_address.ca_address_sk,store_sales.ss_store_sk=store.s_store_sk,customer.c_customer_sk=store_sales.ss_customer_sk#store.s_market_id,=,9.0#-2052870453
store,customer_address,store_sales,customer,store_returns#store_sales.ss_ticket_number=store_returns.sr_ticket_number,store_sales.ss_item_sk=store_returns.sr_item_sk,store_sales.ss_customer_sk=customer.c_customer_sk,store_sales.ss_store_sk=store.s_store_sk,customer.c_current_addr_sk=customer_address.ca_address_sk#store.s_market_id,=,9.0#-1016455923
customer_address,item,store_sales,customer#store_sales.ss_item_sk=item.i_item_sk,customer.c_current_addr_sk=customer_address.ca_address_sk,store_sales.ss_customer_sk=customer.c_customer_sk#item.i_color,=,1.0#1482066113
customer_address,item,store_sales,customer,store_returns#store_sales.ss_ticket_number=store_returns.sr_ticket_number,store_sales.ss_item_sk=store_returns.sr_item_sk,store_sales.ss_customer_sk=customer.c_customer_sk,store_sales.ss_item_sk=item.i_item_sk,customer.c_current_addr_sk=customer_address.ca_address_sk#item.i_color,=,1.0#-1611480433
store,customer_address,item,store_sales,customer#store_sales.ss_store_sk=store.s_store_sk,item.i_item_sk=store_sales.ss_item_sk,store.s_zip=customer_address.ca_zip,customer.c_customer_sk=store_sales.ss_customer_sk#item.i_color,=,1.0,store.s_market_id,=,9.0#580773473
store_returns,item,store_sales#store_sales.ss_ticket_number=store_returns.sr_ticket_number,store_sales.ss_item_sk=store_returns.sr_item_sk,store_sales.ss_item_sk=item.i_item_sk##-639655103
store,item,store_sales#store_sales.ss_item_sk=item.i_item_sk,store_sales.ss_store_sk=store.s_store_sk#store.s_market_id,=,9.0#-1701664334
store,item,store_sales,store_returns#store_returns.sr_item_sk=item.i_item_sk,store_returns.sr_ticket_number=store_sales.ss_ticket_number,store_returns.sr_item_sk=store_sales.ss_item_sk,store_sales.ss_store_sk=store.s_store_sk#store.s_market_id,=,9.0#1672231463
item,store_sales,customer,store_returns#store_sales.ss_ticket_number=store_returns.sr_ticket_number,store_sales.ss_item_sk=store_returns.sr_item_sk,store_sales.ss_item_sk=item.i_item_sk,store_sales.ss_customer_sk=customer.c_customer_sk##-388278118
store,item,store_sales,customer#store_sales.ss_item_sk=item.i_item_sk,store_sales.ss_customer_sk=customer.c_customer_sk,store_sales.ss_store_sk=store.s_store_sk#store.s_market_id,=,9.0#1978363659
store,item,store_sales,customer,store_returns#store_returns.sr_item_sk=store_sales.ss_item_sk,store_returns.sr_ticket_number=store_sales.ss_ticket_number,store_sales.ss_customer_sk=customer.c_customer_sk,store_sales.ss_store_sk=store.s_store_sk,store_returns.sr_item_sk=item.i_item_sk#store.s_market_id,=,9.0#421924480
store,customer_address,item,store_sales#store_sales.ss_item_sk=item.i_item_sk,store.s_zip=customer_address.ca_zip,store_sales.ss_store_sk=store.s_store_sk#store.s_market_id,=,9.0#-2146986202
store,customer_address,item,store_sales,store_returns#store_returns.sr_ticket_number=store_sales.ss_ticket_number,store_returns.sr_item_sk=store_sales.ss_item_sk,store_sales.ss_store_sk=store.s_store_sk,store_returns.sr_item_sk=item.i_item_sk,store.s_zip=customer_address.ca_zip#store.s_market_id,=,9.0#-1587270639
customer_address,item,store_sales,customer,store_returns#store_sales.ss_ticket_number=store_returns.sr_ticket_number,store_sales.ss_item_sk=store_returns.sr_item_sk,store_sales.ss_customer_sk=customer.c_customer_sk,store_sales.ss_item_sk=item.i_item_sk,customer.c_current_addr_sk=customer_address.ca_address_sk##-1283667471
store,customer_address,item,store_sales,customer#customer.c_current_addr_sk=customer_address.ca_address_sk,store_sales.ss_item_sk=item.i_item_sk,store_sales.ss_store_sk=store.s_store_sk,customer.c_customer_sk=store_sales.ss_customer_sk#store.s_market_id,=,9.0#-1694617328
store,item,store_sales,store_returns#store_returns.sr_item_sk=item.i_item_sk,store_returns.sr_ticket_number=store_sales.ss_ticket_number,store_returns.sr_item_sk=store_sales.ss_item_sk,store_sales.ss_store_sk=store.s_store_sk#store.s_market_id,=,9.0#2077361173
customer_address,customer#customer.c_birth_country=customer_address.ca_country,customer.c_current_addr_sk=customer_address.ca_address_sk##1337186327
item,store_returns#store_returns.sr_item_sk=item.i_item_sk##-651635612
store,store_sales#store_sales.ss_store_sk=store.s_store_sk#store.s_market_id,=,9.0#93365143
store,item,store_sales#store_sales.ss_item_sk=item.i_item_sk,store_sales.ss_store_sk=store.s_store_sk#item.i_color,=,1.0,store.s_market_id,=,9.0#-1609213344
store,customer_address,item,store_sales#store_sales.ss_item_sk=item.i_item_sk,store.s_zip=customer_address.ca_zip,store_sales.ss_store_sk=store.s_store_sk#item.i_color,=,1.0,store.s_market_id,=,9.0#-727276442
store,customer_address,item,store_sales,store_returns#store_sales.ss_ticket_number=store_returns.sr_ticket_number,store_sales.ss_item_sk=store_returns.sr_item_sk,store_sales.ss_store_sk=store.s_store_sk,store_sales.ss_item_sk=item.i_item_sk,store.s_zip=customer_address.ca_zip#item.i_color,=,1.0,store.s_market_id,=,9.0#-1557657592
store,customer_address,item,store_sales,customer,store_returns#store_sales.ss_ticket_number=store_returns.sr_ticket_number,store_sales.ss_item_sk=store_returns.sr_item_sk,customer_address.ca_address_sk=customer.c_current_addr_sk,customer_address.ca_country=customer.c_birth_country,store_sales.ss_customer_sk=customer.c_customer_sk,store_sales.ss_store_sk=store.s_store_sk,store_sales.ss_item_sk=item.i_item_sk,store.s_zip=customer_address.ca_zip#item.i_color,=,1.0,store.s_market_id,=,9.0#-2129161679
store,customer_address,item,store_sales,customer,store_returns#store_returns.sr_ticket_number=store_sales.ss_ticket_number,store.s_zip=customer_address.ca_zip,store_sales.ss_customer_sk=customer.c_customer_sk,store_returns.sr_item_sk=store_sales.ss_item_sk,store_sales.ss_store_sk=store.s_store_sk,customer.c_birth_country=customer_address.ca_country,store_returns.sr_item_sk=item.i_item_sk,customer.c_current_addr_sk=customer_address.ca_address_sk#store.s_market_id,=,9.0#-1888418452
date_dim,store_sales#store_sales.ss_sold_date_sk=date_dim.d_date_sk#date_dim.d_qoy,=,1.0,date_dim.d_year,=,2002.0#1142083493
date_dim,store_sales#store_sales.ss_sold_date_sk=date_dim.d_date_sk#date_dim.d_year,=,2002.0,date_dim.d_qoy,=,2.0#-905369980
date_dim,store_sales#store_sales.ss_sold_date_sk=date_dim.d_date_sk#date_dim.d_qoy,=,3.0,date_dim.d_year,=,2002.0#-506904574
date_dim,web_sales#web_sales.ws_sold_date_sk=date_dim.d_date_sk#date_dim.d_qoy,=,1.0,date_dim.d_year,=,2002.0#1807532507
customer_address,web_sales#web_sales.ws_bill_addr_sk=customer_address.ca_address_sk##426997004
date_dim,web_sales#web_sales.ws_sold_date_sk=date_dim.d_date_sk#date_dim.d_qoy,=,3.0,date_dim.d_year,=,2002.0#345845516
date_dim,store_sales#store_sales.ss_sold_date_sk=date_dim.d_date_sk#date_dim.d_qoy,=,1.0,date_dim.d_year,=,2002.0#-756680793
date_dim,store_sales#store_sales.ss_sold_date_sk=date_dim.d_date_sk#date_dim.d_year,=,2002.0,date_dim.d_qoy,=,2.0#2081420866
date_dim,store_sales#store_sales.ss_sold_date_sk=date_dim.d_date_sk#date_dim.d_qoy,=,3.0,date_dim.d_year,=,2002.0#-1815081024
date_dim,web_sales#web_sales.ws_sold_date_sk=date_dim.d_date_sk#date_dim.d_qoy,=,1.0,date_dim.d_year,=,2002.0#499356057
date_dim,web_sales#web_sales.ws_sold_date_sk=date_dim.d_date_sk#date_dim.d_qoy,=,3.0,date_dim.d_year,=,2002.0#-1497469042
date_dim,customer_address,web_sales#web_sales.ws_sold_date_sk=date_dim.d_date_sk,web_sales.ws_bill_addr_sk=customer_address.ca_address_sk#date_dim.d_qoy,=,3.0,date_dim.d_year,=,2002.0#-1105408236
date_dim,customer_address,web_sales#web_sales.ws_sold_date_sk=date_dim.d_date_sk,web_sales.ws_bill_addr_sk=customer_address.ca_address_sk#date_dim.d_qoy,=,1.0,date_dim.d_year,=,2002.0#1893841821
date_dim,customer_address,store_sales#store_sales.ss_addr_sk=customer_address.ca_address_sk,store_sales.ss_sold_date_sk=date_dim.d_date_sk#date_dim.d_qoy,=,3.0,date_dim.d_year,=,2002.0#443106416
date_dim,customer_address,store_sales#store_sales.ss_addr_sk=customer_address.ca_address_sk,store_sales.ss_sold_date_sk=date_dim.d_date_sk#date_dim.d_year,=,2002.0,date_dim.d_qoy,=,2.0#-1877614162
date_dim,customer_address,store_sales#store_sales.ss_addr_sk=customer_address.ca_address_sk,store_sales.ss_sold_date_sk=date_dim.d_date_sk#date_dim.d_qoy,=,1.0,date_dim.d_year,=,2002.0#-1641811519
date_dim,customer_address,web_sales#web_sales.ws_sold_date_sk=date_dim.d_date_sk,web_sales.ws_bill_addr_sk=customer_address.ca_address_sk#date_dim.d_year,=,2002.0,date_dim.d_qoy,=,2.0#868838482
item,inventory,warehouse#inventory.inv_warehouse_sk=warehouse.w_warehouse_sk,inventory.inv_item_sk=item.i_item_sk##89672458
date_dim,inventory#inventory.inv_date_sk=date_dim.d_date_sk#date_dim.d_moy,=,2.0,date_dim.d_year,=,2000.0#1839233200
date_dim,item,inventory#inventory.inv_date_sk=date_dim.d_date_sk,inventory.inv_item_sk=item.i_item_sk#date_dim.d_moy,=,2.0,date_dim.d_year,=,2000.0#-2064820026
date_dim,inventory,warehouse#inventory.inv_warehouse_sk=warehouse.w_warehouse_sk,inventory.inv_date_sk=date_dim.d_date_sk#date_dim.d_moy,=,2.0,date_dim.d_year,=,2000.0#2142175143
date_dim,inventory#inventory.inv_date_sk=date_dim.d_date_sk#date_dim.d_moy,=,3.0,date_dim.d_year,=,2000.0#81080944
date_dim,item,inventory#inventory.inv_date_sk=date_dim.d_date_sk,inventory.inv_item_sk=item.i_item_sk#date_dim.d_moy,=,3.0,date_dim.d_year,=,2000.0#1964973784
date_dim,inventory,warehouse#inventory.inv_warehouse_sk=warehouse.w_warehouse_sk,inventory.inv_date_sk=date_dim.d_date_sk#date_dim.d_moy,=,3.0,date_dim.d_year,=,2000.0#367947929
date_dim,inventory,warehouse#inventory.inv_warehouse_sk=warehouse.w_warehouse_sk,inventory.inv_date_sk=date_dim.d_date_sk#date_dim.d_moy,=,2.0,date_dim.d_year,=,2000.0#-430508781
date_dim,inventory,warehouse#inventory.inv_warehouse_sk=warehouse.w_warehouse_sk,inventory.inv_date_sk=date_dim.d_date_sk#date_dim.d_moy,=,3.0,date_dim.d_year,=,2000.0#284958125
date_dim,store_sales#store_sales.ss_sold_date_sk=date_dim.d_date_sk#date_dim.d_moy,=,12.0,date_dim.d_year,=,2000.0,date_dim.d_moy,=,1.0,date_dim.d_year,=,2002.0,date_dim.d_year,=,2001.0#-1553835567
store,date_dim,store_sales#store.s_store_sk=store_sales.ss_store_sk,store_sales.ss_sold_date_sk=date_dim.d_date_sk#date_dim.d_moy,=,12.0,date_dim.d_year,=,2000.0,date_dim.d_moy,=,1.0,date_dim.d_year,=,2002.0,date_dim.d_year,=,2001.0#1340172672
date_dim,item,store_sales#store_sales.ss_item_sk=item.i_item_sk,store_sales.ss_sold_date_sk=date_dim.d_date_sk#date_dim.d_moy,=,12.0,date_dim.d_year,=,2000.0,date_dim.d_moy,=,1.0,date_dim.d_year,=,2002.0,date_dim.d_year,=,2001.0#1862440642
date_dim,store_sales#store_sales.ss_sold_date_sk=date_dim.d_date_sk#date_dim.d_moy,=,12.0,date_dim.d_year,=,2000.0,date_dim.d_moy,=,1.0,date_dim.d_year,=,2002.0,date_dim.d_year,=,2001.0#-1615215276
store,date_dim,store_sales#store_sales.ss_sold_date_sk=date_dim.d_date_sk,store_sales.ss_store_sk=store.s_store_sk#date_dim.d_moy,=,12.0,date_dim.d_year,=,2000.0,date_dim.d_moy,=,1.0,date_dim.d_year,=,2002.0,date_dim.d_year,=,2001.0#1026100655
store,item,store_sales,date_dim#store_sales.ss_sold_date_sk=date_dim.d_date_sk,store_sales.ss_item_sk=item.i_item_sk,store_sales.ss_store_sk=store.s_store_sk#date_dim.d_moy,=,12.0,date_dim.d_year,=,2000.0,date_dim.d_moy,=,1.0,date_dim.d_year,=,2002.0,date_dim.d_year,=,2001.0#2025419058
item,store_sales#store_sales.ss_item_sk=item.i_item_sk#item.i_manager_id,=,8.0#1429526679
date_dim,store_sales#store_sales.ss_sold_date_sk=date_dim.d_date_sk#date_dim.d_moy,=,12.0,date_dim.d_year,=,2001.0#-1153140392
date_dim,store_sales#store_sales.ss_sold_date_sk=date_dim.d_date_sk#date_dim.d_moy,=,12.0,date_dim.d_year,=,2001.0#1243062618
date_dim,item,store_sales#store_sales.ss_item_sk=item.i_item_sk,store_sales.ss_sold_date_sk=date_dim.d_date_sk#date_dim.d_moy,=,12.0,date_dim.d_year,=,2001.0,item.i_manager_id,=,8.0#1959595697
date_dim,store_sales#store_sales.ss_sold_date_sk=date_dim.d_date_sk#date_dim.d_year,IN,3.0,date_dim.d_dow,=,1.0#-1326827883
store,store_sales#store_sales.ss_store_sk=store.s_store_sk#store.s_number_employees,>=,200.0,store.s_number_employees,<=,295.0#-746244918
store,date_dim,store_sales#store.s_store_sk=store_sales.ss_store_sk,store_sales.ss_sold_date_sk=date_dim.d_date_sk#date_dim.d_year,IN,3.0,store.s_number_employees,<=,295.0,date_dim.d_dow,=,1.0,store.s_number_employees,>=,200.0#-1565331701
store_sales,household_demographics#store_sales.ss_hdemo_sk=household_demographics.hd_demo_sk#household_demographics.hd_vehicle_count,>,0.0,household_demographics.hd_dep_count,=,3.0#1340670589
date_dim,store_sales,household_demographics#store_sales.ss_hdemo_sk=household_demographics.hd_demo_sk,store_sales.ss_sold_date_sk=date_dim.d_date_sk#household_demographics.hd_vehicle_count,>,0.0,household_demographics.hd_dep_count,=,3.0,date_dim.d_dow,=,1.0,date_dim.d_year,IN,3.0#1546073420
store,store_sales,household_demographics#store_sales.ss_hdemo_sk=household_demographics.hd_demo_sk,store_sales.ss_store_sk=store.s_store_sk#household_demographics.hd_vehicle_count,>,0.0,household_demographics.hd_dep_count,=,3.0,store.s_number_employees,>=,200.0,store.s_number_employees,<=,295.0#-666543787
date_dim,store_sales#store_sales.ss_sold_date_sk=date_dim.d_date_sk#date_dim.d_year,IN,3.0,date_dim.d_dow,=,1.0#-1136657453
store,date_dim,store_sales#store_sales.ss_sold_date_sk=date_dim.d_date_sk,store_sales.ss_store_sk=store.s_store_sk#store.s_number_employees,>=,200.0,store.s_number_employees,<=,295.0,date_dim.d_dow,=,1.0,date_dim.d_year,IN,3.0#-1245860005
store,store_sales,date_dim,household_demographics#store_sales.ss_sold_date_sk=date_dim.d_date_sk,store_sales.ss_hdemo_sk=household_demographics.hd_demo_sk,store_sales.ss_store_sk=store.s_store_sk#date_dim.d_year,IN,3.0,household_demographics.hd_dep_count,=,3.0,store.s_number_employees,<=,295.0,store.s_number_employees,>=,200.0,date_dim.d_dow,=,1.0,household_demographics.hd_vehicle_count,>,0.0#669752004
web_sales#web_sales.ws_order_number=web_sales.ws_order_number##-408262200
web_sales,web_returns#web_sales.ws_order_number=web_returns.wr_order_number##920021440
web_sales,web_returns#web_sales.ws_order_number=web_returns.wr_order_number,web_sales.ws_order_number=web_sales.ws_order_number##1125923072
web_sales#web_sales.ws_order_number=web_sales.ws_order_number##-1742482118
date_dim,web_sales#web_sales.ws_order_number=web_sales.ws_order_number,web_sales.ws_ship_date_sk=date_dim.d_date_sk#date_dim.d_date,<=,957052800.0,date_dim.d_date,>=,951868800.0#2122979190
customer_address,web_sales#web_sales.ws_order_number=web_sales.ws_order_number,web_sales.ws_ship_addr_sk=customer_address.ca_address_sk#customer_address.ca_state,=,1.0#775175067
date_dim,customer_address,web_sales#web_sales.ws_order_number=web_sales.ws_order_number,web_sales.ws_ship_addr_sk=customer_address.ca_address_sk,web_sales.ws_ship_date_sk=date_dim.d_date_sk#date_dim.d_date,<=,957052800.0,customer_address.ca_state,=,1.0,date_dim.d_date,>=,951868800.0#1659657123
web_sales,web_site#web_sales.ws_web_site_sk=web_site.web_site_sk,web_sales.ws_order_number=web_sales.ws_order_number#web_site.web_company_name,=,1.0#1808426923
date_dim,web_sales,web_site#web_sales.ws_web_site_sk=web_site.web_site_sk,web_sales.ws_order_number=web_sales.ws_order_number,web_sales.ws_ship_date_sk=date_dim.d_date_sk#date_dim.d_date,<=,957052800.0,date_dim.d_date,>=,951868800.0,web_site.web_company_name,=,1.0#-314949595
customer_address,web_sales,web_site#web_sales.ws_web_site_sk=web_site.web_site_sk,customer_address.ca_address_sk=web_sales.ws_ship_addr_sk,web_sales.ws_order_number=web_sales.ws_order_number#customer_address.ca_state,=,1.0,web_site.web_company_name,=,1.0#-544857782
customer_address,web_sales,web_site,date_dim#web_sales.ws_web_site_sk=web_site.web_site_sk,web_sales.ws_order_number=web_sales.ws_order_number,customer_address.ca_address_sk=web_sales.ws_ship_addr_sk,web_sales.ws_ship_date_sk=date_dim.d_date_sk#date_dim.d_date,<=,957052800.0,customer_address.ca_state,=,1.0,date_dim.d_date,>=,951868800.0,web_site.web_company_name,=,1.0#71750082
web_sales,web_returns#web_sales.ws_order_number=web_returns.wr_order_number,web_sales.ws_order_number=web_sales.ws_order_number##-573876829
date_dim,web_sales,web_returns#web_sales.ws_order_number=web_returns.wr_order_number,web_sales.ws_order_number=web_sales.ws_order_number,web_sales.ws_ship_date_sk=date_dim.d_date_sk#date_dim.d_date,<=,957052800.0,date_dim.d_date,>=,951868800.0#1765623485
customer_address,web_sales,web_returns#web_sales.ws_order_number=web_returns.wr_order_number,web_sales.ws_order_number=web_sales.ws_order_number,web_sales.ws_ship_addr_sk=customer_address.ca_address_sk#customer_address.ca_state,=,1.0#-31407150
customer_address,web_sales,web_returns,date_dim#web_sales.ws_order_number=web_returns.wr_order_number,web_sales.ws_order_number=web_sales.ws_order_number,web_sales.ws_ship_addr_sk=customer_address.ca_address_sk,web_sales.ws_ship_date_sk=date_dim.d_date_sk#date_dim.d_date,<=,957052800.0,customer_address.ca_state,=,1.0,date_dim.d_date,>=,951868800.0#-554219572
web_sales,web_returns,web_site#web_sales.ws_web_site_sk=web_site.web_site_sk,web_sales.ws_order_number=web_returns.wr_order_number,web_sales.ws_order_number=web_sales.ws_order_number#web_site.web_company_name,=,1.0#92296532
web_sales,web_returns,web_site,date_dim#web_sales.ws_web_site_sk=web_site.web_site_sk,web_sales.ws_order_number=web_returns.wr_order_number,web_sales.ws_order_number=web_sales.ws_order_number,web_sales.ws_ship_date_sk=date_dim.d_date_sk#date_dim.d_date,<=,957052800.0,date_dim.d_date,>=,951868800.0,web_site.web_company_name,=,1.0#-179197396
customer_address,web_sales,web_returns,web_site#web_sales.ws_web_site_sk=web_site.web_site_sk,web_sales.ws_order_number=web_returns.wr_order_number,customer_address.ca_address_sk=web_sales.ws_ship_addr_sk,web_sales.ws_order_number=web_sales.ws_order_number#customer_address.ca_state,=,1.0,web_site.web_company_name,=,1.0#1824547009
customer_address,web_sales,web_returns,web_site,date_dim#customer_address.ca_address_sk=web_sales.ws_ship_addr_sk,web_sales.ws_ship_date_sk=date_dim.d_date_sk,web_sales.ws_web_site_sk=web_site.web_site_sk,web_sales.ws_order_number=web_returns.wr_order_number,web_sales.ws_order_number=web_sales.ws_order_number#date_dim.d_date,<=,957052800.0,customer_address.ca_state,=,1.0,date_dim.d_date,>=,951868800.0,web_site.web_company_name,=,1.0#-861688917
web_sales,web_returns#web_sales.ws_order_number=web_returns.wr_order_number,web_sales.ws_order_number=web_sales.ws_order_number##-1729773275
date_dim,web_sales,web_returns#web_sales.ws_order_number=web_returns.wr_order_number,web_sales.ws_order_number=web_sales.ws_order_number,web_sales.ws_ship_date_sk=date_dim.d_date_sk#date_dim.d_date,<=,957052800.0,date_dim.d_date,>=,951868800.0#-312719931
customer_address,web_sales,web_returns#web_sales.ws_order_number=web_returns.wr_order_number,web_sales.ws_order_number=web_sales.ws_order_number,web_sales.ws_ship_addr_sk=customer_address.ca_address_sk#customer_address.ca_state,=,1.0#-1309965654
customer_address,web_sales,web_returns,date_dim#web_sales.ws_order_number=web_returns.wr_order_number,web_sales.ws_order_number=web_sales.ws_order_number,web_sales.ws_ship_addr_sk=customer_address.ca_address_sk,web_sales.ws_ship_date_sk=date_dim.d_date_sk#date_dim.d_date,<=,957052800.0,customer_address.ca_state,=,1.0,date_dim.d_date,>=,951868800.0#622717646
web_sales,web_returns,web_site#web_sales.ws_web_site_sk=web_site.web_site_sk,web_sales.ws_order_number=web_returns.wr_order_number,web_sales.ws_order_number=web_sales.ws_order_number#web_site.web_company_name,=,1.0#335028694
web_sales,web_returns,web_site,date_dim#web_sales.ws_web_site_sk=web_site.web_site_sk,web_sales.ws_order_number=web_returns.wr_order_number,web_sales.ws_order_number=web_sales.ws_order_number,web_sales.ws_ship_date_sk=date_dim.d_date_sk#date_dim.d_date,<=,957052800.0,date_dim.d_date,>=,951868800.0,web_site.web_company_name,=,1.0#1320798260
customer_address,web_sales,web_returns,web_site#web_sales.ws_web_site_sk=web_site.web_site_sk,web_sales.ws_order_number=web_returns.wr_order_number,web_sales.ws_order_number=web_sales.ws_order_number,customer_address.ca_address_sk=web_sales.ws_ship_addr_sk#customer_address.ca_state,=,1.0,web_site.web_company_name,=,1.0#2113258009
web_sales,web_returns#web_sales.ws_order_number=web_returns.wr_order_number##-1506904338
web_sales#web_sales.ws_order_number=web_sales.ws_order_number,web_sales.ws_warehouse_sk=web_sales.ws_warehouse_sk##-1418590195
date_dim,customer_address,web_sales#web_sales.ws_warehouse_sk=web_sales.ws_warehouse_sk,web_sales.ws_ship_date_sk=date_dim.d_date_sk,web_sales.ws_order_number=web_sales.ws_order_number,web_sales.ws_ship_addr_sk=customer_address.ca_address_sk#date_dim.d_date,<=,957052800.0,customer_address.ca_state,=,1.0,date_dim.d_date,>=,951868800.0#-1072172375
web_sales,web_returns#web_sales.ws_order_number=web_returns.wr_order_number,web_sales.ws_order_number=web_sales.ws_order_number,web_sales.ws_warehouse_sk=web_sales.ws_warehouse_sk##-1120325737
customer_address,web_sales,web_returns,date_dim#web_sales.ws_warehouse_sk=web_sales.ws_warehouse_sk,web_sales.ws_ship_date_sk=date_dim.d_date_sk,web_sales.ws_order_number=web_returns.wr_order_number,web_sales.ws_order_number=web_sales.ws_order_number,web_sales.ws_ship_addr_sk=customer_address.ca_address_sk#date_dim.d_date,<=,957052800.0,customer_address.ca_state,=,1.0,date_dim.d_date,>=,951868800.0#-298946733
customer_address,web_sales,web_returns,web_site,date_dim#web_sales.ws_warehouse_sk=web_sales.ws_warehouse_sk,web_sales.ws_ship_date_sk=date_dim.d_date_sk,web_sales.ws_web_site_sk=web_site.web_site_sk,web_sales.ws_order_number=web_returns.wr_order_number,web_sales.ws_order_number=web_sales.ws_order_number,web_sales.ws_ship_addr_sk=customer_address.ca_address_sk#date_dim.d_date,<=,957052800.0,customer_address.ca_state,=,1.0,date_dim.d_date,>=,951868800.0,web_site.web_company_name,=,1.0#-572161636
date_dim,store_sales#store_sales.ss_sold_date_sk=date_dim.d_date_sk#date_dim.d_year,=,1999.0#-141152533
store_sales,customer,customer_demographics#store_sales.ss_customer_sk=customer.c_customer_sk#customer_demographics.cd_marital_status,=,1.0#-1256315763
date_dim,web_sales#web_sales.ws_sold_date_sk=date_dim.d_date_sk#date_dim.d_year,=,1999.0#-1038838111
date_dim,web_sales,customer#web_sales.ws_bill_customer_sk=customer.c_customer_sk#date_dim.d_dow,=,1.0#-919603753
date_dim,web_sales#web_sales.ws_sold_date_sk=date_dim.d_date_sk#date_dim.d_year,=,2000.0#1779206902
store_sales,customer,customer_demographics#store_sales.ss_customer_sk=customer.c_customer_sk#customer_demographics.cd_marital_status,=,1.0#-318638473
date_dim,web_sales,customer#web_sales.ws_bill_customer_sk=customer.c_customer_sk#date_dim.d_dow,=,1.0#371120715
date_dim,web_sales#web_sales.ws_sold_date_sk=date_dim.d_date_sk#date_dim.d_year,=,2000.0#1502745140
date_dim,store_sales#store_sales.ss_sold_date_sk=date_dim.d_date_sk#date_dim.d_year,=,1999.0#-121532563
date_dim,store_sales#store_sales.ss_sold_date_sk=date_dim.d_date_sk#date_dim.d_year,=,2000.0#-1598454846
date_dim,web_sales#web_sales.ws_sold_date_sk=date_dim.d_date_sk#date_dim.d_year,=,1999.0#-1315299873
item,store_returns#store_returns.sr_item_sk=item.i_item_sk#item.i_color,=,1.0#612056482
item,store_sales#store_sales.ss_item_sk=item.i_item_sk#item.i_color,=,1.0#-1732855483
store_returns,item,store_sales#store_sales.ss_ticket_number=store_returns.sr_ticket_number,store_sales.ss_item_sk=store_returns.sr_item_sk,store_sales.ss_item_sk=item.i_item_sk#item.i_color,=,1.0#-56811087
store,item,store_sales#store_sales.ss_item_sk=item.i_item_sk,store_sales.ss_store_sk=store.s_store_sk#item.i_color,=,1.0,store.s_market_id,=,9.0#624354370
store,item,store_sales,store_returns#store_sales.ss_ticket_number=store_returns.sr_ticket_number,store_sales.ss_item_sk=store_returns.sr_item_sk,store_sales.ss_item_sk=item.i_item_sk,store_sales.ss_store_sk=store.s_store_sk#item.i_color,=,1.0,store.s_market_id,=,9.0#-1819726380
item,store_sales,customer#store_sales.ss_item_sk=item.i_item_sk,store_sales.ss_customer_sk=customer.c_customer_sk#item.i_color,=,1.0#222059026
item,store_sales,customer,store_returns#store_sales.ss_ticket_number=store_returns.sr_ticket_number,store_sales.ss_item_sk=store_returns.sr_item_sk,store_sales.ss_item_sk=item.i_item_sk,store_sales.ss_customer_sk=customer.c_customer_sk#item.i_color,=,1.0#-1493282338
store,item,store_sales,customer#store_sales.ss_item_sk=item.i_item_sk,store_sales.ss_customer_sk=customer.c_customer_sk,store_sales.ss_store_sk=store.s_store_sk#item.i_color,=,1.0,store.s_market_id,=,9.0#-1499481073
store,item,store_sales,customer,store_returns#store_sales.ss_ticket_number=store_returns.sr_ticket_number,store_sales.ss_item_sk=store_returns.sr_item_sk,store_sales.ss_store_sk=store.s_store_sk,customer.c_customer_sk=store_sales.ss_customer_sk,store_sales.ss_item_sk=item.i_item_sk#item.i_color,=,1.0,store.s_market_id,=,9.0#-1508968451
store,customer_address,item,store_sales#store_sales.ss_item_sk=item.i_item_sk,store.s_zip=customer_address.ca_zip,store_sales.ss_store_sk=store.s_store_sk#item.i_color,=,1.0,store.s_market_id,=,9.0#-2114585634
store,customer_address,item,store_sales,store_returns#store_sales.ss_ticket_number=store_returns.sr_ticket_number,store_sales.ss_item_sk=store_returns.sr_item_sk,store_sales.ss_store_sk=store.s_store_sk,store_sales.ss_item_sk=item.i_item_sk,store.s_zip=customer_address.ca_zip#item.i_color,=,1.0,store.s_market_id,=,9.0#1402971768
customer_address,item,store_sales,customer#store_sales.ss_item_sk=item.i_item_sk,customer.c_current_addr_sk=customer_address.ca_address_sk,store_sales.ss_customer_sk=customer.c_customer_sk#item.i_color,=,1.0#-1752852481
customer_address,item,store_sales,customer,store_returns#store_sales.ss_ticket_number=store_returns.sr_ticket_number,store_sales.ss_item_sk=store_returns.sr_item_sk,store_sales.ss_customer_sk=customer.c_customer_sk,store_sales.ss_item_sk=item.i_item_sk,customer.c_current_addr_sk=customer_address.ca_address_sk#item.i_color,=,1.0#-1098495433
store,customer_address,item,store_sales,customer#store_sales.ss_store_sk=store.s_store_sk,store_sales.ss_item_sk=item.i_item_sk,store.s_zip=customer_address.ca_zip,customer.c_customer_sk=store_sales.ss_customer_sk#item.i_color,=,1.0,store.s_market_id,=,9.0#-1849436365
store,item,store_sales#store_sales.ss_item_sk=item.i_item_sk,store_sales.ss_store_sk=store.s_store_sk#item.i_color,=,1.0,store.s_market_id,=,9.0#529762674
store,customer_address,item,store_sales#store_sales.ss_item_sk=item.i_item_sk,store.s_zip=customer_address.ca_zip,store_sales.ss_store_sk=store.s_store_sk#item.i_color,=,1.0,store.s_market_id,=,9.0#-801983552
store,customer_address,item,store_sales,store_returns#store_sales.ss_ticket_number=store_returns.sr_ticket_number,store_sales.ss_item_sk=store_returns.sr_item_sk,store_sales.ss_store_sk=store.s_store_sk,store_sales.ss_item_sk=item.i_item_sk,store.s_zip=customer_address.ca_zip#item.i_color,=,1.0,store.s_market_id,=,9.0#-1105670440
store,customer_address,item,store_sales,customer,store_returns#store_sales.ss_ticket_number=store_returns.sr_ticket_number,store_sales.ss_item_sk=store_returns.sr_item_sk,customer_address.ca_address_sk=customer.c_current_addr_sk,customer_address.ca_country=customer.c_birth_country,store_sales.ss_customer_sk=customer.c_customer_sk,store_sales.ss_store_sk=store.s_store_sk,store_sales.ss_item_sk=item.i_item_sk,store.s_zip=customer_address.ca_zip#item.i_color,=,1.0,store.s_market_id,=,9.0#-197226027
catalog_sales,item#catalog_sales.cs_item_sk=item.i_item_sk#item.i_manufact_id,=,74.0#-162941097
catalog_sales,date_dim#catalog_sales.cs_sold_date_sk=date_dim.d_date_sk#date_dim.d_date,<=,954979200.0,date_dim.d_date,>=,947203200.0#-1233111872
catalog_sales,date_dim,item#catalog_sales.cs_sold_date_sk=date_dim.d_date_sk,catalog_sales.cs_item_sk=item.i_item_sk#date_dim.d_date,<=,954979200.0,item.i_manufact_id,=,74.0,date_dim.d_date,>=,947203200.0#-514571187
catalog_sales,date_dim#catalog_sales.cs_sold_date_sk=date_dim.d_date_sk#date_dim.d_date,<=,954979200.0,date_dim.d_date,>=,947203200.0#1488413694
catalog_sales,date_dim,item#catalog_sales.cs_sold_date_sk=date_dim.d_date_sk,catalog_sales.cs_item_sk=item.i_item_sk#date_dim.d_date,<=,954979200.0,item.i_manufact_id,=,74.0,date_dim.d_date,>=,947203200.0#-202745091
store,store_sales#store_sales.ss_store_sk=store.s_store_sk#store_sales.ss_sales_price,<=,100.0,store_sales.ss_net_profit,<=,2000.0,store_sales.ss_sales_price,>=,50.0,store_sales.ss_net_profit,>=,0.0,store_sales.ss_net_profit,<=,3000.0,store_sales.ss_sales_price,<=,200.0,store_sales.ss_net_profit,>=,50.0,store_sales.ss_sales_price,>=,150.0,store_sales.ss_sales_price,<=,150.0,store_sales.ss_net_profit,>=,150.0,store_sales.ss_sales_price,>=,100.0,store_sales.ss_net_profit,<=,25000.0#827097422
store_sales,customer_demographics#store_sales.ss_cdemo_sk=customer_demographics.cd_demo_sk#store_sales.ss_sales_price,<=,100.0,customer_demographics.cd_marital_status,=,1.0,store_sales.ss_net_profit,<=,2000.0,store_sales.ss_sales_price,>=,50.0,store_sales.ss_net_profit,>=,0.0,store_sales.ss_net_profit,<=,3000.0,store_sales.ss_sales_price,<=,200.0,store_sales.ss_net_profit,>=,50.0,store_sales.ss_sales_price,>=,150.0,store_sales.ss_sales_price,<=,150.0,store_sales.ss_net_profit,>=,150.0,customer_demographics.cd_education_status,=,1.0,store_sales.ss_sales_price,>=,100.0,store_sales.ss_net_profit,<=,25000.0#639933172
store,store_sales,customer_demographics#store_sales.ss_cdemo_sk=customer_demographics.cd_demo_sk,store_sales.ss_store_sk=store.s_store_sk#store_sales.ss_sales_price,<=,100.0,customer_demographics.cd_marital_status,=,1.0,store_sales.ss_net_profit,<=,2000.0,store_sales.ss_sales_price,>=,50.0,store_sales.ss_net_profit,>=,0.0,store_sales.ss_net_profit,<=,3000.0,store_sales.ss_sales_price,<=,200.0,store_sales.ss_net_profit,>=,50.0,store_sales.ss_sales_price,>=,150.0,store_sales.ss_sales_price,<=,150.0,store_sales.ss_net_profit,>=,150.0,customer_demographics.cd_education_status,=,1.0,store_sales.ss_sales_price,>=,100.0,store_sales.ss_net_profit,<=,25000.0#-165428529
customer_address,store_sales#store_sales.ss_addr_sk=customer_address.ca_address_sk#store_sales.ss_sales_price,<=,100.0,customer_address.ca_country,=,1.0,customer_address.ca_state,IN,3.0,store_sales.ss_net_profit,<=,2000.0,store_sales.ss_sales_price,>=,50.0,store_sales.ss_net_profit,>=,0.0,store_sales.ss_net_profit,<=,3000.0,store_sales.ss_sales_price,<=,200.0,store_sales.ss_net_profit,>=,50.0,store_sales.ss_sales_price,>=,150.0,store_sales.ss_sales_price,<=,150.0,store_sales.ss_net_profit,>=,150.0,store_sales.ss_sales_price,>=,100.0,store_sales.ss_net_profit,<=,25000.0#-267846127
store,customer_address,store_sales#store_sales.ss_addr_sk=customer_address.ca_address_sk,store_sales.ss_store_sk=store.s_store_sk#store_sales.ss_sales_price,<=,100.0,customer_address.ca_country,=,1.0,customer_address.ca_state,IN,3.0,store_sales.ss_net_profit,<=,2000.0,store_sales.ss_sales_price,>=,50.0,store_sales.ss_net_profit,>=,0.0,store_sales.ss_net_profit,<=,3000.0,store_sales.ss_sales_price,<=,200.0,store_sales.ss_net_profit,>=,50.0,store_sales.ss_sales_price,>=,150.0,store_sales.ss_sales_price,<=,150.0,store_sales.ss_net_profit,>=,150.0,store_sales.ss_sales_price,>=,100.0,store_sales.ss_net_profit,<=,25000.0#-73361386
customer_address,store_sales,customer_demographics#store_sales.ss_addr_sk=customer_address.ca_address_sk,store_sales.ss_cdemo_sk=customer_demographics.cd_demo_sk#store_sales.ss_sales_price,<=,100.0,customer_address.ca_country,=,1.0,customer_demographics.cd_marital_status,=,1.0,customer_address.ca_state,IN,3.0,store_sales.ss_net_profit,<=,2000.0,store_sales.ss_sales_price,>=,50.0,store_sales.ss_net_profit,>=,0.0,store_sales.ss_sales_price,>=,150.0,store_sales.ss_net_profit,>=,150.0,store_sales.ss_sales_price,>=,100.0,store_sales.ss_net_profit,<=,3000.0,store_sales.ss_sales_price,<=,200.0,store_sales.ss_net_profit,>=,50.0,store_sales.ss_sales_price,<=,150.0,customer_demographics.cd_education_status,=,1.0,store_sales.ss_net_profit,<=,25000.0#-1791180740
store,customer_address,store_sales,customer_demographics#store_sales.ss_addr_sk=customer_address.ca_address_sk,store_sales.ss_cdemo_sk=customer_demographics.cd_demo_sk,store_sales.ss_store_sk=store.s_store_sk#store_sales.ss_sales_price,<=,100.0,customer_address.ca_country,=,1.0,customer_demographics.cd_marital_status,=,1.0,customer_address.ca_state,IN,3.0,store_sales.ss_net_profit,<=,2000.0,store_sales.ss_sales_price,>=,50.0,store_sales.ss_net_profit,>=,0.0,store_sales.ss_sales_price,>=,150.0,store_sales.ss_net_profit,>=,150.0,store_sales.ss_sales_price,>=,100.0,store_sales.ss_net_profit,<=,3000.0,store_sales.ss_sales_price,<=,200.0,store_sales.ss_net_profit,>=,50.0,store_sales.ss_sales_price,<=,150.0,customer_demographics.cd_education_status,=,1.0,store_sales.ss_net_profit,<=,25000.0#-611684213
date_dim,store_sales#store_sales.ss_sold_date_sk=date_dim.d_date_sk#store_sales.ss_sales_price,<=,100.0,date_dim.d_year,=,2000.0,store_sales.ss_net_profit,<=,2000.0,store_sales.ss_sales_price,>=,50.0,store_sales.ss_net_profit,>=,0.0,store_sales.ss_net_profit,<=,3000.0,store_sales.ss_sales_price,<=,200.0,store_sales.ss_net_profit,>=,50.0,store_sales.ss_sales_price,>=,150.0,store_sales.ss_sales_price,<=,150.0,store_sales.ss_net_profit,>=,150.0,store_sales.ss_sales_price,>=,100.0,store_sales.ss_net_profit,<=,25000.0#-946308401
store,date_dim,store_sales#store_sales.ss_sold_date_sk=date_dim.d_date_sk,store_sales.ss_store_sk=store.s_store_sk#store_sales.ss_sales_price,<=,100.0,date_dim.d_year,=,2000.0,store_sales.ss_net_profit,<=,2000.0,store_sales.ss_sales_price,>=,50.0,store_sales.ss_net_profit,>=,0.0,store_sales.ss_net_profit,<=,3000.0,store_sales.ss_sales_price,<=,200.0,store_sales.ss_net_profit,>=,50.0,store_sales.ss_sales_price,>=,150.0,store_sales.ss_sales_price,<=,150.0,store_sales.ss_net_profit,>=,150.0,store_sales.ss_sales_price,>=,100.0,store_sales.ss_net_profit,<=,25000.0#-1143653048
date_dim,store_sales,customer_demographics#store_sales.ss_cdemo_sk=customer_demographics.cd_demo_sk,store_sales.ss_sold_date_sk=date_dim.d_date_sk#store_sales.ss_sales_price,<=,100.0,customer_demographics.cd_marital_status,=,1.0,date_dim.d_year,=,2000.0,store_sales.ss_net_profit,<=,2000.0,store_sales.ss_sales_price,>=,50.0,store_sales.ss_net_profit,>=,0.0,store_sales.ss_net_profit,<=,3000.0,store_sales.ss_sales_price,<=,200.0,store_sales.ss_net_profit,>=,50.0,store_sales.ss_sales_price,>=,150.0,store_sales.ss_sales_price,<=,150.0,store_sales.ss_net_profit,>=,150.0,customer_demographics.cd_education_status,=,1.0,store_sales.ss_sales_price,>=,100.0,store_sales.ss_net_profit,<=,25000.0#971341358
store,store_sales,date_dim,customer_demographics#store_sales.ss_cdemo_sk=customer_demographics.cd_demo_sk,store_sales.ss_sold_date_sk=date_dim.d_date_sk,store_sales.ss_store_sk=store.s_store_sk#store_sales.ss_sales_price,<=,100.0,customer_demographics.cd_marital_status,=,1.0,date_dim.d_year,=,2000.0,store_sales.ss_net_profit,<=,2000.0,store_sales.ss_sales_price,>=,50.0,store_sales.ss_net_profit,>=,0.0,store_sales.ss_net_profit,<=,3000.0,store_sales.ss_sales_price,<=,200.0,store_sales.ss_net_profit,>=,50.0,store_sales.ss_sales_price,>=,150.0,store_sales.ss_sales_price,<=,150.0,store_sales.ss_net_profit,>=,150.0,customer_demographics.cd_education_status,=,1.0,store_sales.ss_sales_price,>=,100.0,store_sales.ss_net_profit,<=,25000.0#460820745
date_dim,customer_address,store_sales#store_sales.ss_addr_sk=customer_address.ca_address_sk,store_sales.ss_sold_date_sk=date_dim.d_date_sk#store_sales.ss_sales_price,<=,100.0,customer_address.ca_country,=,1.0,date_dim.d_year,=,2000.0,customer_address.ca_state,IN,3.0,store_sales.ss_net_profit,<=,2000.0,store_sales.ss_sales_price,>=,50.0,store_sales.ss_net_profit,>=,0.0,store_sales.ss_net_profit,<=,3000.0,store_sales.ss_sales_price,<=,200.0,store_sales.ss_net_profit,>=,50.0,store_sales.ss_sales_price,>=,150.0,store_sales.ss_sales_price,<=,150.0,store_sales.ss_net_profit,>=,150.0,store_sales.ss_sales_price,>=,100.0,store_sales.ss_net_profit,<=,25000.0#1760193163
store,customer_address,store_sales,date_dim#store_sales.ss_addr_sk=customer_address.ca_address_sk,store_sales.ss_sold_date_sk=date_dim.d_date_sk,store_sales.ss_store_sk=store.s_store_sk#store_sales.ss_sales_price,<=,100.0,customer_address.ca_country,=,1.0,date_dim.d_year,=,2000.0,customer_address.ca_state,IN,3.0,store_sales.ss_net_profit,<=,2000.0,store_sales.ss_sales_price,>=,50.0,store_sales.ss_net_profit,>=,0.0,store_sales.ss_net_profit,<=,3000.0,store_sales.ss_sales_price,<=,200.0,store_sales.ss_net_profit,>=,50.0,store_sales.ss_sales_price,>=,150.0,store_sales.ss_sales_price,<=,150.0,store_sales.ss_net_profit,>=,150.0,store_sales.ss_sales_price,>=,100.0,store_sales.ss_net_profit,<=,25000.0#648761872
customer_address,store_sales,date_dim,customer_demographics#store_sales.ss_cdemo_sk=customer_demographics.cd_demo_sk,customer_address.ca_address_sk=store_sales.ss_addr_sk,store_sales.ss_sold_date_sk=date_dim.d_date_sk#store_sales.ss_sales_price,<=,100.0,customer_address.ca_country,=,1.0,customer_demographics.cd_marital_status,=,1.0,date_dim.d_year,=,2000.0,store_sales.ss_net_profit,<=,2000.0,store_sales.ss_sales_price,>=,50.0,customer_address.ca_state,IN,3.0,store_sales.ss_net_profit,>=,0.0,store_sales.ss_net_profit,<=,3000.0,store_sales.ss_sales_price,<=,200.0,store_sales.ss_net_profit,>=,50.0,store_sales.ss_sales_price,>=,150.0,store_sales.ss_sales_price,<=,150.0,store_sales.ss_net_profit,>=,150.0,customer_demographics.cd_education_status,=,1.0,store_sales.ss_sales_price,>=,100.0,store_sales.ss_net_profit,<=,25000.0#-1394946162
date_dim,store_sales#store_sales.ss_sold_date_sk=date_dim.d_date_sk#store_sales.ss_store_sk,!=,0,date_dim.d_year,=,2000.0,store_sales.ss_sales_price,>=,50.0,store_sales.ss_net_profit,>=,0.0,store_sales.ss_net_profit,<=,25000.0,store_sales.ss_sales_price,<=,200.0#856573847
date_dim,store_sales,customer_demographics#store_sales.ss_cdemo_sk=customer_demographics.cd_demo_sk,store_sales.ss_sold_date_sk=date_dim.d_date_sk#store_sales.ss_store_sk,!=,0,store_sales.ss_sales_price,<=,100.0,customer_demographics.cd_marital_status,=,1.0,date_dim.d_year,=,2000.0,store_sales.ss_sales_price,>=,50.0,store_sales.ss_sales_price,<=,200.0,store_sales.ss_net_profit,>=,0.0,store_sales.ss_sales_price,>=,150.0,store_sales.ss_sales_price,<=,150.0,customer_demographics.cd_education_status,=,1.0,store_sales.ss_sales_price,>=,100.0,store_sales.ss_net_profit,<=,25000.0#1706684474
customer_address,store_sales,date_dim,customer_demographics#store_sales.ss_addr_sk=customer_address.ca_address_sk,store_sales.ss_cdemo_sk=customer_demographics.cd_demo_sk,store_sales.ss_sold_date_sk=date_dim.d_date_sk#store_sales.ss_store_sk,!=,0,store_sales.ss_sales_price,<=,100.0,customer_address.ca_country,=,1.0,customer_demographics.cd_marital_status,=,1.0,customer_address.ca_state,IN,3.0,store_sales.ss_net_profit,<=,2000.0,store_sales.ss_sales_price,>=,50.0,store_sales.ss_net_profit,>=,0.0,store_sales.ss_sales_price,>=,150.0,store_sales.ss_net_profit,>=,150.0,customer_address.ca_state,IN,9.0,store_sales.ss_sales_price,>=,100.0,date_dim.d_year,=,2000.0,store_sales.ss_net_profit,<=,3000.0,store_sales.ss_sales_price,<=,200.0,store_sales.ss_net_profit,>=,50.0,store_sales.ss_sales_price,<=,150.0,customer_demographics.cd_education_status,=,1.0,store_sales.ss_net_profit,<=,25000.0#-188302877
item#item.i_item_id=item.i_item_id#item.i_color,IN,3.0#-1800449374
date_dim,store_sales#store_sales.ss_sold_date_sk=date_dim.d_date_sk#date_dim.d_moy,=,3.0,date_dim.d_year,=,2000.0#409417317
customer_address,store_sales#store_sales.ss_addr_sk=customer_address.ca_address_sk#customer_address.ca_gmt_offset,=,-8.0#436505208
date_dim,customer_address,store_sales#store_sales.ss_addr_sk=customer_address.ca_address_sk,store_sales.ss_sold_date_sk=date_dim.d_date_sk#customer_address.ca_gmt_offset,=,-8.0,date_dim.d_moy,=,3.0,date_dim.d_year,=,2000.0#-1460384785
date_dim,item,store_sales#store_sales.ss_item_sk=item.i_item_sk,store_sales.ss_sold_date_sk=date_dim.d_date_sk#date_dim.d_moy,=,3.0,date_dim.d_year,=,2000.0#-2009775786
customer_address,item,store_sales#store_sales.ss_addr_sk=customer_address.ca_address_sk,store_sales.ss_item_sk=item.i_item_sk#customer_address.ca_gmt_offset,=,-8.0#2120491609
customer_address,item,store_sales,date_dim#store_sales.ss_addr_sk=customer_address.ca_address_sk,store_sales.ss_item_sk=item.i_item_sk,store_sales.ss_sold_date_sk=date_dim.d_date_sk#customer_address.ca_gmt_offset,=,-8.0,date_dim.d_moy,=,3.0,date_dim.d_year,=,2000.0#-567018340
item,store_sales#item.i_item_id=item.i_item_id,store_sales.ss_item_sk=item.i_item_sk#item.i_color,IN,3.0#1262145299
date_dim,item,store_sales#item.i_item_id=item.i_item_id,store_sales.ss_item_sk=item.i_item_sk,store_sales.ss_sold_date_sk=date_dim.d_date_sk#item.i_color,IN,3.0,date_dim.d_moy,=,3.0,date_dim.d_year,=,2000.0#-2075968724
customer_address,item,store_sales#store_sales.ss_addr_sk=customer_address.ca_address_sk,store_sales.ss_item_sk=item.i_item_sk,item.i_item_id=item.i_item_id#customer_address.ca_gmt_offset,=,-8.0,item.i_color,IN,3.0#-666199063
catalog_sales,date_dim#catalog_sales.cs_sold_date_sk=date_dim.d_date_sk#date_dim.d_moy,=,3.0,date_dim.d_year,=,2000.0#-453359267
catalog_sales,customer_address#catalog_sales.cs_bill_addr_sk=customer_address.ca_address_sk#customer_address.ca_gmt_offset,=,-8.0#2072577478
catalog_sales,customer_address,date_dim#catalog_sales.cs_bill_addr_sk=customer_address.ca_address_sk,catalog_sales.cs_sold_date_sk=date_dim.d_date_sk#customer_address.ca_gmt_offset,=,-8.0,date_dim.d_moy,=,3.0,date_dim.d_year,=,2000.0#765013713
catalog_sales,date_dim,item#catalog_sales.cs_sold_date_sk=date_dim.d_date_sk,catalog_sales.cs_item_sk=item.i_item_sk#date_dim.d_moy,=,3.0,date_dim.d_year,=,2000.0#1458813022
catalog_sales,customer_address,item#catalog_sales.cs_bill_addr_sk=customer_address.ca_address_sk,catalog_sales.cs_item_sk=item.i_item_sk#customer_address.ca_gmt_offset,=,-8.0#1855009451
catalog_sales,customer_address,item,date_dim#catalog_sales.cs_bill_addr_sk=customer_address.ca_address_sk,catalog_sales.cs_sold_date_sk=date_dim.d_date_sk,catalog_sales.cs_item_sk=item.i_item_sk#customer_address.ca_gmt_offset,=,-8.0,date_dim.d_moy,=,3.0,date_dim.d_year,=,2000.0#1215394898
catalog_sales,item#item.i_item_id=item.i_item_id,catalog_sales.cs_item_sk=item.i_item_sk#item.i_color,IN,3.0#-130084309
catalog_sales,date_dim,item#item.i_item_id=item.i_item_id,catalog_sales.cs_sold_date_sk=date_dim.d_date_sk,catalog_sales.cs_item_sk=item.i_item_sk#item.i_color,IN,3.0,date_dim.d_moy,=,3.0,date_dim.d_year,=,2000.0#-1843022044
catalog_sales,customer_address,item#item.i_item_id=item.i_item_id,catalog_sales.cs_bill_addr_sk=customer_address.ca_address_sk,catalog_sales.cs_item_sk=item.i_item_sk#customer_address.ca_gmt_offset,=,-8.0,item.i_color,IN,3.0#-909746601
date_dim,web_sales#web_sales.ws_sold_date_sk=date_dim.d_date_sk#date_dim.d_moy,=,3.0,date_dim.d_year,=,2000.0#1262167407
customer_address,web_sales#web_sales.ws_bill_addr_sk=customer_address.ca_address_sk#customer_address.ca_gmt_offset,=,-8.0#1967504768
date_dim,customer_address,web_sales#web_sales.ws_sold_date_sk=date_dim.d_date_sk,web_sales.ws_bill_addr_sk=customer_address.ca_address_sk#customer_address.ca_gmt_offset,=,-8.0,date_dim.d_moy,=,3.0,date_dim.d_year,=,2000.0#-693643769
date_dim,web_sales,item#web_sales.ws_sold_date_sk=date_dim.d_date_sk,web_sales.ws_item_sk=item.i_item_sk#date_dim.d_moy,=,3.0,date_dim.d_year,=,2000.0#-280137056
customer_address,web_sales,item#web_sales.ws_item_sk=item.i_item_sk,web_sales.ws_bill_addr_sk=customer_address.ca_address_sk#customer_address.ca_gmt_offset,=,-8.0#-1051214339
customer_address,web_sales,item,date_dim#web_sales.ws_sold_date_sk=date_dim.d_date_sk,web_sales.ws_item_sk=item.i_item_sk,web_sales.ws_bill_addr_sk=customer_address.ca_address_sk#customer_address.ca_gmt_offset,=,-8.0,date_dim.d_moy,=,3.0,date_dim.d_year,=,2000.0#-2049696072
web_sales,item#item.i_item_id=item.i_item_id,web_sales.ws_item_sk=item.i_item_sk#item.i_color,IN,3.0#1470144829
date_dim,web_sales,item#item.i_item_id=item.i_item_id,web_sales.ws_sold_date_sk=date_dim.d_date_sk,web_sales.ws_item_sk=item.i_item_sk#item.i_color,IN,3.0,date_dim.d_moy,=,3.0,date_dim.d_year,=,2000.0#1807477154
customer_address,web_sales,item#item.i_item_id=item.i_item_id,web_sales.ws_item_sk=item.i_item_sk,web_sales.ws_bill_addr_sk=customer_address.ca_address_sk#customer_address.ca_gmt_offset,=,-8.0,item.i_color,IN,3.0#1078248901
date_dim,store_sales#store_sales.ss_sold_date_sk=date_dim.d_date_sk#date_dim.d_moy,=,3.0,date_dim.d_year,=,2000.0#-898759133
item#item.i_item_id=item.i_item_id#item.i_color,IN,3.0#-1477825712
catalog_sales,date_dim#catalog_sales.cs_sold_date_sk=date_dim.d_date_sk#date_dim.d_moy,=,3.0,date_dim.d_year,=,2000.0#-1761535717
date_dim,web_sales#web_sales.ws_sold_date_sk=date_dim.d_date_sk#date_dim.d_moy,=,3.0,date_dim.d_year,=,2000.0#-581147151
date_dim,item,store_sales#item.i_item_id=item.i_item_id,store_sales.ss_item_sk=item.i_item_sk,store_sales.ss_sold_date_sk=date_dim.d_date_sk#item.i_color,IN,3.0,date_dim.d_moy,=,3.0,date_dim.d_year,=,2000.0#979799662
catalog_sales,date_dim,item#item.i_item_id=item.i_item_id,catalog_sales.cs_sold_date_sk=date_dim.d_date_sk,catalog_sales.cs_item_sk=item.i_item_sk#item.i_color,IN,3.0,date_dim.d_moy,=,3.0,date_dim.d_year,=,2000.0#-426025370
date_dim,web_sales,item#item.i_item_id=item.i_item_id,web_sales.ws_sold_date_sk=date_dim.d_date_sk,web_sales.ws_item_sk=item.i_item_sk#item.i_color,IN,3.0,date_dim.d_moy,=,3.0,date_dim.d_year,=,2000.0#1914417796
customer_address,item,store_sales,date_dim#store_sales.ss_addr_sk=customer_address.ca_address_sk,store_sales.ss_item_sk=item.i_item_sk,item.i_item_id=item.i_item_id,store_sales.ss_sold_date_sk=date_dim.d_date_sk#customer_address.ca_gmt_offset,=,-8.0,date_dim.d_moy,=,3.0,item.i_color,IN,3.0,date_dim.d_year,=,2000.0#2110036922
catalog_sales,customer_address,item,date_dim#item.i_item_id=item.i_item_id,catalog_sales.cs_bill_addr_sk=customer_address.ca_address_sk,catalog_sales.cs_sold_date_sk=date_dim.d_date_sk,catalog_sales.cs_item_sk=item.i_item_sk#customer_address.ca_gmt_offset,=,-8.0,date_dim.d_moy,=,3.0,item.i_color,IN,3.0,date_dim.d_year,=,2000.0#-1921091368
customer_address,web_sales,item,date_dim#item.i_item_id=item.i_item_id,customer_address.ca_address_sk=web_sales.ws_bill_addr_sk,web_sales.ws_item_sk=item.i_item_sk,web_sales.ws_sold_date_sk=date_dim.d_date_sk#item.i_color,IN,3.0,date_dim.d_moy,=,3.0,customer_address.ca_gmt_offset,=,-8.0,date_dim.d_year,=,2000.0#1413019629
income_band,household_demographics#household_demographics.hd_income_band_sk=income_band.ib_income_band_sk##-1500184004
income_band,customer,household_demographics#household_demographics.hd_income_band_sk=income_band.ib_income_band_sk,customer.c_current_hdemo_sk=household_demographics.hd_demo_sk##1294483099
income_band,customer,date_dim,household_demographics#household_demographics.hd_income_band_sk=income_band.ib_income_band_sk,customer.c_first_sales_date_sk=date_dim.d_date_sk,customer.c_current_hdemo_sk=household_demographics.hd_demo_sk##-2124050624
income_band,customer,date_dim,household_demographics#customer.c_first_shipto_date_sk=date_dim.d_date_sk,customer.c_first_sales_date_sk=date_dim.d_date_sk,household_demographics.hd_income_band_sk=income_band.ib_income_band_sk,customer.c_current_hdemo_sk=household_demographics.hd_demo_sk##375619414
income_band,customer,date_dim,customer_demographics,household_demographics#customer.c_first_sales_date_sk=date_dim.d_date_sk,customer.c_current_hdemo_sk=household_demographics.hd_demo_sk,household_demographics.hd_income_band_sk=income_band.ib_income_band_sk,customer.c_first_shipto_date_sk=date_dim.d_date_sk,customer.c_current_cdemo_sk=customer_demographics.cd_demo_sk##-1669815502
customer_address,income_band,customer,date_dim,customer_demographics,household_demographics#customer.c_first_sales_date_sk=date_dim.d_date_sk,customer.c_current_hdemo_sk=household_demographics.hd_demo_sk,household_demographics.hd_income_band_sk=income_band.ib_income_band_sk,customer.c_first_shipto_date_sk=date_dim.d_date_sk,customer.c_current_addr_sk=customer_address.ca_address_sk,customer.c_current_cdemo_sk=customer_demographics.cd_demo_sk##-96683627
income_band,customer,household_demographics#household_demographics.hd_income_band_sk=income_band.ib_income_band_sk,customer.c_current_hdemo_sk=household_demographics.hd_demo_sk##400036059
income_band,customer,date_dim,household_demographics#household_demographics.hd_income_band_sk=income_band.ib_income_band_sk,customer.c_first_sales_date_sk=date_dim.d_date_sk,customer.c_current_hdemo_sk=household_demographics.hd_demo_sk##526881838
income_band,customer,date_dim,household_demographics#customer.c_first_shipto_date_sk=date_dim.d_date_sk,customer.c_first_sales_date_sk=date_dim.d_date_sk,household_demographics.hd_income_band_sk=income_band.ib_income_band_sk,customer.c_current_hdemo_sk=household_demographics.hd_demo_sk##1305806806
income_band,customer,date_dim,customer_demographics,household_demographics#customer.c_first_sales_date_sk=date_dim.d_date_sk,customer.c_current_hdemo_sk=household_demographics.hd_demo_sk,household_demographics.hd_income_band_sk=income_band.ib_income_band_sk,customer.c_first_shipto_date_sk=date_dim.d_date_sk,customer.c_current_cdemo_sk=customer_demographics.cd_demo_sk##1571265476
store_returns,store_sales#store_sales.ss_item_sk=store_returns.sr_item_sk,store_sales.ss_ticket_number=store_returns.sr_ticket_number#store_sales.ss_promo_sk,!=,0#739649848
income_band,household_demographics#household_demographics.hd_income_band_sk=income_band.ib_income_band_sk##-753676354
customer_address,income_band,customer,date_dim,customer_demographics,household_demographics#customer_address.ca_address_sk=customer.c_current_addr_sk,customer.c_first_sales_date_sk=date_dim.d_date_sk,customer.c_current_hdemo_sk=household_demographics.hd_demo_sk,household_demographics.hd_income_band_sk=income_band.ib_income_band_sk,customer.c_first_shipto_date_sk=date_dim.d_date_sk,customer.c_current_cdemo_sk=customer_demographics.cd_demo_sk##-2095047509
catalog_sales,catalog_returns#catalog_sales.cs_item_sk=catalog_returns.cr_item_sk,catalog_sales.cs_order_number=catalog_returns.cr_order_number##1378075005
date_dim,web_sales#web_sales.ws_sold_date_sk=date_dim.d_date_sk#date_dim.d_moy,=,12.0,date_dim.d_year,=,2002.0#-634760581
catalog_sales,date_dim#catalog_sales.cs_sold_date_sk=date_dim.d_date_sk#date_dim.d_moy,=,12.0,date_dim.d_year,=,2002.0#1427899537
date_dim,store_sales#store_sales.ss_sold_date_sk=date_dim.d_date_sk#date_dim.d_moy,=,12.0,date_dim.d_year,=,2002.0#-1890797431
store_sales,customer_demographics#store_sales.ss_cdemo_sk=customer_demographics.cd_demo_sk#customer_demographics.cd_marital_status,=,1.0,customer_demographics.cd_education_status,=,1.0,customer_demographics.cd_gender,=,1.0#809332878
date_dim,store_sales,customer_demographics#store_sales.ss_cdemo_sk=customer_demographics.cd_demo_sk,store_sales.ss_sold_date_sk=date_dim.d_date_sk#date_dim.d_year,=,2000.0,customer_demographics.cd_marital_status,=,1.0,customer_demographics.cd_education_status,=,1.0,customer_demographics.cd_gender,=,1.0#1433721516
item,store_sales,customer_demographics#store_sales.ss_cdemo_sk=customer_demographics.cd_demo_sk,store_sales.ss_item_sk=item.i_item_sk#customer_demographics.cd_marital_status,=,1.0,customer_demographics.cd_education_status,=,1.0,customer_demographics.cd_gender,=,1.0#2129235007
date_dim,item,store_sales#store_sales.ss_item_sk=item.i_item_sk,store_sales.ss_sold_date_sk=date_dim.d_date_sk#date_dim.d_year,=,2000.0#-190276435
item,store_sales,date_dim,customer_demographics#store_sales.ss_cdemo_sk=customer_demographics.cd_demo_sk,store_sales.ss_item_sk=item.i_item_sk,store_sales.ss_sold_date_sk=date_dim.d_date_sk#date_dim.d_year,=,2000.0,customer_demographics.cd_marital_status,=,1.0,customer_demographics.cd_education_status,=,1.0,customer_demographics.cd_gender,=,1.0#-1326577059
store_sales,promotion#store_sales.ss_promo_sk=promotion.p_promo_sk#promotion.p_channel_event,=,1.0,promotion.p_channel_email,=,1.0#1419083697
store_sales,customer_demographics,promotion#store_sales.ss_cdemo_sk=customer_demographics.cd_demo_sk,store_sales.ss_promo_sk=promotion.p_promo_sk#promotion.p_channel_event,=,1.0,customer_demographics.cd_marital_status,=,1.0,customer_demographics.cd_education_status,=,1.0,promotion.p_channel_email,=,1.0,customer_demographics.cd_gender,=,1.0#1682776349
date_dim,store_sales,promotion#store_sales.ss_sold_date_sk=date_dim.d_date_sk,store_sales.ss_promo_sk=promotion.p_promo_sk#promotion.p_channel_event,=,1.0,date_dim.d_year,=,2000.0,promotion.p_channel_email,=,1.0#819108051
store_sales,promotion,date_dim,customer_demographics#store_sales.ss_cdemo_sk=customer_demographics.cd_demo_sk,store_sales.ss_sold_date_sk=date_dim.d_date_sk,store_sales.ss_promo_sk=promotion.p_promo_sk#promotion.p_channel_event,=,1.0,customer_demographics.cd_marital_status,=,1.0,customer_demographics.cd_education_status,=,1.0,promotion.p_channel_email,=,1.0,date_dim.d_year,=,2000.0,customer_demographics.cd_gender,=,1.0#-978002561
item,store_sales,promotion#store_sales.ss_item_sk=item.i_item_sk,store_sales.ss_promo_sk=promotion.p_promo_sk#promotion.p_channel_event,=,1.0,promotion.p_channel_email,=,1.0#617465438
item,store_sales,promotion,customer_demographics#store_sales.ss_cdemo_sk=customer_demographics.cd_demo_sk,store_sales.ss_item_sk=item.i_item_sk,store_sales.ss_promo_sk=promotion.p_promo_sk#promotion.p_channel_event,=,1.0,customer_demographics.cd_marital_status,=,1.0,customer_demographics.cd_education_status,=,1.0,promotion.p_channel_email,=,1.0,customer_demographics.cd_gender,=,1.0#-1450469362
item,store_sales,promotion,date_dim#store_sales.ss_sold_date_sk=date_dim.d_date_sk,store_sales.ss_item_sk=item.i_item_sk,store_sales.ss_promo_sk=promotion.p_promo_sk#promotion.p_channel_event,=,1.0,date_dim.d_year,=,2000.0,promotion.p_channel_email,=,1.0#428469120
date_dim,store_sales,customer_demographics#store_sales.ss_cdemo_sk=customer_demographics.cd_demo_sk,store_sales.ss_sold_date_sk=date_dim.d_date_sk#date_dim.d_year,=,2000.0,customer_demographics.cd_marital_status,=,1.0,customer_demographics.cd_education_status,=,1.0,customer_demographics.cd_gender,=,1.0#765252076
item,store_sales,date_dim,customer_demographics#store_sales.ss_cdemo_sk=customer_demographics.cd_demo_sk,store_sales.ss_item_sk=item.i_item_sk,store_sales.ss_sold_date_sk=date_dim.d_date_sk#date_dim.d_year,=,2000.0,customer_demographics.cd_marital_status,=,1.0,customer_demographics.cd_education_status,=,1.0,customer_demographics.cd_gender,=,1.0#1767080623
item,store_sales,promotion,date_dim,customer_demographics#store_sales.ss_cdemo_sk=customer_demographics.cd_demo_sk,store_sales.ss_item_sk=item.i_item_sk,store_sales.ss_sold_date_sk=date_dim.d_date_sk,store_sales.ss_promo_sk=promotion.p_promo_sk#promotion.p_channel_event,=,1.0,customer_demographics.cd_marital_status,=,1.0,customer_demographics.cd_education_status,=,1.0,promotion.p_channel_email,=,1.0,date_dim.d_year,=,2000.0,customer_demographics.cd_gender,=,1.0#-1256801018
store_sales,household_demographics#store_sales.ss_hdemo_sk=household_demographics.hd_demo_sk#household_demographics.hd_dep_count,=,7.0#1796118217
store_sales,time_dim#store_sales.ss_sold_time_sk=time_dim.t_time_sk#time_dim.t_minute,>=,30.0,time_dim.t_hour,=,15.0#1040219739
store_sales,time_dim,household_demographics#store_sales.ss_sold_time_sk=time_dim.t_time_sk,store_sales.ss_hdemo_sk=household_demographics.hd_demo_sk#time_dim.t_minute,>=,30.0,time_dim.t_hour,=,15.0,household_demographics.hd_dep_count,=,7.0#-693270014
store,store_sales#store_sales.ss_store_sk=store.s_store_sk#store.s_store_name,=,1.0#-933293749
store,store_sales,household_demographics#household_demographics.hd_demo_sk=store_sales.ss_hdemo_sk,store_sales.ss_store_sk=store.s_store_sk#store.s_store_name,=,1.0,household_demographics.hd_dep_count,=,7.0#-344025154
store,store_sales,time_dim#store_sales.ss_sold_time_sk=time_dim.t_time_sk,store_sales.ss_store_sk=store.s_store_sk#time_dim.t_minute,>=,30.0,time_dim.t_hour,=,15.0,store.s_store_name,=,1.0#-1573775420
store,store_sales#store_sales.ss_store_sk=store.s_store_sk#store.s_store_name,=,1.0#-913673779
store,store_sales,household_demographics#store_sales.ss_hdemo_sk=household_demographics.hd_demo_sk,store_sales.ss_store_sk=store.s_store_sk#store.s_store_name,=,1.0,household_demographics.hd_dep_count,=,7.0#1433365682
store,store_sales,time_dim,household_demographics#store_sales.ss_sold_time_sk=time_dim.t_time_sk,store_sales.ss_hdemo_sk=household_demographics.hd_demo_sk,store_sales.ss_store_sk=store.s_store_sk#time_dim.t_minute,>=,30.0,time_dim.t_hour,=,15.0,store.s_store_name,=,1.0,household_demographics.hd_dep_count,=,7.0#-840508631
web_sales,item#web_sales.ws_item_sk=item.i_item_sk#item.i_category,IN,3.0#73126979
date_dim,web_sales#web_sales.ws_sold_date_sk=date_dim.d_date_sk#date_dim.d_date,>=,887500800.0,date_dim.d_date,<=,890092800.0#1835786188
date_dim,web_sales#web_sales.ws_sold_date_sk=date_dim.d_date_sk#date_dim.d_date,>=,887500800.0,date_dim.d_date,<=,890092800.0#538104014
date_dim,web_sales,item#web_sales.ws_sold_date_sk=date_dim.d_date_sk,web_sales.ws_item_sk=item.i_item_sk#date_dim.d_date,>=,887500800.0,item.i_category,IN,3.0,date_dim.d_date,<=,890092800.0#-2041673525
item,store_sales#store_sales.ss_item_sk=item.i_item_sk#item.i_manager_id,=,2.0#1173499030
item,store_sales,customer#store_sales.ss_item_sk=item.i_item_sk,store_sales.ss_customer_sk=customer.c_customer_sk#item.i_manager_id,=,2.0#-79142685
store,item,store_sales#store_sales.ss_item_sk=item.i_item_sk,store_sales.ss_store_sk=store.s_store_sk#item.i_manager_id,=,2.0#1572834501
store,store_sales,customer#store_sales.ss_customer_sk=customer.c_customer_sk,store_sales.ss_store_sk=store.s_store_sk##-1950609944
store,item,store_sales,customer#store_sales.ss_item_sk=item.i_item_sk,store_sales.ss_customer_sk=customer.c_customer_sk,store_sales.ss_store_sk=store.s_store_sk#item.i_manager_id,=,2.0#1724021596
customer_address,item,store_sales,customer#store_sales.ss_item_sk=item.i_item_sk,customer.c_current_addr_sk=customer_address.ca_address_sk,customer.c_customer_sk=store_sales.ss_customer_sk#item.i_manager_id,=,2.0#1460000986
store,customer_address,store_sales,customer#customer.c_current_addr_sk=customer_address.ca_address_sk,store_sales.ss_store_sk=store.s_store_sk,customer.c_customer_sk=store_sales.ss_customer_sk##-1976037549
store,customer_address,item,store_sales,customer#store_sales.ss_item_sk=item.i_item_sk,customer.c_current_addr_sk=customer_address.ca_address_sk,store_sales.ss_customer_sk=customer.c_customer_sk,store_sales.ss_store_sk=store.s_store_sk#item.i_manager_id,=,2.0#1884328685
date_dim,item,store_sales#item.i_item_sk=store_sales.ss_item_sk,store_sales.ss_sold_date_sk=date_dim.d_date_sk#date_dim.d_moy,=,12.0,item.i_manager_id,=,2.0,date_dim.d_year,=,2001.0#698654324
date_dim,store_sales,customer#store_sales.ss_customer_sk=customer.c_customer_sk,store_sales.ss_sold_date_sk=date_dim.d_date_sk#date_dim.d_moy,=,12.0,date_dim.d_year,=,2001.0#-1060678491
item,store_sales,customer,date_dim#item.i_item_sk=store_sales.ss_item_sk,store_sales.ss_customer_sk=customer.c_customer_sk,store_sales.ss_sold_date_sk=date_dim.d_date_sk#date_dim.d_moy,=,12.0,item.i_manager_id,=,2.0,date_dim.d_year,=,2001.0#-1162731839
store,date_dim,store_sales#store.s_store_sk=store_sales.ss_store_sk,store_sales.ss_sold_date_sk=date_dim.d_date_sk#date_dim.d_moy,=,12.0,date_dim.d_year,=,2001.0#-539059383
store,item,store_sales,date_dim#store_sales.ss_item_sk=item.i_item_sk,store.s_store_sk=store_sales.ss_store_sk,store_sales.ss_sold_date_sk=date_dim.d_date_sk#date_dim.d_moy,=,12.0,item.i_manager_id,=,2.0,date_dim.d_year,=,2001.0#-1554477237
store,store_sales,customer,date_dim#store.s_store_sk=store_sales.ss_store_sk,store_sales.ss_customer_sk=customer.c_customer_sk,store_sales.ss_sold_date_sk=date_dim.d_date_sk#date_dim.d_moy,=,12.0,date_dim.d_year,=,2001.0#-1759519838
store,item,store_sales,customer,date_dim#store_sales.ss_item_sk=item.i_item_sk,store.s_store_sk=store_sales.ss_store_sk,store_sales.ss_customer_sk=customer.c_customer_sk,store_sales.ss_sold_date_sk=date_dim.d_date_sk#date_dim.d_moy,=,12.0,item.i_manager_id,=,2.0,date_dim.d_year,=,2001.0#2049795748
customer_address,store_sales,customer,date_dim#store_sales.ss_sold_date_sk=date_dim.d_date_sk,customer.c_current_addr_sk=customer_address.ca_address_sk,customer.c_customer_sk=store_sales.ss_customer_sk#date_dim.d_moy,=,12.0,date_dim.d_year,=,2001.0#274964184
customer_address,item,store_sales,customer,date_dim#item.i_item_sk=store_sales.ss_item_sk,customer.c_current_addr_sk=customer_address.ca_address_sk,store_sales.ss_customer_sk=customer.c_customer_sk,store_sales.ss_sold_date_sk=date_dim.d_date_sk#date_dim.d_moy,=,12.0,item.i_manager_id,=,2.0,date_dim.d_year,=,2001.0#-384529872
store,customer_address,store_sales,customer,date_dim#store_sales.ss_sold_date_sk=date_dim.d_date_sk,customer.c_current_addr_sk=customer_address.ca_address_sk,store.s_store_sk=store_sales.ss_store_sk,customer.c_customer_sk=store_sales.ss_customer_sk#date_dim.d_moy,=,12.0,date_dim.d_year,=,2001.0#1336845017
store,date_dim,store_sales#store_sales.ss_sold_date_sk=date_dim.d_date_sk,store_sales.ss_store_sk=store.s_store_sk#date_dim.d_moy,=,12.0,date_dim.d_year,=,2001.0#-861300043
store,item,store_sales,date_dim#store_sales.ss_sold_date_sk=date_dim.d_date_sk,store_sales.ss_item_sk=item.i_item_sk,store_sales.ss_store_sk=store.s_store_sk#date_dim.d_moy,=,12.0,item.i_manager_id,=,2.0,date_dim.d_year,=,2001.0#-1847948659
store,item,store_sales,customer,date_dim#store_sales.ss_sold_date_sk=date_dim.d_date_sk,store_sales.ss_item_sk=item.i_item_sk,store_sales.ss_store_sk=store.s_store_sk,customer.c_customer_sk=store_sales.ss_customer_sk#date_dim.d_moy,=,12.0,item.i_manager_id,=,2.0,date_dim.d_year,=,2001.0#-618193498
store,customer_address,item,store_sales,customer,date_dim#customer_address.ca_address_sk=customer.c_current_addr_sk,customer_address.ca_zip=store.s_zip,store_sales.ss_store_sk=store.s_store_sk,customer.c_customer_sk=store_sales.ss_customer_sk,store_sales.ss_item_sk=item.i_item_sk,store_sales.ss_sold_date_sk=date_dim.d_date_sk#date_dim.d_moy,=,12.0,item.i_manager_id,=,2.0,date_dim.d_year,=,2001.0#-415202456
catalog_sales,date_dim#catalog_sales.cs_sold_date_sk=date_dim.d_date_sk#date_dim.d_year,=,2002.0,date_dim.d_moy,<=,10.0,date_dim.d_moy,>=,4.0#-685687841
catalog_sales,date_dim,item#catalog_sales.cs_sold_date_sk=date_dim.d_date_sk,catalog_sales.cs_item_sk=item.i_item_sk#date_dim.d_year,=,2002.0,date_dim.d_moy,<=,10.0,date_dim.d_moy,>=,4.0#1493484284
date_dim,store_returns#store_returns.sr_returned_date_sk=date_dim.d_date_sk#date_dim.d_year,=,2002.0,date_dim.d_moy,<=,10.0,date_dim.d_moy,>=,4.0#1722754127
catalog_sales,date_dim,store_returns#store_returns.sr_customer_sk=catalog_sales.cs_bill_customer_sk,store_returns.sr_item_sk=catalog_sales.cs_item_sk,store_returns.sr_returned_date_sk=date_dim.d_date_sk#date_dim.d_year,=,2002.0,date_dim.d_moy,<=,10.0,date_dim.d_moy,>=,4.0#-603123229
date_dim,item,store_returns#store_returns.sr_returned_date_sk=date_dim.d_date_sk,store_returns.sr_item_sk=item.i_item_sk#date_dim.d_year,=,2002.0,date_dim.d_moy,<=,10.0,date_dim.d_moy,>=,4.0#-823918081
catalog_sales,item,date_dim,store_returns#store_returns.sr_customer_sk=catalog_sales.cs_bill_customer_sk,store_returns.sr_item_sk=catalog_sales.cs_item_sk,store_returns.sr_returned_date_sk=date_dim.d_date_sk,store_returns.sr_item_sk=item.i_item_sk#date_dim.d_year,=,2002.0,date_dim.d_moy,<=,10.0,date_dim.d_moy,>=,4.0#-1396395311
catalog_sales,date_dim,store_returns#catalog_sales.cs_bill_customer_sk=store_returns.sr_customer_sk,catalog_sales.cs_sold_date_sk=date_dim.d_date_sk,catalog_sales.cs_item_sk=store_returns.sr_item_sk#date_dim.d_year,=,2002.0,date_dim.d_moy,<=,10.0,date_dim.d_moy,>=,4.0#-491975399
catalog_sales,date_dim,store_returns#catalog_sales.cs_bill_customer_sk=store_returns.sr_customer_sk,store_returns.sr_returned_date_sk=date_dim.d_date_sk,catalog_sales.cs_sold_date_sk=date_dim.d_date_sk,catalog_sales.cs_item_sk=store_returns.sr_item_sk#date_dim.d_moy,<=,10.0,date_dim.d_year,=,2002.0,date_dim.d_moy,>=,4.0#585417356
catalog_sales,item,date_dim,store_returns#store_returns.sr_customer_sk=catalog_sales.cs_bill_customer_sk,catalog_sales.cs_sold_date_sk=date_dim.d_date_sk,store_returns.sr_item_sk=catalog_sales.cs_item_sk,store_returns.sr_item_sk=item.i_item_sk#date_dim.d_year,=,2002.0,date_dim.d_moy,<=,10.0,date_dim.d_moy,>=,4.0#1687096191
catalog_sales,item,date_dim,store_returns#store_returns.sr_returned_date_sk=date_dim.d_date_sk,catalog_sales.cs_item_sk=store_returns.sr_item_sk,catalog_sales.cs_bill_customer_sk=store_returns.sr_customer_sk,store_returns.sr_item_sk=item.i_item_sk,catalog_sales.cs_sold_date_sk=date_dim.d_date_sk#date_dim.d_moy,<=,10.0,date_dim.d_year,=,2002.0,date_dim.d_moy,>=,4.0#1652029688
date_dim,store_sales#store_sales.ss_sold_date_sk=date_dim.d_date_sk#date_dim.d_moy,=,4.0,date_dim.d_year,=,2002.0#1176911042
store_returns,date_dim,store_sales#store_sales.ss_item_sk=store_returns.sr_item_sk,store_sales.ss_ticket_number=store_returns.sr_ticket_number,store_sales.ss_customer_sk=store_returns.sr_customer_sk,store_sales.ss_sold_date_sk=date_dim.d_date_sk#date_dim.d_moy,=,4.0,date_dim.d_year,=,2002.0#1751574593
catalog_sales,date_dim,store_sales#store_sales.ss_item_sk=catalog_sales.cs_item_sk,store_sales.ss_customer_sk=catalog_sales.cs_bill_customer_sk,store_sales.ss_sold_date_sk=date_dim.d_date_sk#date_dim.d_moy,=,4.0,date_dim.d_year,=,2002.0#-753355756
catalog_sales,store_sales,date_dim,store_returns#store_sales.ss_item_sk=store_returns.sr_item_sk,store_sales.ss_ticket_number=store_returns.sr_ticket_number,store_sales.ss_customer_sk=store_returns.sr_customer_sk,store_returns.sr_customer_sk=catalog_sales.cs_bill_customer_sk,store_returns.sr_item_sk=catalog_sales.cs_item_sk,store_sales.ss_sold_date_sk=date_dim.d_date_sk#date_dim.d_moy,=,4.0,date_dim.d_year,=,2002.0#-453363437
store,date_dim,store_sales#store_sales.ss_sold_date_sk=date_dim.d_date_sk,store_sales.ss_store_sk=store.s_store_sk#date_dim.d_moy,=,4.0,date_dim.d_year,=,2002.0#-289335877
store,store_sales,date_dim,store_returns#store_sales.ss_item_sk=store_returns.sr_item_sk,store_sales.ss_ticket_number=store_returns.sr_ticket_number,store_sales.ss_customer_sk=store_returns.sr_customer_sk,store_sales.ss_store_sk=store.s_store_sk,store_sales.ss_sold_date_sk=date_dim.d_date_sk#date_dim.d_moy,=,4.0,date_dim.d_year,=,2002.0#1417482568
catalog_sales,store,store_sales,date_dim#store_sales.ss_sold_date_sk=date_dim.d_date_sk,store_sales.ss_item_sk=catalog_sales.cs_item_sk,store_sales.ss_customer_sk=catalog_sales.cs_bill_customer_sk,store_sales.ss_store_sk=store.s_store_sk#date_dim.d_moy,=,4.0,date_dim.d_year,=,2002.0#1054312911
catalog_sales,store,store_sales,date_dim,store_returns#store_sales.ss_item_sk=store_returns.sr_item_sk,store_sales.ss_ticket_number=store_returns.sr_ticket_number,store_sales.ss_customer_sk=store_returns.sr_customer_sk,store_sales.ss_store_sk=store.s_store_sk,store_returns.sr_customer_sk=catalog_sales.cs_bill_customer_sk,store_returns.sr_item_sk=catalog_sales.cs_item_sk,store_sales.ss_sold_date_sk=date_dim.d_date_sk#date_dim.d_moy,=,4.0,date_dim.d_year,=,2002.0#-777291556
date_dim,item,store_sales#store_sales.ss_item_sk=item.i_item_sk,store_sales.ss_sold_date_sk=date_dim.d_date_sk#date_dim.d_moy,=,4.0,date_dim.d_year,=,2002.0#-1618066189
item,store_sales,date_dim,store_returns#store_sales.ss_item_sk=store_returns.sr_item_sk,store_sales.ss_ticket_number=store_returns.sr_ticket_number,store_sales.ss_customer_sk=store_returns.sr_customer_sk,store_sales.ss_item_sk=item.i_item_sk,store_sales.ss_sold_date_sk=date_dim.d_date_sk#date_dim.d_moy,=,4.0,date_dim.d_year,=,2002.0#-1345726192
catalog_sales,item,store_sales,date_dim#catalog_sales.cs_item_sk=item.i_item_sk,catalog_sales.cs_item_sk=store_sales.ss_item_sk,catalog_sales.cs_bill_customer_sk=store_sales.ss_customer_sk,store_sales.ss_sold_date_sk=date_dim.d_date_sk#date_dim.d_moy,=,4.0,date_dim.d_year,=,2002.0#1161641559
catalog_sales,item,store_sales,date_dim,store_returns#store_sales.ss_item_sk=store_returns.sr_item_sk,store_sales.ss_ticket_number=store_returns.sr_ticket_number,store_sales.ss_customer_sk=store_returns.sr_customer_sk,catalog_sales.cs_item_sk=store_returns.sr_item_sk,catalog_sales.cs_bill_customer_sk=store_returns.sr_customer_sk,catalog_sales.cs_item_sk=item.i_item_sk,store_sales.ss_sold_date_sk=date_dim.d_date_sk#date_dim.d_moy,=,4.0,date_dim.d_year,=,2002.0#-1157531528
store,item,store_sales,date_dim#store_sales.ss_sold_date_sk=date_dim.d_date_sk,store_sales.ss_item_sk=item.i_item_sk,store_sales.ss_store_sk=store.s_store_sk#date_dim.d_moy,=,4.0,date_dim.d_year,=,2002.0#1465188712
store,item,store_sales,date_dim,store_returns#store_sales.ss_item_sk=store_returns.sr_item_sk,store_sales.ss_ticket_number=store_returns.sr_ticket_number,store_sales.ss_customer_sk=store_returns.sr_customer_sk,store_sales.ss_store_sk=store.s_store_sk,store_sales.ss_item_sk=item.i_item_sk,store_sales.ss_sold_date_sk=date_dim.d_date_sk#date_dim.d_moy,=,4.0,date_dim.d_year,=,2002.0#163813467
catalog_sales,store,item,store_sales,date_dim#catalog_sales.cs_item_sk=store_sales.ss_item_sk,catalog_sales.cs_bill_customer_sk=store_sales.ss_customer_sk,store_sales.ss_store_sk=store.s_store_sk,catalog_sales.cs_item_sk=item.i_item_sk,store_sales.ss_sold_date_sk=date_dim.d_date_sk#date_dim.d_moy,=,4.0,date_dim.d_year,=,2002.0#2008293022
catalog_sales,store,item,store_sales,date_dim,store_returns#store_sales.ss_item_sk=store_returns.sr_item_sk,store_sales.ss_ticket_number=store_returns.sr_ticket_number,store_sales.ss_customer_sk=store_returns.sr_customer_sk,catalog_sales.cs_item_sk=store_returns.sr_item_sk,store_sales.ss_store_sk=store.s_store_sk,catalog_sales.cs_bill_customer_sk=store_returns.sr_customer_sk,catalog_sales.cs_item_sk=item.i_item_sk,store_sales.ss_sold_date_sk=date_dim.d_date_sk#date_dim.d_moy,=,4.0,date_dim.d_year,=,2002.0#346716913
date_dim,store_sales,store_returns#store_returns.sr_returned_date_sk=date_dim.d_date_sk,store_returns.sr_item_sk=store_sales.ss_item_sk,store_returns.sr_ticket_number=store_sales.ss_ticket_number,store_returns.sr_customer_sk=store_sales.ss_customer_sk#date_dim.d_year,=,2002.0,date_dim.d_moy,<=,10.0,date_dim.d_moy,>=,4.0#1808643836
catalog_sales,date_dim,store_sales#catalog_sales.cs_item_sk=store_sales.ss_item_sk,catalog_sales.cs_sold_date_sk=date_dim.d_date_sk,catalog_sales.cs_bill_customer_sk=store_sales.ss_customer_sk#date_dim.d_year,=,2002.0,date_dim.d_moy,<=,10.0,date_dim.d_moy,>=,4.0#1448045077
catalog_sales,store_sales,date_dim,store_returns#store_returns.sr_returned_date_sk=date_dim.d_date_sk,store_returns.sr_item_sk=store_sales.ss_item_sk,store_returns.sr_ticket_number=store_sales.ss_ticket_number,store_returns.sr_customer_sk=catalog_sales.cs_bill_customer_sk,store_returns.sr_item_sk=catalog_sales.cs_item_sk,store_returns.sr_customer_sk=store_sales.ss_customer_sk#date_dim.d_year,=,2002.0,date_dim.d_moy,<=,10.0,date_dim.d_moy,>=,4.0#-1596057072
catalog_sales,store_sales,date_dim,store_returns#store_sales.ss_item_sk=store_returns.sr_item_sk,store_sales.ss_ticket_number=store_returns.sr_ticket_number,store_sales.ss_customer_sk=store_returns.sr_customer_sk,catalog_sales.cs_item_sk=store_returns.sr_item_sk,catalog_sales.cs_bill_customer_sk=store_returns.sr_customer_sk,catalog_sales.cs_sold_date_sk=date_dim.d_date_sk#date_dim.d_year,=,2002.0,date_dim.d_moy,<=,10.0,date_dim.d_moy,>=,4.0#438056218
catalog_sales,store_sales,date_dim,store_returns#store_returns.sr_returned_date_sk=date_dim.d_date_sk,store_returns.sr_item_sk=store_sales.ss_item_sk,store_returns.sr_ticket_number=store_sales.ss_ticket_number,store_returns.sr_customer_sk=catalog_sales.cs_bill_customer_sk,catalog_sales.cs_sold_date_sk=date_dim.d_date_sk,store_returns.sr_item_sk=catalog_sales.cs_item_sk,store_returns.sr_customer_sk=store_sales.ss_customer_sk#date_dim.d_moy,<=,10.0,date_dim.d_year,=,2002.0,date_dim.d_moy,>=,4.0#-340558293
store_sales,date_dim,store_returns#store_sales.ss_item_sk=store_returns.sr_item_sk,store_sales.ss_ticket_number=store_returns.sr_ticket_number,store_returns.sr_returned_date_sk=date_dim.d_date_sk,store_sales.ss_customer_sk=store_returns.sr_customer_sk,store_sales.ss_sold_date_sk=date_dim.d_date_sk#date_dim.d_moy,=,4.0,date_dim.d_moy,<=,10.0,date_dim.d_year,=,2002.0,date_dim.d_moy,>=,4.0#-462814284
catalog_sales,store_sales,date_dim#catalog_sales.cs_sold_date_sk=date_dim.d_date_sk,store_sales.ss_item_sk=catalog_sales.cs_item_sk,store_sales.ss_customer_sk=catalog_sales.cs_bill_customer_sk,store_sales.ss_sold_date_sk=date_dim.d_date_sk#date_dim.d_moy,=,4.0,date_dim.d_moy,<=,10.0,date_dim.d_year,=,2002.0,date_dim.d_moy,>=,4.0#329027439
catalog_sales,store_sales,date_dim,store_returns#store_returns.sr_returned_date_sk=date_dim.d_date_sk,store_returns.sr_item_sk=store_sales.ss_item_sk,store_returns.sr_ticket_number=store_sales.ss_ticket_number,store_returns.sr_customer_sk=catalog_sales.cs_bill_customer_sk,store_returns.sr_item_sk=catalog_sales.cs_item_sk,store_returns.sr_customer_sk=store_sales.ss_customer_sk,store_sales.ss_sold_date_sk=date_dim.d_date_sk#date_dim.d_moy,=,4.0,date_dim.d_moy,<=,10.0,date_dim.d_year,=,2002.0,date_dim.d_moy,>=,4.0#626841854
catalog_sales,store_sales,date_dim,store_returns#store_sales.ss_item_sk=store_returns.sr_item_sk,store_sales.ss_ticket_number=store_returns.sr_ticket_number,store_sales.ss_customer_sk=store_returns.sr_customer_sk,store_returns.sr_customer_sk=catalog_sales.cs_bill_customer_sk,catalog_sales.cs_sold_date_sk=date_dim.d_date_sk,store_returns.sr_item_sk=catalog_sales.cs_item_sk,store_sales.ss_sold_date_sk=date_dim.d_date_sk#date_dim.d_moy,=,4.0,date_dim.d_moy,<=,10.0,date_dim.d_year,=,2002.0,date_dim.d_moy,>=,4.0#739016238
catalog_sales,store_sales,date_dim,store_returns#store_sales.ss_item_sk=store_returns.sr_item_sk,store_sales.ss_ticket_number=store_returns.sr_ticket_number,store_returns.sr_returned_date_sk=date_dim.d_date_sk,store_sales.ss_customer_sk=store_returns.sr_customer_sk,catalog_sales.cs_item_sk=store_returns.sr_item_sk,catalog_sales.cs_bill_customer_sk=store_returns.sr_customer_sk,catalog_sales.cs_sold_date_sk=date_dim.d_date_sk,store_sales.ss_sold_date_sk=date_dim.d_date_sk#date_dim.d_moy,=,4.0,date_dim.d_moy,<=,10.0,date_dim.d_year,=,2002.0,date_dim.d_moy,>=,4.0#-304008425
store,store_sales,date_dim,store_returns#store_sales.ss_item_sk=store_returns.sr_item_sk,store_sales.ss_ticket_number=store_returns.sr_ticket_number,store_returns.sr_returned_date_sk=date_dim.d_date_sk,store_sales.ss_customer_sk=store_returns.sr_customer_sk,store_sales.ss_store_sk=store.s_store_sk#date_dim.d_year,=,2002.0,date_dim.d_moy,<=,10.0,date_dim.d_moy,>=,4.0#107177927
catalog_sales,store,store_sales,date_dim#catalog_sales.cs_sold_date_sk=date_dim.d_date_sk,store_sales.ss_item_sk=catalog_sales.cs_item_sk,store_sales.ss_customer_sk=catalog_sales.cs_bill_customer_sk,store_sales.ss_store_sk=store.s_store_sk#date_dim.d_year,=,2002.0,date_dim.d_moy,<=,10.0,date_dim.d_moy,>=,4.0#-1152016132
store,catalog_sales,store_sales,date_dim,store_returns#store_returns.sr_returned_date_sk=date_dim.d_date_sk,store_returns.sr_item_sk=store_sales.ss_item_sk,store_returns.sr_ticket_number=store_sales.ss_ticket_number,store_sales.ss_store_sk=store.s_store_sk,store_returns.sr_customer_sk=catalog_sales.cs_bill_customer_sk,store_returns.sr_item_sk=catalog_sales.cs_item_sk,store_returns.sr_customer_sk=store_sales.ss_customer_sk#date_dim.d_year,=,2002.0,date_dim.d_moy,<=,10.0,date_dim.d_moy,>=,4.0#2143594385
store,catalog_sales,store_sales,date_dim,store_returns#store_returns.sr_item_sk=store_sales.ss_item_sk,store_returns.sr_ticket_number=store_sales.ss_ticket_number,catalog_sales.cs_item_sk=store_returns.sr_item_sk,store_sales.ss_store_sk=store.s_store_sk,catalog_sales.cs_bill_customer_sk=store_returns.sr_customer_sk,catalog_sales.cs_sold_date_sk=date_dim.d_date_sk,store_returns.sr_customer_sk=store_sales.ss_customer_sk#date_dim.d_year,=,2002.0,date_dim.d_moy,<=,10.0,date_dim.d_moy,>=,4.0#-101413221
catalog_sales,store,store_sales,date_dim,store_returns#store_sales.ss_item_sk=store_returns.sr_item_sk,store_sales.ss_ticket_number=store_returns.sr_ticket_number,store_returns.sr_returned_date_sk=date_dim.d_date_sk,store_sales.ss_customer_sk=store_returns.sr_customer_sk,store_sales.ss_store_sk=store.s_store_sk,store_returns.sr_customer_sk=catalog_sales.cs_bill_customer_sk,catalog_sales.cs_sold_date_sk=date_dim.d_date_sk,store_returns.sr_item_sk=catalog_sales.cs_item_sk#date_dim.d_moy,<=,10.0,date_dim.d_year,=,2002.0,date_dim.d_moy,>=,4.0#-2026111820
store,store_sales,date_dim,store_returns#store_returns.sr_returned_date_sk=date_dim.d_date_sk,store_returns.sr_item_sk=store_sales.ss_item_sk,store_returns.sr_ticket_number=store_sales.ss_ticket_number,store_sales.ss_store_sk=store.s_store_sk,store_sales.ss_sold_date_sk=date_dim.d_date_sk,store_returns.sr_customer_sk=store_sales.ss_customer_sk#date_dim.d_moy,=,4.0,date_dim.d_moy,<=,10.0,date_dim.d_year,=,2002.0,date_dim.d_moy,>=,4.0#1628353347
catalog_sales,store,store_sales,date_dim#catalog_sales.cs_item_sk=store_sales.ss_item_sk,catalog_sales.cs_bill_customer_sk=store_sales.ss_customer_sk,store_sales.ss_store_sk=store.s_store_sk,catalog_sales.cs_sold_date_sk=date_dim.d_date_sk,store_sales.ss_sold_date_sk=date_dim.d_date_sk#date_dim.d_moy,=,4.0,date_dim.d_moy,<=,10.0,date_dim.d_year,=,2002.0,date_dim.d_moy,>=,4.0#-829603364
store,catalog_sales,store_sales,date_dim,store_returns#store_returns.sr_returned_date_sk=date_dim.d_date_sk,store_returns.sr_item_sk=store_sales.ss_item_sk,store_returns.sr_ticket_number=store_sales.ss_ticket_number,store_sales.ss_store_sk=store.s_store_sk,store_returns.sr_customer_sk=catalog_sales.cs_bill_customer_sk,store_sales.ss_sold_date_sk=date_dim.d_date_sk,store_returns.sr_item_sk=catalog_sales.cs_item_sk,store_returns.sr_customer_sk=store_sales.ss_customer_sk#date_dim.d_moy,=,4.0,date_dim.d_moy,<=,10.0,date_dim.d_year,=,2002.0,date_dim.d_moy,>=,4.0#-1832211369
catalog_sales,store,store_sales,date_dim,store_returns#store_sales.ss_item_sk=store_returns.sr_item_sk,store_sales.ss_ticket_number=store_returns.sr_ticket_number,store_sales.ss_customer_sk=store_returns.sr_customer_sk,store_sales.ss_store_sk=store.s_store_sk,store_returns.sr_customer_sk=catalog_sales.cs_bill_customer_sk,catalog_sales.cs_sold_date_sk=date_dim.d_date_sk,store_returns.sr_item_sk=catalog_sales.cs_item_sk,store_sales.ss_sold_date_sk=date_dim.d_date_sk#date_dim.d_moy,=,4.0,date_dim.d_moy,<=,10.0,date_dim.d_year,=,2002.0,date_dim.d_moy,>=,4.0#1600108087
store,catalog_sales,store_sales,date_dim,store_returns#store_returns.sr_returned_date_sk=date_dim.d_date_sk,catalog_sales.cs_item_sk=store_returns.sr_item_sk,store_sales.ss_store_sk=store.s_store_sk,catalog_sales.cs_bill_customer_sk=store_returns.sr_customer_sk,store_sales.ss_sold_date_sk=date_dim.d_date_sk,store_returns.sr_item_sk=store_sales.ss_item_sk,store_returns.sr_ticket_number=store_sales.ss_ticket_number,catalog_sales.cs_sold_date_sk=date_dim.d_date_sk,store_returns.sr_customer_sk=store_sales.ss_customer_sk#date_dim.d_moy,=,4.0,date_dim.d_moy,<=,10.0,date_dim.d_year,=,2002.0,date_dim.d_moy,>=,4.0#755190976
item,store_sales,date_dim,store_returns#store_returns.sr_returned_date_sk=date_dim.d_date_sk,store_returns.sr_item_sk=store_sales.ss_item_sk,store_returns.sr_ticket_number=store_sales.ss_ticket_number,store_returns.sr_item_sk=item.i_item_sk,store_returns.sr_customer_sk=store_sales.ss_customer_sk#date_dim.d_year,=,2002.0,date_dim.d_moy,<=,10.0,date_dim.d_moy,>=,4.0#-833968056
catalog_sales,item,store_sales,date_dim#catalog_sales.cs_sold_date_sk=date_dim.d_date_sk,store_sales.ss_item_sk=catalog_sales.cs_item_sk,store_sales.ss_customer_sk=catalog_sales.cs_bill_customer_sk,store_sales.ss_item_sk=item.i_item_sk#date_dim.d_year,=,2002.0,date_dim.d_moy,<=,10.0,date_dim.d_moy,>=,4.0#-1350704068
catalog_sales,item,store_sales,date_dim,store_returns#store_sales.ss_item_sk=store_returns.sr_item_sk,store_sales.ss_ticket_number=store_returns.sr_ticket_number,store_returns.sr_returned_date_sk=date_dim.d_date_sk,store_sales.ss_customer_sk=store_returns.sr_customer_sk,store_returns.sr_customer_sk=catalog_sales.cs_bill_customer_sk,store_sales.ss_item_sk=item.i_item_sk,store_returns.sr_item_sk=catalog_sales.cs_item_sk#date_dim.d_year,=,2002.0,date_dim.d_moy,<=,10.0,date_dim.d_moy,>=,4.0#300282803
catalog_sales,item,store_sales,date_dim,store_returns#store_sales.ss_item_sk=store_returns.sr_item_sk,store_sales.ss_ticket_number=store_returns.sr_ticket_number,store_sales.ss_customer_sk=store_returns.sr_customer_sk,store_sales.ss_item_sk=item.i_item_sk,store_returns.sr_customer_sk=catalog_sales.cs_bill_customer_sk,catalog_sales.cs_sold_date_sk=date_dim.d_date_sk,store_returns.sr_item_sk=catalog_sales.cs_item_sk#date_dim.d_year,=,2002.0,date_dim.d_moy,<=,10.0,date_dim.d_moy,>=,4.0#1217873537
catalog_sales,item,store_sales,date_dim,store_returns#store_returns.sr_returned_date_sk=date_dim.d_date_sk,store_returns.sr_item_sk=store_sales.ss_item_sk,store_returns.sr_ticket_number=store_sales.ss_ticket_number,store_returns.sr_item_sk=item.i_item_sk,store_returns.sr_customer_sk=catalog_sales.cs_bill_customer_sk,catalog_sales.cs_sold_date_sk=date_dim.d_date_sk,store_returns.sr_item_sk=catalog_sales.cs_item_sk,store_returns.sr_customer_sk=store_sales.ss_customer_sk#date_dim.d_moy,<=,10.0,date_dim.d_year,=,2002.0,date_dim.d_moy,>=,4.0#-2019387083
item,store_sales,date_dim,store_returns#store_sales.ss_item_sk=store_returns.sr_item_sk,store_sales.ss_ticket_number=store_returns.sr_ticket_number,store_returns.sr_returned_date_sk=date_dim.d_date_sk,store_sales.ss_customer_sk=store_returns.sr_customer_sk,store_returns.sr_item_sk=item.i_item_sk,store_sales.ss_sold_date_sk=date_dim.d_date_sk#date_dim.d_moy,=,4.0,date_dim.d_moy,<=,10.0,date_dim.d_year,=,2002.0,date_dim.d_moy,>=,4.0#-1124110128
catalog_sales,item,store_sales,date_dim#store_sales.ss_item_sk=item.i_item_sk,catalog_sales.cs_sold_date_sk=date_dim.d_date_sk,store_sales.ss_item_sk=catalog_sales.cs_item_sk,store_sales.ss_customer_sk=catalog_sales.cs_bill_customer_sk,store_sales.ss_sold_date_sk=date_dim.d_date_sk#date_dim.d_moy,=,4.0,date_dim.d_moy,<=,10.0,date_dim.d_year,=,2002.0,date_dim.d_moy,>=,4.0#-1120373470
catalog_sales,item,store_sales,date_dim,store_returns#store_returns.sr_returned_date_sk=date_dim.d_date_sk,store_returns.sr_item_sk=store_sales.ss_item_sk,store_returns.sr_ticket_number=store_sales.ss_ticket_number,store_returns.sr_item_sk=item.i_item_sk,store_returns.sr_customer_sk=catalog_sales.cs_bill_customer_sk,store_returns.sr_item_sk=catalog_sales.cs_item_sk,store_returns.sr_customer_sk=store_sales.ss_customer_sk,store_sales.ss_sold_date_sk=date_dim.d_date_sk#date_dim.d_moy,=,4.0,date_dim.d_moy,<=,10.0,date_dim.d_year,=,2002.0,date_dim.d_moy,>=,4.0#-209683532
catalog_sales,item,store_sales,date_dim,store_returns#store_sales.ss_item_sk=store_returns.sr_item_sk,store_sales.ss_ticket_number=store_returns.sr_ticket_number,store_sales.ss_customer_sk=store_returns.sr_customer_sk,store_returns.sr_customer_sk=catalog_sales.cs_bill_customer_sk,store_sales.ss_sold_date_sk=date_dim.d_date_sk,catalog_sales.cs_sold_date_sk=date_dim.d_date_sk,store_returns.sr_item_sk=catalog_sales.cs_item_sk,catalog_sales.cs_item_sk=item.i_item_sk#date_dim.d_moy,=,4.0,date_dim.d_moy,<=,10.0,date_dim.d_year,=,2002.0,date_dim.d_moy,>=,4.0#-819532631
catalog_sales,item,store_sales,date_dim,store_returns#store_sales.ss_item_sk=store_returns.sr_item_sk,store_returns.sr_returned_date_sk=date_dim.d_date_sk,store_sales.ss_customer_sk=store_returns.sr_customer_sk,catalog_sales.cs_item_sk=store_returns.sr_item_sk,catalog_sales.cs_bill_customer_sk=store_returns.sr_customer_sk,store_returns.sr_item_sk=item.i_item_sk,store_sales.ss_sold_date_sk=date_dim.d_date_sk,store_sales.ss_ticket_number=store_returns.sr_ticket_number,catalog_sales.cs_sold_date_sk=date_dim.d_date_sk#date_dim.d_moy,=,4.0,date_dim.d_moy,<=,10.0,date_dim.d_year,=,2002.0,date_dim.d_moy,>=,4.0#-1266731785
store,item,store_sales,date_dim,store_returns#store_sales.ss_item_sk=store_returns.sr_item_sk,store_sales.ss_ticket_number=store_returns.sr_ticket_number,store_returns.sr_returned_date_sk=date_dim.d_date_sk,store_sales.ss_customer_sk=store_returns.sr_customer_sk,store_sales.ss_store_sk=store.s_store_sk,store_returns.sr_item_sk=item.i_item_sk#date_dim.d_year,=,2002.0,date_dim.d_moy,<=,10.0,date_dim.d_moy,>=,4.0#-1426581347
store,catalog_sales,item,store_sales,date_dim#store_sales.ss_item_sk=item.i_item_sk,store_sales.ss_store_sk=store.s_store_sk,catalog_sales.cs_sold_date_sk=date_dim.d_date_sk,store_sales.ss_item_sk=catalog_sales.cs_item_sk,store_sales.ss_customer_sk=catalog_sales.cs_bill_customer_sk#date_dim.d_year,=,2002.0,date_dim.d_moy,<=,10.0,date_dim.d_moy,>=,4.0#-1413655883
store,catalog_sales,item,store_sales,date_dim,store_returns#store_returns.sr_returned_date_sk=date_dim.d_date_sk,store_returns.sr_item_sk=store_sales.ss_item_sk,store_returns.sr_ticket_number=store_sales.ss_ticket_number,store_returns.sr_item_sk=item.i_item_sk,store_sales.ss_store_sk=store.s_store_sk,store_returns.sr_customer_sk=catalog_sales.cs_bill_customer_sk,store_returns.sr_item_sk=catalog_sales.cs_item_sk,store_returns.sr_customer_sk=store_sales.ss_customer_sk#date_dim.d_year,=,2002.0,date_dim.d_moy,<=,10.0,date_dim.d_moy,>=,4.0#-1903711801
catalog_sales,store,item,store_sales,date_dim,store_returns#store_returns.sr_item_sk=store_sales.ss_item_sk,store_returns.sr_ticket_number=store_sales.ss_ticket_number,store_returns.sr_item_sk=item.i_item_sk,store_sales.ss_store_sk=store.s_store_sk,store_returns.sr_customer_sk=catalog_sales.cs_bill_customer_sk,catalog_sales.cs_sold_date_sk=date_dim.d_date_sk,store_returns.sr_item_sk=catalog_sales.cs_item_sk,store_returns.sr_customer_sk=store_sales.ss_customer_sk#date_dim.d_year,=,2002.0,date_dim.d_moy,<=,10.0,date_dim.d_moy,>=,4.0#-1095740075
catalog_sales,store,item,store_sales,date_dim,store_returns#store_sales.ss_item_sk=store_returns.sr_item_sk,store_returns.sr_returned_date_sk=date_dim.d_date_sk,store_sales.ss_customer_sk=store_returns.sr_customer_sk,store_sales.ss_store_sk=store.s_store_sk,store_returns.sr_item_sk=item.i_item_sk,store_returns.sr_item_sk=catalog_sales.cs_item_sk,store_sales.ss_ticket_number=store_returns.sr_ticket_number,store_returns.sr_customer_sk=catalog_sales.cs_bill_customer_sk,catalog_sales.cs_sold_date_sk=date_dim.d_date_sk#date_dim.d_moy,<=,10.0,date_dim.d_year,=,2002.0,date_dim.d_moy,>=,4.0#1257230988
store,item,store_sales,date_dim,store_returns#store_returns.sr_returned_date_sk=date_dim.d_date_sk,store_returns.sr_item_sk=store_sales.ss_item_sk,store_returns.sr_ticket_number=store_sales.ss_ticket_number,store_sales.ss_store_sk=store.s_store_sk,store_sales.ss_sold_date_sk=date_dim.d_date_sk,store_returns.sr_item_sk=item.i_item_sk,store_returns.sr_customer_sk=store_sales.ss_customer_sk#date_dim.d_moy,=,4.0,date_dim.d_moy,<=,10.0,date_dim.d_year,=,2002.0,date_dim.d_moy,>=,4.0#1188355727
catalog_sales,store,item,store_sales,date_dim#store_sales.ss_item_sk=item.i_item_sk,store_sales.ss_store_sk=store.s_store_sk,catalog_sales.cs_sold_date_sk=date_dim.d_date_sk,store_sales.ss_item_sk=catalog_sales.cs_item_sk,store_sales.ss_customer_sk=catalog_sales.cs_bill_customer_sk,store_sales.ss_sold_date_sk=date_dim.d_date_sk#date_dim.d_moy,=,4.0,date_dim.d_moy,<=,10.0,date_dim.d_year,=,2002.0,date_dim.d_moy,>=,4.0#-610079403
store,catalog_sales,item,store_sales,date_dim,store_returns#store_returns.sr_returned_date_sk=date_dim.d_date_sk,store_sales.ss_store_sk=store.s_store_sk,store_returns.sr_item_sk=item.i_item_sk,store_returns.sr_item_sk=catalog_sales.cs_item_sk,store_sales.ss_sold_date_sk=date_dim.d_date_sk,store_returns.sr_item_sk=store_sales.ss_item_sk,store_returns.sr_ticket_number=store_sales.ss_ticket_number,store_returns.sr_customer_sk=catalog_sales.cs_bill_customer_sk,store_returns.sr_customer_sk=store_sales.ss_customer_sk#date_dim.d_moy,=,4.0,date_dim.d_moy,<=,10.0,date_dim.d_year,=,2002.0,date_dim.d_moy,>=,4.0#1413200737
catalog_sales,store,item,store_sales,date_dim,store_returns#store_sales.ss_item_sk=store_returns.sr_item_sk,store_sales.ss_customer_sk=store_returns.sr_customer_sk,store_sales.ss_store_sk=store.s_store_sk,store_returns.sr_item_sk=catalog_sales.cs_item_sk,store_sales.ss_sold_date_sk=date_dim.d_date_sk,store_sales.ss_ticket_number=store_returns.sr_ticket_number,store_returns.sr_customer_sk=catalog_sales.cs_bill_customer_sk,catalog_sales.cs_sold_date_sk=date_dim.d_date_sk,catalog_sales.cs_item_sk=item.i_item_sk#date_dim.d_moy,=,4.0,date_dim.d_moy,<=,10.0,date_dim.d_year,=,2002.0,date_dim.d_moy,>=,4.0#-950453696
date_dim,store_returns#store_returns.sr_returned_date_sk=date_dim.d_date_sk#date_dim.d_year,=,2002.0,date_dim.d_moy,<=,10.0,date_dim.d_moy,>=,4.0#-2101127027
date_dim,store_sales#store_sales.ss_sold_date_sk=date_dim.d_date_sk#date_dim.d_moy,=,4.0,date_dim.d_year,=,2002.0#-131265408
catalog_sales,date_dim#catalog_sales.cs_sold_date_sk=date_dim.d_date_sk#date_dim.d_year,=,2002.0,date_dim.d_moy,<=,10.0,date_dim.d_moy,>=,4.0#591241313
date_dim,item,store_returns#item.i_item_sk=store_returns.sr_item_sk,store_returns.sr_returned_date_sk=date_dim.d_date_sk#date_dim.d_year,=,2002.0,date_dim.d_moy,<=,10.0,date_dim.d_moy,>=,4.0#1039305851
catalog_sales,item,date_dim,store_returns#item.i_item_sk=store_returns.sr_item_sk,store_returns.sr_returned_date_sk=date_dim.d_date_sk,store_returns.sr_customer_sk=catalog_sales.cs_bill_customer_sk,catalog_sales.cs_sold_date_sk=date_dim.d_date_sk,store_returns.sr_item_sk=catalog_sales.cs_item_sk#date_dim.d_moy,<=,10.0,date_dim.d_year,=,2002.0,date_dim.d_moy,>=,4.0#1897478328
store,date_dim,store_sales#store_sales.ss_sold_date_sk=date_dim.d_date_sk,store_sales.ss_store_sk=store.s_store_sk#date_dim.d_moy,=,4.0,date_dim.d_year,=,2002.0#-2119825269
store,catalog_sales,item,store_sales,date_dim,store_returns#store_returns.sr_returned_date_sk=date_dim.d_date_sk,store_sales.ss_store_sk=store.s_store_sk,store_returns.sr_item_sk=catalog_sales.cs_item_sk,store_sales.ss_sold_date_sk=date_dim.d_date_sk,item.i_item_sk=store_returns.sr_item_sk,store_returns.sr_item_sk=store_sales.ss_item_sk,store_returns.sr_ticket_number=store_sales.ss_ticket_number,store_returns.sr_customer_sk=catalog_sales.cs_bill_customer_sk,catalog_sales.cs_sold_date_sk=date_dim.d_date_sk,store_returns.sr_customer_sk=store_sales.ss_customer_sk#date_dim.d_moy,=,4.0,date_dim.d_moy,<=,10.0,date_dim.d_year,=,2002.0,date_dim.d_moy,>=,4.0#-1128858294
item#item.i_manufact_id=item.i_manufact_id#item.i_category,=,1.0#-1703695875
date_dim,store_sales#store_sales.ss_sold_date_sk=date_dim.d_date_sk#date_dim.d_moy,=,3.0,date_dim.d_year,=,2001.0#-1892559286
date_dim,customer_address,store_sales#store_sales.ss_addr_sk=customer_address.ca_address_sk,store_sales.ss_sold_date_sk=date_dim.d_date_sk#date_dim.d_moy,=,3.0,date_dim.d_year,=,2001.0,customer_address.ca_gmt_offset,=,-5.0#-196879698
date_dim,item,store_sales#store_sales.ss_item_sk=item.i_item_sk,store_sales.ss_sold_date_sk=date_dim.d_date_sk#date_dim.d_moy,=,3.0,date_dim.d_year,=,2001.0#1308242043
customer_address,item,store_sales,date_dim#store_sales.ss_addr_sk=customer_address.ca_address_sk,store_sales.ss_item_sk=item.i_item_sk,store_sales.ss_sold_date_sk=date_dim.d_date_sk#date_dim.d_moy,=,3.0,date_dim.d_year,=,2001.0,customer_address.ca_gmt_offset,=,-5.0#214922641
item,store_sales#store_sales.ss_item_sk=item.i_item_sk,item.i_manufact_id=item.i_manufact_id#item.i_category,=,1.0#94673432
date_dim,item,store_sales#item.i_item_sk=store_sales.ss_item_sk,item.i_manufact_id=item.i_manufact_id,store_sales.ss_sold_date_sk=date_dim.d_date_sk#date_dim.d_moy,=,3.0,item.i_category,=,1.0,date_dim.d_year,=,2001.0#1914216990
customer_address,item,store_sales#store_sales.ss_addr_sk=customer_address.ca_address_sk,store_sales.ss_item_sk=item.i_item_sk,item.i_manufact_id=item.i_manufact_id#item.i_category,=,1.0,customer_address.ca_gmt_offset,=,-5.0#-321114156
catalog_sales,date_dim#catalog_sales.cs_sold_date_sk=date_dim.d_date_sk#date_dim.d_moy,=,3.0,date_dim.d_year,=,2001.0#1539631426
catalog_sales,customer_address,date_dim#catalog_sales.cs_bill_addr_sk=customer_address.ca_address_sk,catalog_sales.cs_sold_date_sk=date_dim.d_date_sk#date_dim.d_moy,=,3.0,date_dim.d_year,=,2001.0,customer_address.ca_gmt_offset,=,-5.0#70997004
catalog_sales,date_dim,item#catalog_sales.cs_sold_date_sk=date_dim.d_date_sk,catalog_sales.cs_item_sk=item.i_item_sk#date_dim.d_moy,=,3.0,date_dim.d_year,=,2001.0#481863555
catalog_sales,customer_address,item,date_dim#catalog_sales.cs_bill_addr_sk=customer_address.ca_address_sk,catalog_sales.cs_sold_date_sk=date_dim.d_date_sk,catalog_sales.cs_item_sk=item.i_item_sk#date_dim.d_moy,=,3.0,date_dim.d_year,=,2001.0,customer_address.ca_gmt_offset,=,-5.0#-78788621
catalog_sales,item#item.i_manufact_id=item.i_manufact_id,catalog_sales.cs_item_sk=item.i_item_sk#item.i_category,=,1.0#-1930180304
catalog_sales,date_dim,item#catalog_sales.cs_sold_date_sk=date_dim.d_date_sk,item.i_manufact_id=item.i_manufact_id,catalog_sales.cs_item_sk=item.i_item_sk#date_dim.d_moy,=,3.0,item.i_category,=,1.0,date_dim.d_year,=,2001.0#1461356772
catalog_sales,customer_address,item#catalog_sales.cs_bill_addr_sk=customer_address.ca_address_sk,item.i_manufact_id=item.i_manufact_id,catalog_sales.cs_item_sk=item.i_item_sk#item.i_category,=,1.0,customer_address.ca_gmt_offset,=,-5.0#897674278
date_dim,web_sales#web_sales.ws_sold_date_sk=date_dim.d_date_sk#date_dim.d_moy,=,3.0,date_dim.d_year,=,2001.0#-1039809196
date_dim,customer_address,web_sales#web_sales.ws_sold_date_sk=date_dim.d_date_sk,web_sales.ws_bill_addr_sk=customer_address.ca_address_sk#date_dim.d_moy,=,3.0,date_dim.d_year,=,2001.0,customer_address.ca_gmt_offset,=,-5.0#2097255318
date_dim,web_sales,item#web_sales.ws_sold_date_sk=date_dim.d_date_sk,web_sales.ws_item_sk=item.i_item_sk#date_dim.d_moy,=,3.0,date_dim.d_year,=,2001.0#-1257086523
customer_address,web_sales,item,date_dim#web_sales.ws_sold_date_sk=date_dim.d_date_sk,web_sales.ws_item_sk=item.i_item_sk,web_sales.ws_bill_addr_sk=customer_address.ca_address_sk#date_dim.d_moy,=,3.0,date_dim.d_year,=,2001.0,customer_address.ca_gmt_offset,=,-5.0#1342664469
item,web_sales#item.i_item_sk=web_sales.ws_item_sk,item.i_manufact_id=item.i_manufact_id#item.i_category,=,1.0#-1937127564
date_dim,web_sales,item#web_sales.ws_sold_date_sk=date_dim.d_date_sk,item.i_manufact_id=item.i_manufact_id,web_sales.ws_item_sk=item.i_item_sk#date_dim.d_moy,=,3.0,item.i_category,=,1.0,date_dim.d_year,=,2001.0#-2086391198
customer_address,web_sales,item#item.i_item_sk=web_sales.ws_item_sk,item.i_manufact_id=item.i_manufact_id,web_sales.ws_bill_addr_sk=customer_address.ca_address_sk#item.i_category,=,1.0,customer_address.ca_gmt_offset,=,-5.0#2095761926
item#item.i_manufact_id=item.i_manufact_id#item.i_category,=,1.0#1875366315
date_dim,store_sales#store_sales.ss_sold_date_sk=date_dim.d_date_sk#date_dim.d_moy,=,3.0,date_dim.d_year,=,2001.0#1094231560
catalog_sales,date_dim#catalog_sales.cs_sold_date_sk=date_dim.d_date_sk#date_dim.d_moy,=,3.0,date_dim.d_year,=,2001.0#231454976
date_dim,web_sales#web_sales.ws_sold_date_sk=date_dim.d_date_sk#date_dim.d_moy,=,3.0,date_dim.d_year,=,2001.0#1411843542
date_dim,item,store_sales#store_sales.ss_item_sk=item.i_item_sk,item.i_manufact_id=item.i_manufact_id,store_sales.ss_sold_date_sk=date_dim.d_date_sk#date_dim.d_moy,=,3.0,item.i_category,=,1.0,date_dim.d_year,=,2001.0#-660777042
catalog_sales,date_dim,item#catalog_sales.cs_sold_date_sk=date_dim.d_date_sk,item.i_manufact_id=item.i_manufact_id,catalog_sales.cs_item_sk=item.i_item_sk#date_dim.d_moy,=,3.0,item.i_category,=,1.0,date_dim.d_year,=,2001.0#-1912929370
date_dim,web_sales,item#web_sales.ws_sold_date_sk=date_dim.d_date_sk,item.i_manufact_id=item.i_manufact_id,web_sales.ws_item_sk=item.i_item_sk#date_dim.d_moy,=,3.0,item.i_category,=,1.0,date_dim.d_year,=,2001.0#-405659964
customer_address,item,store_sales,date_dim#store_sales.ss_addr_sk=customer_address.ca_address_sk,store_sales.ss_item_sk=item.i_item_sk,item.i_manufact_id=item.i_manufact_id,store_sales.ss_sold_date_sk=date_dim.d_date_sk#date_dim.d_moy,=,3.0,date_dim.d_year,=,2001.0,item.i_category,=,1.0,customer_address.ca_gmt_offset,=,-5.0#-1563366904
catalog_sales,customer_address,item,date_dim#customer_address.ca_address_sk=catalog_sales.cs_bill_addr_sk,catalog_sales.cs_sold_date_sk=date_dim.d_date_sk,item.i_manufact_id=item.i_manufact_id,catalog_sales.cs_item_sk=item.i_item_sk#date_dim.d_moy,=,3.0,customer_address.ca_gmt_offset,=,-5.0,item.i_category,=,1.0,date_dim.d_year,=,2001.0#1214800519
customer_address,web_sales,item,date_dim#web_sales.ws_sold_date_sk=date_dim.d_date_sk,item.i_manufact_id=item.i_manufact_id,customer_address.ca_address_sk=web_sales.ws_bill_addr_sk,web_sales.ws_item_sk=item.i_item_sk#date_dim.d_moy,=,3.0,customer_address.ca_gmt_offset,=,-5.0,item.i_category,=,1.0,date_dim.d_year,=,2001.0#1447283637
item,store_sales#store_sales.ss_item_sk=item.i_item_sk#item.i_manufact_id,=,808.0#906242590
date_dim,store_sales#store_sales.ss_sold_date_sk=date_dim.d_date_sk#date_dim.d_moy,=,12.0#-1795351274
item,store_sales#store_sales.ss_item_sk=item.i_item_sk#item.i_manufact_id,=,808.0#-1140594996
date_dim,item,store_sales#store_sales.ss_item_sk=item.i_item_sk,store_sales.ss_sold_date_sk=date_dim.d_date_sk#date_dim.d_moy,=,12.0,item.i_manufact_id,=,808.0#953745826
date_dim,web_sales#web_sales.ws_sold_date_sk=date_dim.d_date_sk#date_dim.d_moy,=,12.0,web_sales.ws_net_profit,>,1.0,web_sales.ws_net_paid,>,0.0,date_dim.d_year,=,2002.0,web_sales.ws_quantity,>,0.0#-1320679005
web_sales,web_returns#web_sales.ws_item_sk=web_returns.wr_item_sk,web_sales.ws_order_number=web_returns.wr_order_number#web_sales.ws_net_profit,>,1.0,web_returns.wr_return_amt,>,10000.0,web_sales.ws_net_paid,>,0.0,web_sales.ws_quantity,>,0.0#1756651998
catalog_sales,date_dim#catalog_sales.cs_sold_date_sk=date_dim.d_date_sk#date_dim.d_moy,=,12.0,catalog_sales.cs_net_paid,>,0.0,catalog_sales.cs_quantity,>,0.0,catalog_sales.cs_net_profit,>,1.0,date_dim.d_year,=,2002.0#-154575775
catalog_sales,catalog_returns#catalog_sales.cs_item_sk=catalog_returns.cr_item_sk,catalog_sales.cs_order_number=catalog_returns.cr_order_number#catalog_sales.cs_net_paid,>,0.0,catalog_sales.cs_quantity,>,0.0,catalog_returns.cr_return_amount,>,10000.0,catalog_sales.cs_net_profit,>,1.0#811888529
date_dim,store_sales#store_sales.ss_sold_date_sk=date_dim.d_date_sk#date_dim.d_moy,=,12.0,store_sales.ss_quantity,>,0.0,store_sales.ss_net_paid,>,0.0,store_sales.ss_net_profit,>,1.0,date_dim.d_year,=,2002.0#-479998679
store_returns,store_sales#store_sales.ss_ticket_number=store_returns.sr_ticket_number,store_sales.ss_item_sk=store_returns.sr_item_sk#store_sales.ss_quantity,>,0.0,store_sales.ss_net_profit,>,1.0,store_sales.ss_net_paid,>,0.0,store_returns.sr_return_amt,>,10000.0#397486537
date_dim,web_sales#web_sales.ws_sold_date_sk=date_dim.d_date_sk#date_dim.d_moy,=,12.0,web_sales.ws_net_profit,>,1.0,web_sales.ws_net_paid,>,0.0,date_dim.d_year,=,2002.0,web_sales.ws_quantity,>,0.0#-824441759
catalog_sales,date_dim#catalog_sales.cs_sold_date_sk=date_dim.d_date_sk#date_dim.d_moy,=,12.0,catalog_sales.cs_net_paid,>,0.0,catalog_sales.cs_quantity,>,0.0,catalog_sales.cs_net_profit,>,1.0,date_dim.d_year,=,2002.0#341661471
date_dim,store_sales#store_sales.ss_sold_date_sk=date_dim.d_date_sk#date_dim.d_moy,=,12.0,store_sales.ss_quantity,>,0.0,store_sales.ss_net_paid,>,0.0,store_sales.ss_net_profit,>,1.0,date_dim.d_year,=,2002.0#16238567
date_dim,web_sales,web_returns#web_sales.ws_item_sk=web_returns.wr_item_sk,web_sales.ws_order_number=web_returns.wr_order_number,web_sales.ws_sold_date_sk=date_dim.d_date_sk#date_dim.d_moy,=,12.0,web_returns.wr_return_amt,>,10000.0,web_sales.ws_net_profit,>,1.0,web_sales.ws_net_paid,>,0.0,date_dim.d_year,=,2002.0,web_sales.ws_quantity,>,0.0#1434601945
catalog_sales,date_dim,catalog_returns#catalog_sales.cs_item_sk=catalog_returns.cr_item_sk,catalog_sales.cs_sold_date_sk=date_dim.d_date_sk,catalog_sales.cs_order_number=catalog_returns.cr_order_number#date_dim.d_moy,=,12.0,catalog_sales.cs_net_paid,>,0.0,catalog_returns.cr_return_amount,>,10000.0,catalog_sales.cs_quantity,>,0.0,catalog_sales.cs_net_profit,>,1.0,date_dim.d_year,=,2002.0#2102196896
store_returns,date_dim,store_sales#store_sales.ss_ticket_number=store_returns.sr_ticket_number,store_sales.ss_item_sk=store_returns.sr_item_sk,store_sales.ss_sold_date_sk=date_dim.d_date_sk#date_dim.d_moy,=,12.0,store_sales.ss_quantity,>,0.0,store_returns.sr_return_amt,>,10000.0,store_sales.ss_net_paid,>,0.0,date_dim.d_year,=,2002.0,store_sales.ss_net_profit,>,1.0#-489281336
catalog_sales,date_dim#catalog_sales.cs_sold_date_sk=date_dim.d_date_sk#date_dim.d_moy,=,12.0,date_dim.d_year,=,2000.0,date_dim.d_moy,=,1.0,date_dim.d_year,=,2002.0,date_dim.d_year,=,2001.0#109523145
catalog_sales,call_center#call_center.cc_call_center_sk=catalog_sales.cs_call_center_sk##-103404131
catalog_sales,date_dim,call_center#catalog_sales.cs_sold_date_sk=date_dim.d_date_sk,call_center.cc_call_center_sk=catalog_sales.cs_call_center_sk#date_dim.d_moy,=,12.0,date_dim.d_year,=,2000.0,date_dim.d_moy,=,1.0,date_dim.d_year,=,2002.0,date_dim.d_year,=,2001.0#-1124769242
catalog_sales,date_dim,item#catalog_sales.cs_sold_date_sk=date_dim.d_date_sk,catalog_sales.cs_item_sk=item.i_item_sk#date_dim.d_moy,=,12.0,date_dim.d_year,=,2000.0,date_dim.d_moy,=,1.0,date_dim.d_year,=,2002.0,date_dim.d_year,=,2001.0#-1705358902
catalog_sales,item,call_center#call_center.cc_call_center_sk=catalog_sales.cs_call_center_sk,catalog_sales.cs_item_sk=item.i_item_sk##-1464410950
catalog_sales,date_dim#catalog_sales.cs_sold_date_sk=date_dim.d_date_sk#date_dim.d_moy,=,12.0,date_dim.d_year,=,2000.0,date_dim.d_moy,=,1.0,date_dim.d_year,=,2002.0,date_dim.d_year,=,2001.0#-1246756004
catalog_sales,date_dim,item#catalog_sales.cs_sold_date_sk=date_dim.d_date_sk,catalog_sales.cs_item_sk=item.i_item_sk#date_dim.d_moy,=,12.0,date_dim.d_year,=,2000.0,date_dim.d_moy,=,1.0,date_dim.d_year,=,2002.0,date_dim.d_year,=,2001.0#544432999
catalog_sales,item,date_dim,call_center#catalog_sales.cs_sold_date_sk=date_dim.d_date_sk,catalog_sales.cs_call_center_sk=call_center.cc_call_center_sk,catalog_sales.cs_item_sk=item.i_item_sk#date_dim.d_moy,=,12.0,date_dim.d_year,=,2000.0,date_dim.d_moy,=,1.0,date_dim.d_year,=,2002.0,date_dim.d_year,=,2001.0#-915500456
###-2044620431
date_dim#date_dim.d_week_seq=date_dim.d_week_seq#date_dim.d_year,=,2001.0#1748789452
date_dim,inventory#inventory.inv_date_sk=date_dim.d_date_sk##2068164054
date_dim,inventory,warehouse#inventory.inv_warehouse_sk=warehouse.w_warehouse_sk,inventory.inv_date_sk=date_dim.d_date_sk##-835113793
date_dim,item,inventory#inventory.inv_date_sk=date_dim.d_date_sk,inventory.inv_item_sk=item.i_item_sk##-1800899458
item,warehouse,date_dim,inventory#inventory.inv_warehouse_sk=warehouse.w_warehouse_sk,inventory.inv_date_sk=date_dim.d_date_sk,inventory.inv_item_sk=item.i_item_sk##-2147080665
date_dim,inventory#inventory.inv_date_sk=date_dim.d_date_sk,date_dim.d_week_seq=date_dim.d_week_seq#date_dim.d_year,=,2001.0#231632448
date_dim,inventory,warehouse#inventory.inv_warehouse_sk=warehouse.w_warehouse_sk,inventory.inv_date_sk=date_dim.d_date_sk,date_dim.d_week_seq=date_dim.d_week_seq#date_dim.d_year,=,2001.0#1169496041
date_dim,item,inventory#inventory.inv_date_sk=date_dim.d_date_sk,inventory.inv_item_sk=item.i_item_sk,date_dim.d_week_seq=date_dim.d_week_seq#date_dim.d_year,=,2001.0#-1226747352
item,warehouse,date_dim,inventory#inventory.inv_warehouse_sk=warehouse.w_warehouse_sk,inventory.inv_date_sk=date_dim.d_date_sk,inventory.inv_item_sk=item.i_item_sk,date_dim.d_week_seq=date_dim.d_week_seq#date_dim.d_year,=,2001.0#-2075836783
catalog_sales,inventory#catalog_sales.cs_item_sk=inventory.inv_item_sk##1358133176
catalog_sales,item,inventory#catalog_sales.cs_item_sk=inventory.inv_item_sk,catalog_sales.cs_item_sk=item.i_item_sk##687503623
catalog_sales,customer_demographics#catalog_sales.cs_bill_cdemo_sk=customer_demographics.cd_demo_sk#customer_demographics.cd_marital_status,=,1.0#1653807647
catalog_sales,inventory,customer_demographics#catalog_sales.cs_item_sk=inventory.inv_item_sk,catalog_sales.cs_bill_cdemo_sk=customer_demographics.cd_demo_sk#customer_demographics.cd_marital_status,=,1.0#1702171039
catalog_sales,item,customer_demographics#catalog_sales.cs_bill_cdemo_sk=customer_demographics.cd_demo_sk,catalog_sales.cs_item_sk=item.i_item_sk#customer_demographics.cd_marital_status,=,1.0#362571552
catalog_sales,item,inventory,customer_demographics#catalog_sales.cs_item_sk=inventory.inv_item_sk,inventory.inv_item_sk=item.i_item_sk,catalog_sales.cs_bill_cdemo_sk=customer_demographics.cd_demo_sk#customer_demographics.cd_marital_status,=,1.0#1050662473
catalog_sales,household_demographics#catalog_sales.cs_bill_hdemo_sk=household_demographics.hd_demo_sk#household_demographics.hd_buy_potential,=,1.0#1823217459
catalog_sales,inventory,household_demographics#catalog_sales.cs_item_sk=inventory.inv_item_sk,catalog_sales.cs_bill_hdemo_sk=household_demographics.hd_demo_sk#household_demographics.hd_buy_potential,=,1.0#1100316159
catalog_sales,item,household_demographics#catalog_sales.cs_bill_hdemo_sk=household_demographics.hd_demo_sk,catalog_sales.cs_item_sk=item.i_item_sk#household_demographics.hd_buy_potential,=,1.0#892002256
catalog_sales,item,inventory,household_demographics#inventory.inv_item_sk=catalog_sales.cs_item_sk,inventory.inv_item_sk=item.i_item_sk,catalog_sales.cs_bill_hdemo_sk=household_demographics.hd_demo_sk#household_demographics.hd_buy_potential,=,1.0#489385365
catalog_sales,customer_demographics,household_demographics#catalog_sales.cs_bill_cdemo_sk=customer_demographics.cd_demo_sk,catalog_sales.cs_bill_hdemo_sk=household_demographics.hd_demo_sk#household_demographics.hd_buy_potential,=,1.0,customer_demographics.cd_marital_status,=,1.0#72706982
catalog_sales,inventory,customer_demographics,household_demographics#catalog_sales.cs_item_sk=inventory.inv_item_sk,catalog_sales.cs_bill_cdemo_sk=customer_demographics.cd_demo_sk,catalog_sales.cs_bill_hdemo_sk=household_demographics.hd_demo_sk#household_demographics.hd_buy_potential,=,1.0,customer_demographics.cd_marital_status,=,1.0#1396299512
catalog_sales,item,customer_demographics,household_demographics#catalog_sales.cs_bill_hdemo_sk=household_demographics.hd_demo_sk,catalog_sales.cs_bill_cdemo_sk=customer_demographics.cd_demo_sk,catalog_sales.cs_item_sk=item.i_item_sk#household_demographics.hd_buy_potential,=,1.0,customer_demographics.cd_marital_status,=,1.0#-1226893209
catalog_sales,item,inventory,customer_demographics,household_demographics#catalog_sales.cs_item_sk=inventory.inv_item_sk,catalog_sales.cs_bill_hdemo_sk=household_demographics.hd_demo_sk,catalog_sales.cs_bill_cdemo_sk=customer_demographics.cd_demo_sk,catalog_sales.cs_item_sk=item.i_item_sk#household_demographics.hd_buy_potential,=,1.0,customer_demographics.cd_marital_status,=,1.0#211813835
catalog_sales,date_dim,inventory#catalog_sales.cs_item_sk=inventory.inv_item_sk,catalog_sales.cs_sold_date_sk=date_dim.d_date_sk#date_dim.d_year,=,2001.0#-548342643
catalog_sales,date_dim,item#catalog_sales.cs_sold_date_sk=date_dim.d_date_sk,catalog_sales.cs_item_sk=item.i_item_sk#date_dim.d_year,=,2001.0#1977046530
catalog_sales,item,date_dim,inventory#inventory.inv_item_sk=catalog_sales.cs_item_sk,catalog_sales.cs_sold_date_sk=date_dim.d_date_sk,inventory.inv_item_sk=item.i_item_sk#date_dim.d_year,=,2001.0#-342508189
catalog_sales,date_dim,customer_demographics#catalog_sales.cs_sold_date_sk=date_dim.d_date_sk,catalog_sales.cs_bill_cdemo_sk=customer_demographics.cd_demo_sk#customer_demographics.cd_marital_status,=,1.0,date_dim.d_year,=,2001.0#321161844
catalog_sales,date_dim,inventory,customer_demographics#catalog_sales.cs_item_sk=inventory.inv_item_sk,catalog_sales.cs_sold_date_sk=date_dim.d_date_sk,catalog_sales.cs_bill_cdemo_sk=customer_demographics.cd_demo_sk#customer_demographics.cd_marital_status,=,1.0,date_dim.d_year,=,2001.0#-383143062
catalog_sales,item,date_dim,customer_demographics#catalog_sales.cs_sold_date_sk=date_dim.d_date_sk,catalog_sales.cs_bill_cdemo_sk=customer_demographics.cd_demo_sk,catalog_sales.cs_item_sk=item.i_item_sk#customer_demographics.cd_marital_status,=,1.0,date_dim.d_year,=,2001.0#-503812299
catalog_sales,item,date_dim,inventory,customer_demographics#catalog_sales.cs_item_sk=inventory.inv_item_sk,catalog_sales.cs_sold_date_sk=date_dim.d_date_sk,catalog_sales.cs_bill_cdemo_sk=customer_demographics.cd_demo_sk,catalog_sales.cs_item_sk=item.i_item_sk#customer_demographics.cd_marital_status,=,1.0,date_dim.d_year,=,2001.0#390520637
catalog_sales,date_dim,household_demographics#catalog_sales.cs_sold_date_sk=date_dim.d_date_sk,household_demographics.hd_demo_sk=catalog_sales.cs_bill_hdemo_sk#household_demographics.hd_buy_potential,=,1.0,date_dim.d_year,=,2001.0#-1501645918
catalog_sales,date_dim,inventory,household_demographics#catalog_sales.cs_item_sk=inventory.inv_item_sk,catalog_sales.cs_sold_date_sk=date_dim.d_date_sk,household_demographics.hd_demo_sk=catalog_sales.cs_bill_hdemo_sk#household_demographics.hd_buy_potential,=,1.0,date_dim.d_year,=,2001.0#-54988816
catalog_sales,item,date_dim,household_demographics#catalog_sales.cs_sold_date_sk=date_dim.d_date_sk,household_demographics.hd_demo_sk=catalog_sales.cs_bill_hdemo_sk,catalog_sales.cs_item_sk=item.i_item_sk#household_demographics.hd_buy_potential,=,1.0,date_dim.d_year,=,2001.0#1438907775
catalog_sales,item,date_dim,inventory,household_demographics#inventory.inv_item_sk=catalog_sales.cs_item_sk,catalog_sales.cs_sold_date_sk=date_dim.d_date_sk,household_demographics.hd_demo_sk=catalog_sales.cs_bill_hdemo_sk,inventory.inv_item_sk=item.i_item_sk#household_demographics.hd_buy_potential,=,1.0,date_dim.d_year,=,2001.0#2052720582
catalog_sales,date_dim,customer_demographics,household_demographics#catalog_sales.cs_sold_date_sk=date_dim.d_date_sk,household_demographics.hd_demo_sk=catalog_sales.cs_bill_hdemo_sk,catalog_sales.cs_bill_cdemo_sk=customer_demographics.cd_demo_sk#household_demographics.hd_buy_potential,=,1.0,customer_demographics.cd_marital_status,=,1.0,date_dim.d_year,=,2001.0#-128281065
catalog_sales,date_dim,inventory,customer_demographics,household_demographics#catalog_sales.cs_item_sk=inventory.inv_item_sk,catalog_sales.cs_sold_date_sk=date_dim.d_date_sk,household_demographics.hd_demo_sk=catalog_sales.cs_bill_hdemo_sk,catalog_sales.cs_bill_cdemo_sk=customer_demographics.cd_demo_sk#household_demographics.hd_buy_potential,=,1.0,customer_demographics.cd_marital_status,=,1.0,date_dim.d_year,=,2001.0#-1114109401
catalog_sales,item,date_dim,customer_demographics,household_demographics#catalog_sales.cs_sold_date_sk=date_dim.d_date_sk,catalog_sales.cs_bill_hdemo_sk=household_demographics.hd_demo_sk,catalog_sales.cs_bill_cdemo_sk=customer_demographics.cd_demo_sk,catalog_sales.cs_item_sk=item.i_item_sk#household_demographics.hd_buy_potential,=,1.0,customer_demographics.cd_marital_status,=,1.0,date_dim.d_year,=,2001.0#-455021902
catalog_sales,item,date_dim,inventory,customer_demographics,household_demographics#catalog_sales.cs_item_sk=inventory.inv_item_sk,catalog_sales.cs_sold_date_sk=date_dim.d_date_sk,household_demographics.hd_demo_sk=catalog_sales.cs_bill_hdemo_sk,catalog_sales.cs_bill_cdemo_sk=customer_demographics.cd_demo_sk,catalog_sales.cs_item_sk=item.i_item_sk#household_demographics.hd_buy_potential,=,1.0,customer_demographics.cd_marital_status,=,1.0,date_dim.d_year,=,2001.0#-1528790232
catalog_sales,date_dim#catalog_sales.cs_ship_date_sk=date_dim.d_date_sk##-1239178965
catalog_sales,date_dim,inventory#catalog_sales.cs_item_sk=inventory.inv_item_sk,catalog_sales.cs_ship_date_sk=date_dim.d_date_sk##178123795
catalog_sales,date_dim,item#catalog_sales.cs_ship_date_sk=date_dim.d_date_sk,catalog_sales.cs_item_sk=item.i_item_sk##-245941972
catalog_sales,item,date_dim,inventory#inventory.inv_item_sk=catalog_sales.cs_item_sk,catalog_sales.cs_ship_date_sk=date_dim.d_date_sk,inventory.inv_item_sk=item.i_item_sk##1625428863
catalog_sales,date_dim,customer_demographics#catalog_sales.cs_ship_date_sk=date_dim.d_date_sk,catalog_sales.cs_bill_cdemo_sk=customer_demographics.cd_demo_sk#customer_demographics.cd_marital_status,=,1.0#1106526460
catalog_sales,date_dim,inventory,customer_demographics#catalog_sales.cs_item_sk=inventory.inv_item_sk,catalog_sales.cs_ship_date_sk=date_dim.d_date_sk,catalog_sales.cs_bill_cdemo_sk=customer_demographics.cd_demo_sk#customer_demographics.cd_marital_status,=,1.0#-1135739690
catalog_sales,item,date_dim,customer_demographics#catalog_sales.cs_ship_date_sk=date_dim.d_date_sk,catalog_sales.cs_bill_cdemo_sk=customer_demographics.cd_demo_sk,catalog_sales.cs_item_sk=item.i_item_sk#customer_demographics.cd_marital_status,=,1.0#1831749209
catalog_sales,item,date_dim,inventory,customer_demographics#catalog_sales.cs_item_sk=inventory.inv_item_sk,catalog_sales.cs_ship_date_sk=date_dim.d_date_sk,catalog_sales.cs_bill_cdemo_sk=customer_demographics.cd_demo_sk,catalog_sales.cs_item_sk=item.i_item_sk#customer_demographics.cd_marital_status,=,1.0#1125711397
catalog_sales,date_dim,household_demographics#catalog_sales.cs_ship_date_sk=date_dim.d_date_sk,catalog_sales.cs_bill_hdemo_sk=household_demographics.hd_demo_sk#household_demographics.hd_buy_potential,=,1.0#-1913410830
catalog_sales,date_dim,inventory,household_demographics#catalog_sales.cs_item_sk=inventory.inv_item_sk,catalog_sales.cs_ship_date_sk=date_dim.d_date_sk,catalog_sales.cs_bill_hdemo_sk=household_demographics.hd_demo_sk#household_demographics.hd_buy_potential,=,1.0#2074577196
catalog_sales,item,date_dim,household_demographics#date_dim.d_date_sk=catalog_sales.cs_ship_date_sk,catalog_sales.cs_bill_hdemo_sk=household_demographics.hd_demo_sk,catalog_sales.cs_item_sk=item.i_item_sk#household_demographics.hd_buy_potential,=,1.0#-296012247
catalog_sales,item,date_dim,inventory,household_demographics#inventory.inv_item_sk=catalog_sales.cs_item_sk,catalog_sales.cs_ship_date_sk=date_dim.d_date_sk,inventory.inv_item_sk=item.i_item_sk,catalog_sales.cs_bill_hdemo_sk=household_demographics.hd_demo_sk#household_demographics.hd_buy_potential,=,1.0#-1292030568
catalog_sales,date_dim,customer_demographics,household_demographics#date_dim.d_date_sk=catalog_sales.cs_ship_date_sk,catalog_sales.cs_bill_cdemo_sk=customer_demographics.cd_demo_sk,catalog_sales.cs_bill_hdemo_sk=household_demographics.hd_demo_sk#household_demographics.hd_buy_potential,=,1.0,customer_demographics.cd_marital_status,=,1.0#1962524435
catalog_sales,date_dim,inventory,customer_demographics,household_demographics#catalog_sales.cs_item_sk=inventory.inv_item_sk,date_dim.d_date_sk=catalog_sales.cs_ship_date_sk,catalog_sales.cs_bill_cdemo_sk=customer_demographics.cd_demo_sk,catalog_sales.cs_bill_hdemo_sk=household_demographics.hd_demo_sk#household_demographics.hd_buy_potential,=,1.0,customer_demographics.cd_marital_status,=,1.0#-313507937
catalog_sales,item,date_dim,customer_demographics,household_demographics#date_dim.d_date_sk=catalog_sales.cs_ship_date_sk,catalog_sales.cs_bill_hdemo_sk=household_demographics.hd_demo_sk,catalog_sales.cs_bill_cdemo_sk=customer_demographics.cd_demo_sk,catalog_sales.cs_item_sk=item.i_item_sk#household_demographics.hd_buy_potential,=,1.0,customer_demographics.cd_marital_status,=,1.0#526274608
catalog_sales,item,date_dim,inventory,customer_demographics,household_demographics#inventory.inv_item_sk=item.i_item_sk,inventory.inv_item_sk=catalog_sales.cs_item_sk,date_dim.d_date_sk=catalog_sales.cs_ship_date_sk,catalog_sales.cs_bill_cdemo_sk=customer_demographics.cd_demo_sk,catalog_sales.cs_bill_hdemo_sk=household_demographics.hd_demo_sk#household_demographics.hd_buy_potential,=,1.0,customer_demographics.cd_marital_status,=,1.0#720199669
catalog_sales,date_dim#catalog_sales.cs_ship_date_sk=date_dim.d_date_sk,catalog_sales.cs_sold_date_sk=date_dim.d_date_sk#date_dim.d_year,=,2001.0#-1432566912
catalog_sales,date_dim,inventory#catalog_sales.cs_item_sk=inventory.inv_item_sk,catalog_sales.cs_ship_date_sk=date_dim.d_date_sk,catalog_sales.cs_sold_date_sk=date_dim.d_date_sk#date_dim.d_year,=,2001.0#1224025054
catalog_sales,item,date_dim#catalog_sales.cs_ship_date_sk=date_dim.d_date_sk,catalog_sales.cs_sold_date_sk=date_dim.d_date_sk,catalog_sales.cs_item_sk=item.i_item_sk#date_dim.d_year,=,2001.0#-1230277823
catalog_sales,item,date_dim,inventory#inventory.inv_item_sk=catalog_sales.cs_item_sk,catalog_sales.cs_ship_date_sk=date_dim.d_date_sk,catalog_sales.cs_sold_date_sk=date_dim.d_date_sk,inventory.inv_item_sk=item.i_item_sk#date_dim.d_year,=,2001.0#526833418
catalog_sales,date_dim,customer_demographics#catalog_sales.cs_ship_date_sk=date_dim.d_date_sk,catalog_sales.cs_sold_date_sk=date_dim.d_date_sk,catalog_sales.cs_bill_cdemo_sk=customer_demographics.cd_demo_sk#customer_demographics.cd_marital_status,=,1.0,date_dim.d_year,=,2001.0#1076178247
catalog_sales,date_dim,inventory,customer_demographics#catalog_sales.cs_item_sk=inventory.inv_item_sk,catalog_sales.cs_ship_date_sk=date_dim.d_date_sk,catalog_sales.cs_sold_date_sk=date_dim.d_date_sk,catalog_sales.cs_bill_cdemo_sk=customer_demographics.cd_demo_sk#customer_demographics.cd_marital_status,=,1.0,date_dim.d_year,=,2001.0#1782907499
catalog_sales,item,date_dim,customer_demographics#catalog_sales.cs_ship_date_sk=date_dim.d_date_sk,catalog_sales.cs_sold_date_sk=date_dim.d_date_sk,catalog_sales.cs_bill_cdemo_sk=customer_demographics.cd_demo_sk,catalog_sales.cs_item_sk=item.i_item_sk#customer_demographics.cd_marital_status,=,1.0,date_dim.d_year,=,2001.0#-753876688
catalog_sales,item,date_dim,inventory,customer_demographics#catalog_sales.cs_ship_date_sk=date_dim.d_date_sk,catalog_sales.cs_item_sk=inventory.inv_item_sk,catalog_sales.cs_sold_date_sk=date_dim.d_date_sk,catalog_sales.cs_bill_cdemo_sk=customer_demographics.cd_demo_sk,catalog_sales.cs_item_sk=item.i_item_sk#customer_demographics.cd_marital_status,=,1.0,date_dim.d_year,=,2001.0#1717704584
catalog_sales,date_dim,household_demographics#catalog_sales.cs_sold_date_sk=date_dim.d_date_sk,catalog_sales.cs_ship_date_sk=date_dim.d_date_sk,household_demographics.hd_demo_sk=catalog_sales.cs_bill_hdemo_sk#household_demographics.hd_buy_potential,=,1.0,date_dim.d_year,=,2001.0#1021554787
catalog_sales,date_dim,inventory,household_demographics#catalog_sales.cs_sold_date_sk=date_dim.d_date_sk,catalog_sales.cs_item_sk=inventory.inv_item_sk,catalog_sales.cs_ship_date_sk=date_dim.d_date_sk,household_demographics.hd_demo_sk=catalog_sales.cs_bill_hdemo_sk#household_demographics.hd_buy_potential,=,1.0,date_dim.d_year,=,2001.0#1013465435
catalog_sales,item,date_dim,household_demographics#catalog_sales.cs_sold_date_sk=date_dim.d_date_sk,catalog_sales.cs_ship_date_sk=date_dim.d_date_sk,household_demographics.hd_demo_sk=catalog_sales.cs_bill_hdemo_sk,catalog_sales.cs_item_sk=item.i_item_sk#household_demographics.hd_buy_potential,=,1.0,date_dim.d_year,=,2001.0#253452004
catalog_sales,item,date_dim,inventory,household_demographics#catalog_sales.cs_ship_date_sk=date_dim.d_date_sk,inventory.inv_item_sk=item.i_item_sk,inventory.inv_item_sk=catalog_sales.cs_item_sk,catalog_sales.cs_sold_date_sk=date_dim.d_date_sk,household_demographics.hd_demo_sk=catalog_sales.cs_bill_hdemo_sk#household_demographics.hd_buy_potential,=,1.0,date_dim.d_year,=,2001.0#-1047067257
catalog_sales,date_dim,customer_demographics,household_demographics#catalog_sales.cs_sold_date_sk=date_dim.d_date_sk,catalog_sales.cs_ship_date_sk=date_dim.d_date_sk,household_demographics.hd_demo_sk=catalog_sales.cs_bill_hdemo_sk,catalog_sales.cs_bill_cdemo_sk=customer_demographics.cd_demo_sk#household_demographics.hd_buy_potential,=,1.0,customer_demographics.cd_marital_status,=,1.0,date_dim.d_year,=,2001.0#-1454792060
catalog_sales,date_dim,inventory,customer_demographics,household_demographics#catalog_sales.cs_ship_date_sk=date_dim.d_date_sk,catalog_sales.cs_item_sk=inventory.inv_item_sk,catalog_sales.cs_sold_date_sk=date_dim.d_date_sk,household_demographics.hd_demo_sk=catalog_sales.cs_bill_hdemo_sk,catalog_sales.cs_bill_cdemo_sk=customer_demographics.cd_demo_sk#household_demographics.hd_buy_potential,=,1.0,customer_demographics.cd_marital_status,=,1.0,date_dim.d_year,=,2001.0#200083150
catalog_sales,item,date_dim,customer_demographics,household_demographics#catalog_sales.cs_bill_hdemo_sk=household_demographics.hd_demo_sk,date_dim.d_date_sk=catalog_sales.cs_ship_date_sk,catalog_sales.cs_sold_date_sk=date_dim.d_date_sk,catalog_sales.cs_bill_cdemo_sk=customer_demographics.cd_demo_sk,catalog_sales.cs_item_sk=item.i_item_sk#household_demographics.hd_buy_potential,=,1.0,customer_demographics.cd_marital_status,=,1.0,date_dim.d_year,=,2001.0#-944977033
catalog_sales,item,date_dim,inventory,customer_demographics,household_demographics#catalog_sales.cs_ship_date_sk=date_dim.d_date_sk,catalog_sales.cs_item_sk=inventory.inv_item_sk,catalog_sales.cs_sold_date_sk=date_dim.d_date_sk,household_demographics.hd_demo_sk=catalog_sales.cs_bill_hdemo_sk,catalog_sales.cs_bill_cdemo_sk=customer_demographics.cd_demo_sk,catalog_sales.cs_item_sk=item.i_item_sk#household_demographics.hd_buy_potential,=,1.0,customer_demographics.cd_marital_status,=,1.0,date_dim.d_year,=,2001.0#-222747989
catalog_sales,inventory,warehouse#inventory.inv_item_sk=catalog_sales.cs_item_sk,inventory.inv_warehouse_sk=warehouse.w_warehouse_sk##-480824657
catalog_sales,date_dim,inventory#inventory.inv_item_sk=catalog_sales.cs_item_sk,inventory.inv_date_sk=date_dim.d_date_sk##140472033
catalog_sales,warehouse,date_dim,inventory#inventory.inv_item_sk=catalog_sales.cs_item_sk,inventory.inv_date_sk=date_dim.d_date_sk,inventory.inv_warehouse_sk=warehouse.w_warehouse_sk##1804230026
catalog_sales,item,warehouse,inventory#inventory.inv_warehouse_sk=warehouse.w_warehouse_sk,catalog_sales.cs_item_sk=inventory.inv_item_sk,catalog_sales.cs_item_sk=item.i_item_sk##-1632070672
catalog_sales,item,date_dim,inventory#catalog_sales.cs_item_sk=inventory.inv_item_sk,inventory.inv_date_sk=date_dim.d_date_sk,catalog_sales.cs_item_sk=item.i_item_sk##1709075640
catalog_sales,item,warehouse,date_dim,inventory#inventory.inv_warehouse_sk=warehouse.w_warehouse_sk,catalog_sales.cs_item_sk=inventory.inv_item_sk,inventory.inv_date_sk=date_dim.d_date_sk,catalog_sales.cs_item_sk=item.i_item_sk##639409775
catalog_sales,warehouse,inventory,customer_demographics#inventory.inv_warehouse_sk=warehouse.w_warehouse_sk,catalog_sales.cs_item_sk=inventory.inv_item_sk,catalog_sales.cs_bill_cdemo_sk=customer_demographics.cd_demo_sk#customer_demographics.cd_marital_status,=,1.0#-1507374968
catalog_sales,date_dim,inventory,customer_demographics#catalog_sales.cs_item_sk=inventory.inv_item_sk,inventory.inv_date_sk=date_dim.d_date_sk,catalog_sales.cs_bill_cdemo_sk=customer_demographics.cd_demo_sk#customer_demographics.cd_marital_status,=,1.0#-492883168
catalog_sales,warehouse,date_dim,inventory,customer_demographics#inventory.inv_warehouse_sk=warehouse.w_warehouse_sk,catalog_sales.cs_item_sk=inventory.inv_item_sk,inventory.inv_date_sk=date_dim.d_date_sk,catalog_sales.cs_bill_cdemo_sk=customer_demographics.cd_demo_sk#customer_demographics.cd_marital_status,=,1.0#1182451927
catalog_sales,item,warehouse,inventory,customer_demographics#inventory.inv_warehouse_sk=warehouse.w_warehouse_sk,catalog_sales.cs_item_sk=inventory.inv_item_sk,catalog_sales.cs_bill_cdemo_sk=customer_demographics.cd_demo_sk,catalog_sales.cs_item_sk=item.i_item_sk#customer_demographics.cd_marital_status,=,1.0#-829199717
catalog_sales,item,date_dim,inventory,customer_demographics#inventory.inv_item_sk=catalog_sales.cs_item_sk,inventory.inv_date_sk=date_dim.d_date_sk,catalog_sales.cs_bill_cdemo_sk=customer_demographics.cd_demo_sk,catalog_sales.cs_item_sk=item.i_item_sk#customer_demographics.cd_marital_status,=,1.0#-697805989
catalog_sales,item,warehouse,date_dim,inventory,customer_demographics#inventory.inv_warehouse_sk=warehouse.w_warehouse_sk,inventory.inv_item_sk=catalog_sales.cs_item_sk,inventory.inv_date_sk=date_dim.d_date_sk,catalog_sales.cs_bill_cdemo_sk=customer_demographics.cd_demo_sk,catalog_sales.cs_item_sk=item.i_item_sk#customer_demographics.cd_marital_status,=,1.0#799442500
catalog_sales,warehouse,inventory,household_demographics#inventory.inv_warehouse_sk=warehouse.w_warehouse_sk,catalog_sales.cs_item_sk=inventory.inv_item_sk,catalog_sales.cs_bill_hdemo_sk=household_demographics.hd_demo_sk#household_demographics.hd_buy_potential,=,1.0#2026448104
catalog_sales,date_dim,inventory,household_demographics#inventory.inv_item_sk=catalog_sales.cs_item_sk,inventory.inv_date_sk=date_dim.d_date_sk,catalog_sales.cs_bill_hdemo_sk=household_demographics.hd_demo_sk#household_demographics.hd_buy_potential,=,1.0#-453991896
catalog_sales,warehouse,date_dim,inventory,household_demographics#inventory.inv_item_sk=catalog_sales.cs_item_sk,inventory.inv_date_sk=date_dim.d_date_sk,inventory.inv_warehouse_sk=warehouse.w_warehouse_sk,catalog_sales.cs_bill_hdemo_sk=household_demographics.hd_demo_sk#household_demographics.hd_buy_potential,=,1.0#177120977
catalog_sales,item,warehouse,inventory,household_demographics#inventory.inv_warehouse_sk=warehouse.w_warehouse_sk,catalog_sales.cs_item_sk=inventory.inv_item_sk,catalog_sales.cs_bill_hdemo_sk=household_demographics.hd_demo_sk,catalog_sales.cs_item_sk=item.i_item_sk#household_demographics.hd_buy_potential,=,1.0#-608237705
catalog_sales,item,date_dim,inventory,household_demographics#inventory.inv_item_sk=catalog_sales.cs_item_sk,inventory.inv_date_sk=date_dim.d_date_sk,inventory.inv_item_sk=item.i_item_sk,catalog_sales.cs_bill_hdemo_sk=household_demographics.hd_demo_sk#household_demographics.hd_buy_potential,=,1.0#600772816
catalog_sales,item,warehouse,date_dim,inventory,household_demographics#inventory.inv_warehouse_sk=warehouse.w_warehouse_sk,inventory.inv_item_sk=item.i_item_sk,inventory.inv_item_sk=catalog_sales.cs_item_sk,inventory.inv_date_sk=date_dim.d_date_sk,catalog_sales.cs_bill_hdemo_sk=household_demographics.hd_demo_sk#household_demographics.hd_buy_potential,=,1.0#-1597728711
catalog_sales,warehouse,inventory,customer_demographics,household_demographics#inventory.inv_warehouse_sk=warehouse.w_warehouse_sk,catalog_sales.cs_item_sk=inventory.inv_item_sk,catalog_sales.cs_bill_cdemo_sk=customer_demographics.cd_demo_sk,catalog_sales.cs_bill_hdemo_sk=household_demographics.hd_demo_sk#household_demographics.hd_buy_potential,=,1.0,customer_demographics.cd_marital_status,=,1.0#1239509089
catalog_sales,date_dim,inventory,customer_demographics,household_demographics#catalog_sales.cs_item_sk=inventory.inv_item_sk,inventory.inv_date_sk=date_dim.d_date_sk,catalog_sales.cs_bill_cdemo_sk=customer_demographics.cd_demo_sk,catalog_sales.cs_bill_hdemo_sk=household_demographics.hd_demo_sk#household_demographics.hd_buy_potential,=,1.0,customer_demographics.cd_marital_status,=,1.0#408962407
catalog_sales,warehouse,date_dim,inventory,customer_demographics,household_demographics#inventory.inv_warehouse_sk=warehouse.w_warehouse_sk,inventory.inv_item_sk=catalog_sales.cs_item_sk,inventory.inv_date_sk=date_dim.d_date_sk,catalog_sales.cs_bill_cdemo_sk=customer_demographics.cd_demo_sk,catalog_sales.cs_bill_hdemo_sk=household_demographics.hd_demo_sk#household_demographics.hd_buy_potential,=,1.0,customer_demographics.cd_marital_status,=,1.0#-850830936
catalog_sales,item,warehouse,inventory,customer_demographics,household_demographics#inventory.inv_warehouse_sk=warehouse.w_warehouse_sk,catalog_sales.cs_bill_hdemo_sk=household_demographics.hd_demo_sk,catalog_sales.cs_item_sk=inventory.inv_item_sk,catalog_sales.cs_bill_cdemo_sk=customer_demographics.cd_demo_sk,catalog_sales.cs_item_sk=item.i_item_sk#household_demographics.hd_buy_potential,=,1.0,customer_demographics.cd_marital_status,=,1.0#-1111197004
catalog_sales,item,date_dim,inventory,customer_demographics,household_demographics#inventory.inv_item_sk=catalog_sales.cs_item_sk,inventory.inv_date_sk=date_dim.d_date_sk,catalog_sales.cs_item_sk=item.i_item_sk,catalog_sales.cs_bill_cdemo_sk=customer_demographics.cd_demo_sk,catalog_sales.cs_bill_hdemo_sk=household_demographics.hd_demo_sk#household_demographics.hd_buy_potential,=,1.0,customer_demographics.cd_marital_status,=,1.0#1778482164
catalog_sales,item,warehouse,date_dim,inventory,customer_demographics,household_demographics#inventory.inv_warehouse_sk=warehouse.w_warehouse_sk,inventory.inv_item_sk=catalog_sales.cs_item_sk,inventory.inv_date_sk=date_dim.d_date_sk,catalog_sales.cs_item_sk=item.i_item_sk,catalog_sales.cs_bill_cdemo_sk=customer_demographics.cd_demo_sk,catalog_sales.cs_bill_hdemo_sk=household_demographics.hd_demo_sk#household_demographics.hd_buy_potential,=,1.0,customer_demographics.cd_marital_status,=,1.0#1599358173
catalog_sales,date_dim#catalog_sales.cs_sold_date_sk=date_dim.d_date_sk,date_dim.d_week_seq=date_dim.d_week_seq#date_dim.d_year,=,2001.0#-20857363
catalog_sales,warehouse,date_dim,inventory#inventory.inv_warehouse_sk=warehouse.w_warehouse_sk,catalog_sales.cs_item_sk=inventory.inv_item_sk,catalog_sales.cs_sold_date_sk=date_dim.d_date_sk#date_dim.d_year,=,2001.0#1049626230
catalog_sales,date_dim,inventory#inventory.inv_item_sk=catalog_sales.cs_item_sk,inventory.inv_date_sk=date_dim.d_date_sk,catalog_sales.cs_sold_date_sk=date_dim.d_date_sk#date_dim.d_year,=,2001.0#1711800502
catalog_sales,warehouse,date_dim,inventory#inventory.inv_item_sk=catalog_sales.cs_item_sk,inventory.inv_date_sk=date_dim.d_date_sk,catalog_sales.cs_sold_date_sk=date_dim.d_date_sk,inventory.inv_warehouse_sk=warehouse.w_warehouse_sk#date_dim.d_year,=,2001.0#-797045345
catalog_sales,date_dim,item#catalog_sales.cs_sold_date_sk=date_dim.d_date_sk,date_dim.d_week_seq=date_dim.d_week_seq,catalog_sales.cs_item_sk=item.i_item_sk#date_dim.d_year,=,2001.0#513583086
catalog_sales,item,warehouse,date_dim,inventory#inventory.inv_warehouse_sk=warehouse.w_warehouse_sk,catalog_sales.cs_item_sk=inventory.inv_item_sk,catalog_sales.cs_sold_date_sk=date_dim.d_date_sk,catalog_sales.cs_item_sk=item.i_item_sk#date_dim.d_year,=,2001.0#727063557
catalog_sales,item,date_dim,inventory#catalog_sales.cs_item_sk=inventory.inv_item_sk,date_dim.d_week_seq=date_dim.d_week_seq,inventory.inv_date_sk=date_dim.d_date_sk,catalog_sales.cs_item_sk=item.i_item_sk#date_dim.d_year,=,2001.0#567865166
catalog_sales,item,warehouse,date_dim,inventory#inventory.inv_warehouse_sk=warehouse.w_warehouse_sk,inventory.inv_date_sk=date_dim.d_date_sk,date_dim.d_week_seq=date_dim.d_week_seq,catalog_sales.cs_item_sk=inventory.inv_item_sk,catalog_sales.cs_item_sk=item.i_item_sk#date_dim.d_year,=,2001.0#-1161171387
catalog_sales,date_dim,customer_demographics#catalog_sales.cs_sold_date_sk=date_dim.d_date_sk,catalog_sales.cs_bill_cdemo_sk=customer_demographics.cd_demo_sk,date_dim.d_week_seq=date_dim.d_week_seq#customer_demographics.cd_marital_status,=,1.0,date_dim.d_year,=,2001.0#43162682
catalog_sales,warehouse,date_dim,inventory,customer_demographics#inventory.inv_warehouse_sk=warehouse.w_warehouse_sk,catalog_sales.cs_item_sk=inventory.inv_item_sk,catalog_sales.cs_sold_date_sk=date_dim.d_date_sk,catalog_sales.cs_bill_cdemo_sk=customer_demographics.cd_demo_sk#customer_demographics.cd_marital_status,=,1.0,date_dim.d_year,=,2001.0#-1444324909
catalog_sales,date_dim,inventory,customer_demographics#catalog_sales.cs_item_sk=inventory.inv_item_sk,catalog_sales.cs_sold_date_sk=date_dim.d_date_sk,inventory.inv_date_sk=date_dim.d_date_sk,catalog_sales.cs_bill_cdemo_sk=customer_demographics.cd_demo_sk#customer_demographics.cd_marital_status,=,1.0,date_dim.d_year,=,2001.0#718221365
catalog_sales,warehouse,date_dim,inventory,customer_demographics#inventory.inv_warehouse_sk=warehouse.w_warehouse_sk,inventory.inv_date_sk=date_dim.d_date_sk,catalog_sales.cs_item_sk=inventory.inv_item_sk,catalog_sales.cs_sold_date_sk=date_dim.d_date_sk,catalog_sales.cs_bill_cdemo_sk=customer_demographics.cd_demo_sk#customer_demographics.cd_marital_status,=,1.0,date_dim.d_year,=,2001.0#1740834412
catalog_sales,item,date_dim,customer_demographics#date_dim.d_week_seq=date_dim.d_week_seq,catalog_sales.cs_sold_date_sk=date_dim.d_date_sk,catalog_sales.cs_bill_cdemo_sk=customer_demographics.cd_demo_sk,catalog_sales.cs_item_sk=item.i_item_sk#customer_demographics.cd_marital_status,=,1.0,date_dim.d_year,=,2001.0#-1660679401
catalog_sales,item,warehouse,date_dim,inventory,customer_demographics#inventory.inv_warehouse_sk=warehouse.w_warehouse_sk,catalog_sales.cs_item_sk=inventory.inv_item_sk,catalog_sales.cs_sold_date_sk=date_dim.d_date_sk,catalog_sales.cs_bill_cdemo_sk=customer_demographics.cd_demo_sk,catalog_sales.cs_item_sk=item.i_item_sk#customer_demographics.cd_marital_status,=,1.0,date_dim.d_year,=,2001.0#-1427642074
catalog_sales,item,date_dim,inventory,customer_demographics#inventory.inv_item_sk=catalog_sales.cs_item_sk,inventory.inv_date_sk=date_dim.d_date_sk,catalog_sales.cs_sold_date_sk=date_dim.d_date_sk,catalog_sales.cs_bill_cdemo_sk=customer_demographics.cd_demo_sk,catalog_sales.cs_item_sk=item.i_item_sk#customer_demographics.cd_marital_status,=,1.0,date_dim.d_year,=,2001.0#-1014347418
catalog_sales,item,warehouse,date_dim,inventory,customer_demographics#inventory.inv_warehouse_sk=warehouse.w_warehouse_sk,inventory.inv_item_sk=catalog_sales.cs_item_sk,inventory.inv_date_sk=date_dim.d_date_sk,catalog_sales.cs_sold_date_sk=date_dim.d_date_sk,catalog_sales.cs_bill_cdemo_sk=customer_demographics.cd_demo_sk,catalog_sales.cs_item_sk=item.i_item_sk#customer_demographics.cd_marital_status,=,1.0,date_dim.d_year,=,2001.0#189377167
catalog_sales,date_dim,household_demographics#catalog_sales.cs_sold_date_sk=date_dim.d_date_sk,date_dim.d_week_seq=date_dim.d_week_seq,catalog_sales.cs_bill_hdemo_sk=household_demographics.hd_demo_sk#household_demographics.hd_buy_potential,=,1.0,date_dim.d_year,=,2001.0#1118327800
catalog_sales,warehouse,date_dim,inventory,household_demographics#inventory.inv_warehouse_sk=warehouse.w_warehouse_sk,catalog_sales.cs_item_sk=inventory.inv_item_sk,catalog_sales.cs_sold_date_sk=date_dim.d_date_sk,household_demographics.hd_demo_sk=catalog_sales.cs_bill_hdemo_sk#household_demographics.hd_buy_potential,=,1.0,date_dim.d_year,=,2001.0#-1774711463
catalog_sales,date_dim,inventory,household_demographics#catalog_sales.cs_item_sk=inventory.inv_item_sk,date_dim.d_week_seq=date_dim.d_week_seq,inventory.inv_date_sk=date_dim.d_date_sk,catalog_sales.cs_bill_hdemo_sk=household_demographics.hd_demo_sk#household_demographics.hd_buy_potential,=,1.0,date_dim.d_year,=,2001.0#1562012502
catalog_sales,warehouse,date_dim,inventory,household_demographics#inventory.inv_warehouse_sk=warehouse.w_warehouse_sk,inventory.inv_date_sk=date_dim.d_date_sk,date_dim.d_week_seq=date_dim.d_week_seq,catalog_sales.cs_item_sk=inventory.inv_item_sk,catalog_sales.cs_bill_hdemo_sk=household_demographics.hd_demo_sk#household_demographics.hd_buy_potential,=,1.0,date_dim.d_year,=,2001.0#-1774952883
catalog_sales,item,date_dim,household_demographics#catalog_sales.cs_sold_date_sk=date_dim.d_date_sk,catalog_sales.cs_bill_hdemo_sk=household_demographics.hd_demo_sk,date_dim.d_week_seq=date_dim.d_week_seq,catalog_sales.cs_item_sk=item.i_item_sk#household_demographics.hd_buy_potential,=,1.0,date_dim.d_year,=,2001.0#1576274939
catalog_sales,item,warehouse,date_dim,inventory,household_demographics#inventory.inv_warehouse_sk=warehouse.w_warehouse_sk,catalog_sales.cs_item_sk=inventory.inv_item_sk,catalog_sales.cs_sold_date_sk=date_dim.d_date_sk,household_demographics.hd_demo_sk=catalog_sales.cs_bill_hdemo_sk,catalog_sales.cs_item_sk=item.i_item_sk#household_demographics.hd_buy_potential,=,1.0,date_dim.d_year,=,2001.0#975989160
catalog_sales,item,date_dim,inventory,household_demographics#inventory.inv_date_sk=date_dim.d_date_sk,date_dim.d_week_seq=date_dim.d_week_seq,catalog_sales.cs_bill_hdemo_sk=household_demographics.hd_demo_sk,catalog_sales.cs_item_sk=inventory.inv_item_sk,catalog_sales.cs_item_sk=item.i_item_sk#household_demographics.hd_buy_potential,=,1.0,date_dim.d_year,=,2001.0#-22719385
catalog_sales,item,warehouse,date_dim,inventory,household_demographics#inventory.inv_warehouse_sk=warehouse.w_warehouse_sk,inventory.inv_date_sk=date_dim.d_date_sk,date_dim.d_week_seq=date_dim.d_week_seq,catalog_sales.cs_bill_hdemo_sk=household_demographics.hd_demo_sk,catalog_sales.cs_item_sk=inventory.inv_item_sk,catalog_sales.cs_item_sk=item.i_item_sk#household_demographics.hd_buy_potential,=,1.0,date_dim.d_year,=,2001.0#-16511522
catalog_sales,date_dim,customer_demographics,household_demographics#date_dim.d_week_seq=date_dim.d_week_seq,date_dim.d_date_sk=catalog_sales.cs_sold_date_sk,catalog_sales.cs_bill_cdemo_sk=customer_demographics.cd_demo_sk,catalog_sales.cs_bill_hdemo_sk=household_demographics.hd_demo_sk#household_demographics.hd_buy_potential,=,1.0,customer_demographics.cd_marital_status,=,1.0,date_dim.d_year,=,2001.0#1598570661
catalog_sales,warehouse,date_dim,inventory,customer_demographics,household_demographics#inventory.inv_warehouse_sk=warehouse.w_warehouse_sk,catalog_sales.cs_item_sk=inventory.inv_item_sk,catalog_sales.cs_sold_date_sk=date_dim.d_date_sk,household_demographics.hd_demo_sk=catalog_sales.cs_bill_hdemo_sk,catalog_sales.cs_bill_cdemo_sk=customer_demographics.cd_demo_sk#household_demographics.hd_buy_potential,=,1.0,customer_demographics.cd_marital_status,=,1.0,date_dim.d_year,=,2001.0#686322960
catalog_sales,date_dim,inventory,customer_demographics,household_demographics#date_dim.d_week_seq=date_dim.d_week_seq,inventory.inv_item_sk=catalog_sales.cs_item_sk,date_dim.d_date_sk=catalog_sales.cs_sold_date_sk,catalog_sales.cs_bill_cdemo_sk=customer_demographics.cd_demo_sk,catalog_sales.cs_bill_hdemo_sk=household_demographics.hd_demo_sk#household_demographics.hd_buy_potential,=,1.0,customer_demographics.cd_marital_status,=,1.0,date_dim.d_year,=,2001.0#338252941
catalog_sales,warehouse,date_dim,inventory,customer_demographics,household_demographics#inventory.inv_warehouse_sk=warehouse.w_warehouse_sk,date_dim.d_week_seq=date_dim.d_week_seq,inventory.inv_item_sk=catalog_sales.cs_item_sk,date_dim.d_date_sk=catalog_sales.cs_sold_date_sk,catalog_sales.cs_bill_cdemo_sk=customer_demographics.cd_demo_sk,catalog_sales.cs_bill_hdemo_sk=household_demographics.hd_demo_sk#household_demographics.hd_buy_potential,=,1.0,customer_demographics.cd_marital_status,=,1.0,date_dim.d_year,=,2001.0#-485137212
catalog_sales,item,date_dim,customer_demographics,household_demographics#date_dim.d_week_seq=date_dim.d_week_seq,catalog_sales.cs_item_sk=item.i_item_sk,date_dim.d_date_sk=catalog_sales.cs_sold_date_sk,catalog_sales.cs_bill_cdemo_sk=customer_demographics.cd_demo_sk,catalog_sales.cs_bill_hdemo_sk=household_demographics.hd_demo_sk#household_demographics.hd_buy_potential,=,1.0,customer_demographics.cd_marital_status,=,1.0,date_dim.d_year,=,2001.0#139336898
catalog_sales,item,warehouse,date_dim,inventory,customer_demographics,household_demographics#inventory.inv_warehouse_sk=warehouse.w_warehouse_sk,catalog_sales.cs_item_sk=inventory.inv_item_sk,catalog_sales.cs_sold_date_sk=date_dim.d_date_sk,household_demographics.hd_demo_sk=catalog_sales.cs_bill_hdemo_sk,catalog_sales.cs_bill_cdemo_sk=customer_demographics.cd_demo_sk,catalog_sales.cs_item_sk=item.i_item_sk#household_demographics.hd_buy_potential,=,1.0,customer_demographics.cd_marital_status,=,1.0,date_dim.d_year,=,2001.0#-718054575
catalog_sales,item,date_dim,inventory,customer_demographics,household_demographics#catalog_sales.cs_bill_hdemo_sk=household_demographics.hd_demo_sk,date_dim.d_week_seq=date_dim.d_week_seq,catalog_sales.cs_item_sk=inventory.inv_item_sk,date_dim.d_date_sk=catalog_sales.cs_sold_date_sk,catalog_sales.cs_bill_cdemo_sk=customer_demographics.cd_demo_sk,catalog_sales.cs_item_sk=item.i_item_sk#household_demographics.hd_buy_potential,=,1.0,customer_demographics.cd_marital_status,=,1.0,date_dim.d_year,=,2001.0#1467915100
catalog_sales,item,warehouse,date_dim,inventory,customer_demographics,household_demographics#inventory.inv_warehouse_sk=warehouse.w_warehouse_sk,catalog_sales.cs_bill_hdemo_sk=household_demographics.hd_demo_sk,date_dim.d_week_seq=date_dim.d_week_seq,catalog_sales.cs_item_sk=inventory.inv_item_sk,date_dim.d_date_sk=catalog_sales.cs_sold_date_sk,catalog_sales.cs_bill_cdemo_sk=customer_demographics.cd_demo_sk,catalog_sales.cs_item_sk=item.i_item_sk#household_demographics.hd_buy_potential,=,1.0,customer_demographics.cd_marital_status,=,1.0,date_dim.d_year,=,2001.0#-1055582523
catalog_sales,warehouse,date_dim,inventory#inventory.inv_warehouse_sk=warehouse.w_warehouse_sk,catalog_sales.cs_item_sk=inventory.inv_item_sk,catalog_sales.cs_ship_date_sk=date_dim.d_date_sk##1125645564
catalog_sales,date_dim,inventory#catalog_sales.cs_item_sk=inventory.inv_item_sk,catalog_sales.cs_ship_date_sk=date_dim.d_date_sk,inventory.inv_date_sk=date_dim.d_date_sk##-426387156
catalog_sales,warehouse,date_dim,inventory#inventory.inv_warehouse_sk=warehouse.w_warehouse_sk,catalog_sales.cs_item_sk=inventory.inv_item_sk,catalog_sales.cs_ship_date_sk=date_dim.d_date_sk,inventory.inv_date_sk=date_dim.d_date_sk##-1802707741
catalog_sales,item,warehouse,date_dim,inventory#inventory.inv_warehouse_sk=warehouse.w_warehouse_sk,catalog_sales.cs_item_sk=inventory.inv_item_sk,catalog_sales.cs_ship_date_sk=date_dim.d_date_sk,catalog_sales.cs_item_sk=item.i_item_sk##1321792527
catalog_sales,item,date_dim,inventory#inventory.inv_item_sk=catalog_sales.cs_item_sk,inventory.inv_date_sk=date_dim.d_date_sk,catalog_sales.cs_ship_date_sk=date_dim.d_date_sk,inventory.inv_item_sk=item.i_item_sk##9378980
catalog_sales,item,warehouse,date_dim,inventory#inventory.inv_warehouse_sk=warehouse.w_warehouse_sk,inventory.inv_date_sk=date_dim.d_date_sk,inventory.inv_item_sk=item.i_item_sk,catalog_sales.cs_ship_date_sk=date_dim.d_date_sk,catalog_sales.cs_item_sk=inventory.inv_item_sk##816560571
catalog_sales,warehouse,date_dim,inventory,customer_demographics#inventory.inv_warehouse_sk=warehouse.w_warehouse_sk,catalog_sales.cs_item_sk=inventory.inv_item_sk,catalog_sales.cs_ship_date_sk=date_dim.d_date_sk,catalog_sales.cs_bill_cdemo_sk=customer_demographics.cd_demo_sk#customer_demographics.cd_marital_status,=,1.0#-1032322753
catalog_sales,date_dim,inventory,customer_demographics#catalog_sales.cs_item_sk=inventory.inv_item_sk,catalog_sales.cs_ship_date_sk=date_dim.d_date_sk,inventory.inv_date_sk=date_dim.d_date_sk,catalog_sales.cs_bill_cdemo_sk=customer_demographics.cd_demo_sk#customer_demographics.cd_marital_status,=,1.0#2062993993
catalog_sales,warehouse,date_dim,inventory,customer_demographics#inventory.inv_warehouse_sk=warehouse.w_warehouse_sk,inventory.inv_date_sk=date_dim.d_date_sk,catalog_sales.cs_ship_date_sk=date_dim.d_date_sk,catalog_sales.cs_item_sk=inventory.inv_item_sk,catalog_sales.cs_bill_cdemo_sk=customer_demographics.cd_demo_sk#customer_demographics.cd_marital_status,=,1.0#670761600
catalog_sales,item,warehouse,date_dim,inventory,customer_demographics#inventory.inv_warehouse_sk=warehouse.w_warehouse_sk,catalog_sales.cs_ship_date_sk=date_dim.d_date_sk,catalog_sales.cs_item_sk=inventory.inv_item_sk,catalog_sales.cs_bill_cdemo_sk=customer_demographics.cd_demo_sk,catalog_sales.cs_item_sk=item.i_item_sk#customer_demographics.cd_marital_status,=,1.0#1065528334
catalog_sales,item,date_dim,inventory,customer_demographics#catalog_sales.cs_ship_date_sk=date_dim.d_date_sk,inventory.inv_item_sk=catalog_sales.cs_item_sk,inventory.inv_date_sk=date_dim.d_date_sk,catalog_sales.cs_bill_cdemo_sk=customer_demographics.cd_demo_sk,catalog_sales.cs_item_sk=item.i_item_sk#customer_demographics.cd_marital_status,=,1.0#1628897374
catalog_sales,item,warehouse,date_dim,inventory,customer_demographics#inventory.inv_warehouse_sk=warehouse.w_warehouse_sk,catalog_sales.cs_ship_date_sk=date_dim.d_date_sk,inventory.inv_item_sk=catalog_sales.cs_item_sk,inventory.inv_date_sk=date_dim.d_date_sk,catalog_sales.cs_bill_cdemo_sk=customer_demographics.cd_demo_sk,catalog_sales.cs_item_sk=item.i_item_sk#customer_demographics.cd_marital_status,=,1.0#-490804331
catalog_sales,warehouse,date_dim,inventory,household_demographics#inventory.inv_warehouse_sk=warehouse.w_warehouse_sk,catalog_sales.cs_item_sk=inventory.inv_item_sk,catalog_sales.cs_ship_date_sk=date_dim.d_date_sk,catalog_sales.cs_bill_hdemo_sk=household_demographics.hd_demo_sk#household_demographics.hd_buy_potential,=,1.0#-238596971
catalog_sales,date_dim,inventory,household_demographics#inventory.inv_item_sk=catalog_sales.cs_item_sk,inventory.inv_date_sk=date_dim.d_date_sk,catalog_sales.cs_ship_date_sk=date_dim.d_date_sk,catalog_sales.cs_bill_hdemo_sk=household_demographics.hd_demo_sk#household_demographics.hd_buy_potential,=,1.0#-1809979803
catalog_sales,warehouse,date_dim,inventory,household_demographics#inventory.inv_warehouse_sk=warehouse.w_warehouse_sk,catalog_sales.cs_ship_date_sk=date_dim.d_date_sk,inventory.inv_item_sk=catalog_sales.cs_item_sk,inventory.inv_date_sk=date_dim.d_date_sk,catalog_sales.cs_bill_hdemo_sk=household_demographics.hd_demo_sk#household_demographics.hd_buy_potential,=,1.0#1528559580
catalog_sales,item,warehouse,date_dim,inventory,household_demographics#inventory.inv_warehouse_sk=warehouse.w_warehouse_sk,catalog_sales.cs_bill_hdemo_sk=household_demographics.hd_demo_sk,catalog_sales.cs_item_sk=inventory.inv_item_sk,date_dim.d_date_sk=catalog_sales.cs_ship_date_sk,catalog_sales.cs_item_sk=item.i_item_sk#household_demographics.hd_buy_potential,=,1.0#1678775346
catalog_sales,item,date_dim,inventory,household_demographics#inventory.inv_item_sk=catalog_sales.cs_item_sk,inventory.inv_date_sk=date_dim.d_date_sk,date_dim.d_date_sk=catalog_sales.cs_ship_date_sk,catalog_sales.cs_item_sk=item.i_item_sk,catalog_sales.cs_bill_hdemo_sk=household_demographics.hd_demo_sk#household_demographics.hd_buy_potential,=,1.0#524557426
catalog_sales,item,warehouse,date_dim,inventory,household_demographics#inventory.inv_warehouse_sk=warehouse.w_warehouse_sk,inventory.inv_item_sk=catalog_sales.cs_item_sk,inventory.inv_date_sk=date_dim.d_date_sk,date_dim.d_date_sk=catalog_sales.cs_ship_date_sk,catalog_sales.cs_item_sk=item.i_item_sk,catalog_sales.cs_bill_hdemo_sk=household_demographics.hd_demo_sk#household_demographics.hd_buy_potential,=,1.0#-917605029
catalog_sales,warehouse,date_dim,inventory,customer_demographics,household_demographics#inventory.inv_warehouse_sk=warehouse.w_warehouse_sk,catalog_sales.cs_item_sk=inventory.inv_item_sk,date_dim.d_date_sk=catalog_sales.cs_ship_date_sk,catalog_sales.cs_bill_cdemo_sk=customer_demographics.cd_demo_sk,catalog_sales.cs_bill_hdemo_sk=household_demographics.hd_demo_sk#household_demographics.hd_buy_potential,=,1.0,customer_demographics.cd_marital_status,=,1.0#-562203000
catalog_sales,date_dim,inventory,customer_demographics,household_demographics#inventory.inv_item_sk=catalog_sales.cs_item_sk,inventory.inv_date_sk=date_dim.d_date_sk,date_dim.d_date_sk=catalog_sales.cs_ship_date_sk,catalog_sales.cs_bill_cdemo_sk=customer_demographics.cd_demo_sk,catalog_sales.cs_bill_hdemo_sk=household_demographics.hd_demo_sk#household_demographics.hd_buy_potential,=,1.0,customer_demographics.cd_marital_status,=,1.0#-2055039544
catalog_sales,warehouse,date_dim,inventory,customer_demographics,household_demographics#inventory.inv_warehouse_sk=warehouse.w_warehouse_sk,inventory.inv_item_sk=catalog_sales.cs_item_sk,inventory.inv_date_sk=date_dim.d_date_sk,date_dim.d_date_sk=catalog_sales.cs_ship_date_sk,catalog_sales.cs_bill_cdemo_sk=customer_demographics.cd_demo_sk,catalog_sales.cs_bill_hdemo_sk=household_demographics.hd_demo_sk#household_demographics.hd_buy_potential,=,1.0,customer_demographics.cd_marital_status,=,1.0#-1861959119
catalog_sales,item,warehouse,date_dim,inventory,customer_demographics,household_demographics#inventory.inv_warehouse_sk=warehouse.w_warehouse_sk,inventory.inv_item_sk=item.i_item_sk,inventory.inv_item_sk=catalog_sales.cs_item_sk,date_dim.d_date_sk=catalog_sales.cs_ship_date_sk,catalog_sales.cs_bill_cdemo_sk=customer_demographics.cd_demo_sk,catalog_sales.cs_bill_hdemo_sk=household_demographics.hd_demo_sk#household_demographics.hd_buy_potential,=,1.0,customer_demographics.cd_marital_status,=,1.0#-693180372
catalog_sales,item,date_dim,inventory,customer_demographics,household_demographics#inventory.inv_item_sk=item.i_item_sk,inventory.inv_item_sk=catalog_sales.cs_item_sk,inventory.inv_date_sk=date_dim.d_date_sk,date_dim.d_date_sk=catalog_sales.cs_ship_date_sk,catalog_sales.cs_bill_cdemo_sk=customer_demographics.cd_demo_sk,catalog_sales.cs_bill_hdemo_sk=household_demographics.hd_demo_sk#household_demographics.hd_buy_potential,=,1.0,customer_demographics.cd_marital_status,=,1.0#-1358779792
catalog_sales,item,warehouse,date_dim,inventory,customer_demographics,household_demographics#inventory.inv_warehouse_sk=warehouse.w_warehouse_sk,inventory.inv_item_sk=item.i_item_sk,inventory.inv_item_sk=catalog_sales.cs_item_sk,inventory.inv_date_sk=date_dim.d_date_sk,date_dim.d_date_sk=catalog_sales.cs_ship_date_sk,catalog_sales.cs_bill_cdemo_sk=customer_demographics.cd_demo_sk,catalog_sales.cs_bill_hdemo_sk=household_demographics.hd_demo_sk#household_demographics.hd_buy_potential,=,1.0,customer_demographics.cd_marital_status,=,1.0#-536794727
catalog_sales,date_dim#catalog_sales.cs_ship_date_sk=date_dim.d_date_sk,catalog_sales.cs_sold_date_sk=date_dim.d_date_sk,date_dim.d_week_seq=date_dim.d_week_seq#date_dim.d_year,=,2001.0#1782239852
catalog_sales,warehouse,date_dim,inventory#inventory.inv_warehouse_sk=warehouse.w_warehouse_sk,catalog_sales.cs_item_sk=inventory.inv_item_sk,catalog_sales.cs_ship_date_sk=date_dim.d_date_sk,catalog_sales.cs_sold_date_sk=date_dim.d_date_sk#date_dim.d_year,=,2001.0#-890790841
catalog_sales,date_dim,inventory#inventory.inv_item_sk=catalog_sales.cs_item_sk,inventory.inv_date_sk=date_dim.d_date_sk,catalog_sales.cs_ship_date_sk=date_dim.d_date_sk,catalog_sales.cs_sold_date_sk=date_dim.d_date_sk#date_dim.d_year,=,2001.0#-953345769
catalog_sales,warehouse,date_dim,inventory#inventory.inv_warehouse_sk=warehouse.w_warehouse_sk,catalog_sales.cs_ship_date_sk=date_dim.d_date_sk,inventory.inv_item_sk=catalog_sales.cs_item_sk,inventory.inv_date_sk=date_dim.d_date_sk,catalog_sales.cs_sold_date_sk=date_dim.d_date_sk#date_dim.d_year,=,2001.0#-1729992114
catalog_sales,item,date_dim#date_dim.d_week_seq=date_dim.d_week_seq,catalog_sales.cs_ship_date_sk=date_dim.d_date_sk,catalog_sales.cs_sold_date_sk=date_dim.d_date_sk,catalog_sales.cs_item_sk=item.i_item_sk#date_dim.d_year,=,2001.0#-503686517
catalog_sales,item,warehouse,date_dim,inventory#inventory.inv_warehouse_sk=warehouse.w_warehouse_sk,catalog_sales.cs_ship_date_sk=date_dim.d_date_sk,catalog_sales.cs_item_sk=inventory.inv_item_sk,catalog_sales.cs_sold_date_sk=date_dim.d_date_sk,catalog_sales.cs_item_sk=item.i_item_sk#date_dim.d_year,=,2001.0#-272990054
catalog_sales,item,date_dim,inventory#inventory.inv_date_sk=date_dim.d_date_sk,catalog_sales.cs_ship_date_sk=date_dim.d_date_sk,catalog_sales.cs_item_sk=inventory.inv_item_sk,catalog_sales.cs_sold_date_sk=date_dim.d_date_sk,catalog_sales.cs_item_sk=item.i_item_sk#date_dim.d_year,=,2001.0#-1199633586
catalog_sales,item,warehouse,date_dim,inventory#inventory.inv_warehouse_sk=warehouse.w_warehouse_sk,inventory.inv_date_sk=date_dim.d_date_sk,catalog_sales.cs_ship_date_sk=date_dim.d_date_sk,catalog_sales.cs_item_sk=inventory.inv_item_sk,catalog_sales.cs_sold_date_sk=date_dim.d_date_sk,catalog_sales.cs_item_sk=item.i_item_sk#date_dim.d_year,=,2001.0#2079300613
catalog_sales,date_dim,customer_demographics#date_dim.d_week_seq=date_dim.d_week_seq,catalog_sales.cs_ship_date_sk=date_dim.d_date_sk,catalog_sales.cs_sold_date_sk=date_dim.d_date_sk,catalog_sales.cs_bill_cdemo_sk=customer_demographics.cd_demo_sk#customer_demographics.cd_marital_status,=,1.0,date_dim.d_year,=,2001.0#-2095070267
catalog_sales,warehouse,date_dim,inventory,customer_demographics#inventory.inv_warehouse_sk=warehouse.w_warehouse_sk,catalog_sales.cs_ship_date_sk=date_dim.d_date_sk,catalog_sales.cs_item_sk=inventory.inv_item_sk,catalog_sales.cs_sold_date_sk=date_dim.d_date_sk,catalog_sales.cs_bill_cdemo_sk=customer_demographics.cd_demo_sk#customer_demographics.cd_marital_status,=,1.0,date_dim.d_year,=,2001.0#1613399892
catalog_sales,date_dim,inventory,customer_demographics#date_dim.d_week_seq=date_dim.d_week_seq,catalog_sales.cs_ship_date_sk=date_dim.d_date_sk,catalog_sales.cs_item_sk=inventory.inv_item_sk,catalog_sales.cs_sold_date_sk=date_dim.d_date_sk,catalog_sales.cs_bill_cdemo_sk=customer_demographics.cd_demo_sk#customer_demographics.cd_marital_status,=,1.0,date_dim.d_year,=,2001.0#1485813689
catalog_sales,warehouse,date_dim,inventory,customer_demographics#inventory.inv_warehouse_sk=warehouse.w_warehouse_sk,date_dim.d_week_seq=date_dim.d_week_seq,catalog_sales.cs_ship_date_sk=date_dim.d_date_sk,inventory.inv_item_sk=catalog_sales.cs_item_sk,catalog_sales.cs_sold_date_sk=date_dim.d_date_sk,catalog_sales.cs_bill_cdemo_sk=customer_demographics.cd_demo_sk#customer_demographics.cd_marital_status,=,1.0,date_dim.d_year,=,2001.0#571924708
catalog_sales,item,date_dim,customer_demographics#date_dim.d_week_seq=date_dim.d_week_seq,catalog_sales.cs_ship_date_sk=date_dim.d_date_sk,catalog_sales.cs_sold_date_sk=date_dim.d_date_sk,catalog_sales.cs_bill_cdemo_sk=customer_demographics.cd_demo_sk,catalog_sales.cs_item_sk=item.i_item_sk#customer_demographics.cd_marital_status,=,1.0,date_dim.d_year,=,2001.0#-1877798074
catalog_sales,item,warehouse,date_dim,inventory,customer_demographics#inventory.inv_warehouse_sk=warehouse.w_warehouse_sk,catalog_sales.cs_ship_date_sk=date_dim.d_date_sk,catalog_sales.cs_item_sk=inventory.inv_item_sk,catalog_sales.cs_sold_date_sk=date_dim.d_date_sk,catalog_sales.cs_bill_cdemo_sk=customer_demographics.cd_demo_sk,catalog_sales.cs_item_sk=item.i_item_sk#customer_demographics.cd_marital_status,=,1.0,date_dim.d_year,=,2001.0#1249533873
catalog_sales,item,date_dim,inventory,customer_demographics#catalog_sales.cs_ship_date_sk=date_dim.d_date_sk,inventory.inv_item_sk=item.i_item_sk,inventory.inv_item_sk=catalog_sales.cs_item_sk,inventory.inv_date_sk=date_dim.d_date_sk,catalog_sales.cs_sold_date_sk=date_dim.d_date_sk,catalog_sales.cs_bill_cdemo_sk=customer_demographics.cd_demo_sk#customer_demographics.cd_marital_status,=,1.0,date_dim.d_year,=,2001.0#1283684668
catalog_sales,item,warehouse,date_dim,inventory,customer_demographics#inventory.inv_warehouse_sk=warehouse.w_warehouse_sk,inventory.inv_date_sk=date_dim.d_date_sk,inventory.inv_item_sk=item.i_item_sk,catalog_sales.cs_ship_date_sk=date_dim.d_date_sk,catalog_sales.cs_item_sk=inventory.inv_item_sk,catalog_sales.cs_sold_date_sk=date_dim.d_date_sk,catalog_sales.cs_bill_cdemo_sk=customer_demographics.cd_demo_sk#customer_demographics.cd_marital_status,=,1.0,date_dim.d_year,=,2001.0#-860665757
catalog_sales,date_dim,household_demographics#catalog_sales.cs_sold_date_sk=date_dim.d_date_sk,catalog_sales.cs_ship_date_sk=date_dim.d_date_sk,date_dim.d_week_seq=date_dim.d_week_seq,catalog_sales.cs_bill_hdemo_sk=household_demographics.hd_demo_sk#household_demographics.hd_buy_potential,=,1.0,date_dim.d_year,=,2001.0#-1808052839
catalog_sales,warehouse,date_dim,inventory,household_demographics#inventory.inv_warehouse_sk=warehouse.w_warehouse_sk,catalog_sales.cs_ship_date_sk=date_dim.d_date_sk,catalog_sales.cs_item_sk=inventory.inv_item_sk,catalog_sales.cs_sold_date_sk=date_dim.d_date_sk,household_demographics.hd_demo_sk=catalog_sales.cs_bill_hdemo_sk#household_demographics.hd_buy_potential,=,1.0,date_dim.d_year,=,2001.0#-246849980
catalog_sales,date_dim,inventory,household_demographics#inventory.inv_date_sk=date_dim.d_date_sk,date_dim.d_week_seq=date_dim.d_week_seq,catalog_sales.cs_ship_date_sk=date_dim.d_date_sk,catalog_sales.cs_item_sk=inventory.inv_item_sk,catalog_sales.cs_bill_hdemo_sk=household_demographics.hd_demo_sk#household_demographics.hd_buy_potential,=,1.0,date_dim.d_year,=,2001.0#-112286071
catalog_sales,warehouse,date_dim,inventory,household_demographics#inventory.inv_warehouse_sk=warehouse.w_warehouse_sk,inventory.inv_date_sk=date_dim.d_date_sk,date_dim.d_week_seq=date_dim.d_week_seq,catalog_sales.cs_ship_date_sk=date_dim.d_date_sk,catalog_sales.cs_item_sk=inventory.inv_item_sk,catalog_sales.cs_bill_hdemo_sk=household_demographics.hd_demo_sk#household_demographics.hd_buy_potential,=,1.0,date_dim.d_year,=,2001.0#2063002880
catalog_sales,item,date_dim,household_demographics#catalog_sales.cs_ship_date_sk=date_dim.d_date_sk,date_dim.d_week_seq=date_dim.d_week_seq,catalog_sales.cs_bill_hdemo_sk=household_demographics.hd_demo_sk,catalog_sales.cs_sold_date_sk=date_dim.d_date_sk,catalog_sales.cs_item_sk=item.i_item_sk#household_demographics.hd_buy_potential,=,1.0,date_dim.d_year,=,2001.0#1631575734
catalog_sales,item,warehouse,date_dim,inventory,household_demographics#inventory.inv_warehouse_sk=warehouse.w_warehouse_sk,catalog_sales.cs_ship_date_sk=date_dim.d_date_sk,catalog_sales.cs_item_sk=inventory.inv_item_sk,catalog_sales.cs_sold_date_sk=date_dim.d_date_sk,household_demographics.hd_demo_sk=catalog_sales.cs_bill_hdemo_sk,catalog_sales.cs_item_sk=item.i_item_sk#household_demographics.hd_buy_potential,=,1.0,date_dim.d_year,=,2001.0#-2034437161
catalog_sales,item,date_dim,inventory,household_demographics#inventory.inv_date_sk=date_dim.d_date_sk,date_dim.d_week_seq=date_dim.d_week_seq,catalog_sales.cs_bill_hdemo_sk=household_demographics.hd_demo_sk,catalog_sales.cs_item_sk=inventory.inv_item_sk,date_dim.d_date_sk=catalog_sales.cs_ship_date_sk,catalog_sales.cs_item_sk=item.i_item_sk#household_demographics.hd_buy_potential,=,1.0,date_dim.d_year,=,2001.0#-505963572
catalog_sales,item,warehouse,date_dim,inventory,household_demographics#inventory.inv_warehouse_sk=warehouse.w_warehouse_sk,inventory.inv_date_sk=date_dim.d_date_sk,date_dim.d_week_seq=date_dim.d_week_seq,catalog_sales.cs_bill_hdemo_sk=household_demographics.hd_demo_sk,catalog_sales.cs_item_sk=inventory.inv_item_sk,date_dim.d_date_sk=catalog_sales.cs_ship_date_sk,catalog_sales.cs_item_sk=item.i_item_sk#household_demographics.hd_buy_potential,=,1.0,date_dim.d_year,=,2001.0#-763552317
catalog_sales,date_dim,customer_demographics,household_demographics#catalog_sales.cs_ship_date_sk=date_dim.d_date_sk,date_dim.d_week_seq=date_dim.d_week_seq,catalog_sales.cs_sold_date_sk=date_dim.d_date_sk,catalog_sales.cs_bill_cdemo_sk=customer_demographics.cd_demo_sk,catalog_sales.cs_bill_hdemo_sk=household_demographics.hd_demo_sk#household_demographics.hd_buy_potential,=,1.0,customer_demographics.cd_marital_status,=,1.0,date_dim.d_year,=,2001.0#-548559872
catalog_sales,warehouse,date_dim,inventory,customer_demographics,household_demographics#inventory.inv_warehouse_sk=warehouse.w_warehouse_sk,catalog_sales.cs_ship_date_sk=date_dim.d_date_sk,catalog_sales.cs_item_sk=inventory.inv_item_sk,catalog_sales.cs_sold_date_sk=date_dim.d_date_sk,household_demographics.hd_demo_sk=catalog_sales.cs_bill_hdemo_sk,catalog_sales.cs_bill_cdemo_sk=customer_demographics.cd_demo_sk#household_demographics.hd_buy_potential,=,1.0,customer_demographics.cd_marital_status,=,1.0,date_dim.d_year,=,2001.0#996480823
catalog_sales,date_dim,inventory,customer_demographics,household_demographics#date_dim.d_week_seq=date_dim.d_week_seq,inventory.inv_item_sk=catalog_sales.cs_item_sk,inventory.inv_date_sk=date_dim.d_date_sk,date_dim.d_date_sk=catalog_sales.cs_ship_date_sk,catalog_sales.cs_bill_cdemo_sk=customer_demographics.cd_demo_sk,catalog_sales.cs_bill_hdemo_sk=household_demographics.hd_demo_sk#household_demographics.hd_buy_potential,=,1.0,customer_demographics.cd_marital_status,=,1.0,date_dim.d_year,=,2001.0#-1887929550
catalog_sales,warehouse,date_dim,inventory,customer_demographics,household_demographics#inventory.inv_warehouse_sk=warehouse.w_warehouse_sk,date_dim.d_week_seq=date_dim.d_week_seq,inventory.inv_item_sk=catalog_sales.cs_item_sk,inventory.inv_date_sk=date_dim.d_date_sk,date_dim.d_date_sk=catalog_sales.cs_ship_date_sk,catalog_sales.cs_bill_cdemo_sk=customer_demographics.cd_demo_sk,catalog_sales.cs_bill_hdemo_sk=household_demographics.hd_demo_sk#household_demographics.hd_buy_potential,=,1.0,customer_demographics.cd_marital_status,=,1.0,date_dim.d_year,=,2001.0#-1180044709
catalog_sales,item,date_dim,customer_demographics,household_demographics#catalog_sales.cs_bill_hdemo_sk=household_demographics.hd_demo_sk,date_dim.d_week_seq=date_dim.d_week_seq,date_dim.d_date_sk=catalog_sales.cs_ship_date_sk,date_dim.d_date_sk=catalog_sales.cs_sold_date_sk,catalog_sales.cs_bill_cdemo_sk=customer_demographics.cd_demo_sk,catalog_sales.cs_item_sk=item.i_item_sk#household_demographics.hd_buy_potential,=,1.0,customer_demographics.cd_marital_status,=,1.0,date_dim.d_year,=,2001.0#-1481689737
catalog_sales,item,warehouse,date_dim,customer_demographics,inventory,household_demographics#inventory.inv_warehouse_sk=warehouse.w_warehouse_sk,catalog_sales.cs_ship_date_sk=date_dim.d_date_sk,catalog_sales.cs_item_sk=inventory.inv_item_sk,catalog_sales.cs_sold_date_sk=date_dim.d_date_sk,household_demographics.hd_demo_sk=catalog_sales.cs_bill_hdemo_sk,catalog_sales.cs_bill_cdemo_sk=customer_demographics.cd_demo_sk,catalog_sales.cs_item_sk=item.i_item_sk#household_demographics.hd_buy_potential,=,1.0,customer_demographics.cd_marital_status,=,1.0,date_dim.d_year,=,2001.0#-245246380
catalog_sales,item,date_dim,inventory,customer_demographics,household_demographics#catalog_sales.cs_ship_date_sk=date_dim.d_date_sk,inventory.inv_item_sk=item.i_item_sk,inventory.inv_item_sk=catalog_sales.cs_item_sk,inventory.inv_date_sk=date_dim.d_date_sk,catalog_sales.cs_sold_date_sk=date_dim.d_date_sk,household_demographics.hd_demo_sk=catalog_sales.cs_bill_hdemo_sk,catalog_sales.cs_bill_cdemo_sk=customer_demographics.cd_demo_sk#household_demographics.hd_buy_potential,=,1.0,customer_demographics.cd_marital_status,=,1.0,date_dim.d_year,=,2001.0#-1656484193
catalog_sales,item,warehouse,date_dim,inventory,customer_demographics,household_demographics#inventory.inv_warehouse_sk=warehouse.w_warehouse_sk,catalog_sales.cs_ship_date_sk=date_dim.d_date_sk,inventory.inv_item_sk=item.i_item_sk,inventory.inv_item_sk=catalog_sales.cs_item_sk,inventory.inv_date_sk=date_dim.d_date_sk,catalog_sales.cs_sold_date_sk=date_dim.d_date_sk,household_demographics.hd_demo_sk=catalog_sales.cs_bill_hdemo_sk,catalog_sales.cs_bill_cdemo_sk=customer_demographics.cd_demo_sk#household_demographics.hd_buy_potential,=,1.0,customer_demographics.cd_marital_status,=,1.0,date_dim.d_year,=,2001.0#-707015672
catalog_sales,item,promotion,warehouse,date_dim,customer_demographics,inventory,household_demographics#inventory.inv_warehouse_sk=warehouse.w_warehouse_sk,catalog_sales.cs_ship_date_sk=date_dim.d_date_sk,inventory.inv_item_sk=catalog_sales.cs_item_sk,household_demographics.hd_demo_sk=catalog_sales.cs_bill_hdemo_sk,catalog_sales.cs_bill_cdemo_sk=customer_demographics.cd_demo_sk,inventory.inv_item_sk=item.i_item_sk,catalog_sales.cs_promo_sk=promotion.p_promo_sk,inventory.inv_date_sk=date_dim.d_date_sk,catalog_sales.cs_sold_date_sk=date_dim.d_date_sk#household_demographics.hd_buy_potential,=,1.0,customer_demographics.cd_marital_status,=,1.0,date_dim.d_year,=,2001.0#270846842
catalog_sales,item,warehouse,date_dim,customer_demographics,catalog_returns,inventory,household_demographics#inventory.inv_warehouse_sk=warehouse.w_warehouse_sk,catalog_sales.cs_ship_date_sk=date_dim.d_date_sk,household_demographics.hd_demo_sk=catalog_sales.cs_bill_hdemo_sk,catalog_sales.cs_item_sk=catalog_returns.cr_item_sk,catalog_sales.cs_bill_cdemo_sk=customer_demographics.cd_demo_sk,inventory.inv_item_sk=item.i_item_sk,inventory.inv_item_sk=catalog_sales.cs_item_sk,inventory.inv_date_sk=date_dim.d_date_sk,catalog_sales.cs_sold_date_sk=date_dim.d_date_sk,catalog_sales.cs_order_number=catalog_returns.cr_order_number#household_demographics.hd_buy_potential,=,1.0,customer_demographics.cd_marital_status,=,1.0,date_dim.d_year,=,2001.0#-1474325088
date_dim,inventory,warehouse#inventory.inv_warehouse_sk=warehouse.w_warehouse_sk,inventory.inv_date_sk=date_dim.d_date_sk##346618339
catalog_sales,date_dim#catalog_sales.cs_sold_date_sk=date_dim.d_date_sk#catalog_sales.cs_promo_sk,!=,0,date_dim.d_year,=,2001.0#897101681
catalog_sales,date_dim,household_demographics#catalog_sales.cs_sold_date_sk=date_dim.d_date_sk,catalog_sales.cs_bill_hdemo_sk=household_demographics.hd_demo_sk#catalog_sales.cs_promo_sk,!=,0,household_demographics.hd_buy_potential,=,1.0,date_dim.d_year,=,2001.0#-12377524
catalog_sales,date_dim,household_demographics#catalog_sales.cs_ship_date_sk=date_dim.d_date_sk,catalog_sales.cs_sold_date_sk=date_dim.d_date_sk,date_dim.d_date=date_dim.d_date,catalog_sales.cs_bill_hdemo_sk=household_demographics.hd_demo_sk#catalog_sales.cs_promo_sk,!=,0,household_demographics.hd_buy_potential,=,1.0,date_dim.d_year,=,2001.0#-1377817500
item,warehouse,date_dim,inventory#inventory.inv_warehouse_sk=warehouse.w_warehouse_sk,inventory.inv_date_sk=date_dim.d_date_sk,inventory.inv_item_sk=item.i_item_sk##2061048029
catalog_sales,date_dim,customer_demographics,household_demographics#catalog_sales.cs_ship_date_sk=date_dim.d_date_sk,catalog_sales.cs_sold_date_sk=date_dim.d_date_sk,date_dim.d_date=date_dim.d_date,catalog_sales.cs_bill_cdemo_sk=customer_demographics.cd_demo_sk,catalog_sales.cs_bill_hdemo_sk=household_demographics.hd_demo_sk#catalog_sales.cs_promo_sk,!=,0,household_demographics.hd_buy_potential,=,1.0,customer_demographics.cd_marital_status,=,1.0,date_dim.d_year,=,2001.0#-483613613
catalog_sales,item,warehouse,date_dim,customer_demographics,inventory,household_demographics#inventory.inv_warehouse_sk=warehouse.w_warehouse_sk,catalog_sales.cs_ship_date_sk=date_dim.d_date_sk,catalog_sales.cs_bill_hdemo_sk=household_demographics.hd_demo_sk,catalog_sales.cs_item_sk=inventory.inv_item_sk,catalog_sales.cs_bill_cdemo_sk=customer_demographics.cd_demo_sk,date_dim.d_week_seq=date_dim.d_week_seq,inventory.inv_item_sk=item.i_item_sk,inventory.inv_date_sk=date_dim.d_date_sk,catalog_sales.cs_sold_date_sk=date_dim.d_date_sk,date_dim.d_date=date_dim.d_date,catalog_sales.cs_quantity=inventory.inv_quantity_on_hand#catalog_sales.cs_promo_sk,!=,0,household_demographics.hd_buy_potential,=,1.0,customer_demographics.cd_marital_status,=,1.0,date_dim.d_year,=,2001.0#295668447
store_sales,household_demographics#store_sales.ss_hdemo_sk=household_demographics.hd_demo_sk#household_demographics.hd_dep_count,=,0.0,household_demographics.hd_dep_count,=,3.0,household_demographics.hd_vehicle_count,<=,5.0,household_demographics.hd_vehicle_count,<=,1.0,household_demographics.hd_vehicle_count,<=,2.0,household_demographics.hd_dep_count,=,-1.0#-696363264
store_sales,time_dim#store_sales.ss_sold_time_sk=time_dim.t_time_sk#time_dim.t_minute,>=,30.0,time_dim.t_hour,=,8.0#-18766312
store_sales,time_dim,household_demographics#store_sales.ss_sold_time_sk=time_dim.t_time_sk,store_sales.ss_hdemo_sk=household_demographics.hd_demo_sk#household_demographics.hd_vehicle_count,<=,5.0,household_demographics.hd_vehicle_count,<=,1.0,household_demographics.hd_vehicle_count,<=,2.0,time_dim.t_minute,>=,30.0,household_demographics.hd_dep_count,=,0.0,household_demographics.hd_dep_count,=,3.0,household_demographics.hd_dep_count,=,-1.0,time_dim.t_hour,=,8.0#105436858
store,store_sales,household_demographics#store_sales.ss_hdemo_sk=household_demographics.hd_demo_sk,store_sales.ss_store_sk=store.s_store_sk#household_demographics.hd_dep_count,=,0.0,household_demographics.hd_dep_count,=,3.0,household_demographics.hd_vehicle_count,<=,5.0,store.s_store_name,=,1.0,household_demographics.hd_vehicle_count,<=,1.0,household_demographics.hd_vehicle_count,<=,2.0,household_demographics.hd_dep_count,=,-1.0#1768087351
store,store_sales,time_dim#store_sales.ss_sold_time_sk=time_dim.t_time_sk,store_sales.ss_store_sk=store.s_store_sk#time_dim.t_minute,>=,30.0,store.s_store_name,=,1.0,time_dim.t_hour,=,8.0#-657278065
store_sales,time_dim#store_sales.ss_sold_time_sk=time_dim.t_time_sk#time_dim.t_minute,<,30.0,time_dim.t_hour,=,9.0#1872516588
store_sales,time_dim,household_demographics#time_dim.t_time_sk=store_sales.ss_sold_time_sk,store_sales.ss_hdemo_sk=household_demographics.hd_demo_sk#household_demographics.hd_dep_count,=,0.0,household_demographics.hd_dep_count,=,3.0,household_demographics.hd_vehicle_count,<=,5.0,household_demographics.hd_vehicle_count,<=,1.0,time_dim.t_hour,=,9.0,time_dim.t_minute,<,30.0,household_demographics.hd_vehicle_count,<=,2.0,household_demographics.hd_dep_count,=,-1.0#1169768740
store,store_sales,time_dim#store_sales.ss_sold_time_sk=time_dim.t_time_sk,store_sales.ss_store_sk=store.s_store_sk#time_dim.t_minute,<,30.0,store.s_store_name,=,1.0,time_dim.t_hour,=,9.0#59543715
store_sales,time_dim#store_sales.ss_sold_time_sk=time_dim.t_time_sk#time_dim.t_minute,>=,30.0,time_dim.t_hour,=,9.0#991923678
store_sales,time_dim,household_demographics#store_sales.ss_sold_time_sk=time_dim.t_time_sk,store_sales.ss_hdemo_sk=household_demographics.hd_demo_sk#household_demographics.hd_vehicle_count,<=,5.0,household_demographics.hd_vehicle_count,<=,1.0,household_demographics.hd_vehicle_count,<=,2.0,time_dim.t_minute,>=,30.0,household_demographics.hd_dep_count,=,0.0,household_demographics.hd_dep_count,=,3.0,time_dim.t_hour,=,9.0,household_demographics.hd_dep_count,=,-1.0#1116126848
store,store_sales,time_dim#store_sales.ss_sold_time_sk=time_dim.t_time_sk,store_sales.ss_store_sk=store.s_store_sk#time_dim.t_minute,>=,30.0,store.s_store_name,=,1.0,time_dim.t_hour,=,9.0#353411925
store_sales,time_dim#store_sales.ss_sold_time_sk=time_dim.t_time_sk#time_dim.t_minute,<,30.0,time_dim.t_hour,=,10.0#2092958030
store_sales,time_dim,household_demographics#store_sales.ss_sold_time_sk=time_dim.t_time_sk,store_sales.ss_hdemo_sk=household_demographics.hd_demo_sk#household_demographics.hd_vehicle_count,<=,5.0,household_demographics.hd_vehicle_count,<=,1.0,household_demographics.hd_vehicle_count,<=,2.0,household_demographics.hd_dep_count,=,0.0,time_dim.t_hour,=,10.0,household_demographics.hd_dep_count,=,3.0,time_dim.t_minute,<,30.0,household_demographics.hd_dep_count,=,-1.0#-1784581268
store,store_sales,time_dim#store_sales.ss_sold_time_sk=time_dim.t_time_sk,store_sales.ss_store_sk=store.s_store_sk#time_dim.t_minute,<,30.0,time_dim.t_hour,=,10.0,store.s_store_name,=,1.0#1725373815
store_sales,time_dim#store_sales.ss_sold_time_sk=time_dim.t_time_sk#time_dim.t_minute,>=,30.0,time_dim.t_hour,=,10.0#703597411
store_sales,time_dim,household_demographics#store_sales.ss_sold_time_sk=time_dim.t_time_sk,store_sales.ss_hdemo_sk=household_demographics.hd_demo_sk#household_demographics.hd_vehicle_count,<=,5.0,household_demographics.hd_vehicle_count,<=,1.0,household_demographics.hd_vehicle_count,<=,2.0,time_dim.t_minute,>=,30.0,household_demographics.hd_dep_count,=,0.0,time_dim.t_hour,=,10.0,household_demographics.hd_dep_count,=,3.0,household_demographics.hd_dep_count,=,-1.0#258928385
store,store_sales,time_dim#store_sales.ss_sold_time_sk=time_dim.t_time_sk,store_sales.ss_store_sk=store.s_store_sk#time_dim.t_minute,>=,30.0,time_dim.t_hour,=,10.0,store.s_store_name,=,1.0#-1910397748
store_sales,time_dim#store_sales.ss_sold_time_sk=time_dim.t_time_sk#time_dim.t_minute,<,30.0,time_dim.t_hour,=,11.0#-1079626516
store_sales,time_dim,household_demographics#time_dim.t_time_sk=store_sales.ss_sold_time_sk,store_sales.ss_hdemo_sk=household_demographics.hd_demo_sk#household_demographics.hd_dep_count,=,0.0,household_demographics.hd_dep_count,=,3.0,household_demographics.hd_vehicle_count,<=,5.0,household_demographics.hd_vehicle_count,<=,1.0,time_dim.t_minute,<,30.0,household_demographics.hd_vehicle_count,<=,2.0,time_dim.t_hour,=,11.0,household_demographics.hd_dep_count,=,-1.0#-1789838512
store,store_sales,time_dim#time_dim.t_time_sk=store_sales.ss_sold_time_sk,store_sales.ss_store_sk=store.s_store_sk#time_dim.t_minute,<,30.0,store.s_store_name,=,1.0,time_dim.t_hour,=,11.0#-88097371
store_sales,time_dim#store_sales.ss_sold_time_sk=time_dim.t_time_sk#time_dim.t_minute,>=,30.0,time_dim.t_hour,=,11.0#-2138746393
store_sales,time_dim,household_demographics#store_sales.ss_sold_time_sk=time_dim.t_time_sk,store_sales.ss_hdemo_sk=household_demographics.hd_demo_sk#household_demographics.hd_vehicle_count,<=,5.0,household_demographics.hd_vehicle_count,<=,1.0,household_demographics.hd_vehicle_count,<=,2.0,time_dim.t_hour,=,11.0,time_dim.t_minute,>=,30.0,household_demographics.hd_dep_count,=,0.0,household_demographics.hd_dep_count,=,3.0,household_demographics.hd_dep_count,=,-1.0#1711551877
store,store_sales,time_dim#store_sales.ss_sold_time_sk=time_dim.t_time_sk,store_sales.ss_store_sk=store.s_store_sk#time_dim.t_minute,>=,30.0,store.s_store_name,=,1.0,time_dim.t_hour,=,11.0#-457774256
store_sales,time_dim#store_sales.ss_sold_time_sk=time_dim.t_time_sk#time_dim.t_minute,<,30.0,time_dim.t_hour,=,12.0#716592174
store_sales,time_dim,household_demographics#time_dim.t_time_sk=store_sales.ss_sold_time_sk,store_sales.ss_hdemo_sk=household_demographics.hd_demo_sk#household_demographics.hd_dep_count,=,0.0,household_demographics.hd_dep_count,=,3.0,household_demographics.hd_vehicle_count,<=,5.0,time_dim.t_hour,=,12.0,household_demographics.hd_vehicle_count,<=,1.0,time_dim.t_minute,<,30.0,household_demographics.hd_vehicle_count,<=,2.0,household_demographics.hd_dep_count,=,-1.0#-294217394
store,store_sales,time_dim#time_dim.t_time_sk=store_sales.ss_sold_time_sk,store_sales.ss_store_sk=store.s_store_sk#time_dim.t_minute,<,30.0,time_dim.t_hour,=,12.0,store.s_store_name,=,1.0#-859040733
store,store_sales,household_demographics#store_sales.ss_hdemo_sk=household_demographics.hd_demo_sk,store_sales.ss_store_sk=store.s_store_sk#household_demographics.hd_dep_count,=,0.0,household_demographics.hd_dep_count,=,3.0,household_demographics.hd_vehicle_count,<=,5.0,store.s_store_name,=,1.0,household_demographics.hd_vehicle_count,<=,1.0,household_demographics.hd_vehicle_count,<=,2.0,household_demographics.hd_dep_count,=,-1.0#-2125994730
store,store_sales,time_dim,household_demographics#store_sales.ss_sold_time_sk=time_dim.t_time_sk,store_sales.ss_hdemo_sk=household_demographics.hd_demo_sk,store_sales.ss_store_sk=store.s_store_sk#household_demographics.hd_vehicle_count,<=,5.0,store.s_store_name,=,1.0,household_demographics.hd_vehicle_count,<=,1.0,household_demographics.hd_vehicle_count,<=,2.0,time_dim.t_minute,>=,30.0,household_demographics.hd_dep_count,=,0.0,household_demographics.hd_dep_count,=,3.0,household_demographics.hd_dep_count,=,-1.0,time_dim.t_hour,=,8.0#603143590
store,store_sales,time_dim,household_demographics#store_sales.ss_sold_time_sk=time_dim.t_time_sk,store_sales.ss_hdemo_sk=household_demographics.hd_demo_sk,store_sales.ss_store_sk=store.s_store_sk#household_demographics.hd_vehicle_count,<=,5.0,store.s_store_name,=,1.0,household_demographics.hd_vehicle_count,<=,1.0,household_demographics.hd_vehicle_count,<=,2.0,household_demographics.hd_dep_count,=,0.0,household_demographics.hd_dep_count,=,3.0,time_dim.t_hour,=,9.0,time_dim.t_minute,<,30.0,household_demographics.hd_dep_count,=,-1.0#-916312070
store,store_sales,time_dim,household_demographics#store_sales.ss_sold_time_sk=time_dim.t_time_sk,store_sales.ss_hdemo_sk=household_demographics.hd_demo_sk,store_sales.ss_store_sk=store.s_store_sk#household_demographics.hd_vehicle_count,<=,5.0,store.s_store_name,=,1.0,household_demographics.hd_vehicle_count,<=,1.0,household_demographics.hd_vehicle_count,<=,2.0,time_dim.t_minute,>=,30.0,household_demographics.hd_dep_count,=,0.0,household_demographics.hd_dep_count,=,3.0,time_dim.t_hour,=,9.0,household_demographics.hd_dep_count,=,-1.0#1613833580
store,store_sales,time_dim,household_demographics#store_sales.ss_sold_time_sk=time_dim.t_time_sk,store_sales.ss_hdemo_sk=household_demographics.hd_demo_sk,store_sales.ss_store_sk=store.s_store_sk#household_demographics.hd_vehicle_count,<=,5.0,store.s_store_name,=,1.0,household_demographics.hd_vehicle_count,<=,1.0,household_demographics.hd_vehicle_count,<=,2.0,household_demographics.hd_dep_count,=,0.0,time_dim.t_hour,=,10.0,household_demographics.hd_dep_count,=,3.0,time_dim.t_minute,<,30.0,household_demographics.hd_dep_count,=,-1.0#1538615552
store,store_sales,time_dim,household_demographics#store_sales.ss_sold_time_sk=time_dim.t_time_sk,store_sales.ss_hdemo_sk=household_demographics.hd_demo_sk,store_sales.ss_store_sk=store.s_store_sk#household_demographics.hd_vehicle_count,<=,5.0,store.s_store_name,=,1.0,household_demographics.hd_vehicle_count,<=,1.0,household_demographics.hd_vehicle_count,<=,2.0,time_dim.t_minute,>=,30.0,household_demographics.hd_dep_count,=,0.0,time_dim.t_hour,=,10.0,household_demographics.hd_dep_count,=,3.0,household_demographics.hd_dep_count,=,-1.0#-1492032107
store,store_sales,time_dim,household_demographics#store_sales.ss_sold_time_sk=time_dim.t_time_sk,store_sales.ss_hdemo_sk=household_demographics.hd_demo_sk,store_sales.ss_store_sk=store.s_store_sk#household_demographics.hd_vehicle_count,<=,5.0,store.s_store_name,=,1.0,household_demographics.hd_vehicle_count,<=,1.0,household_demographics.hd_vehicle_count,<=,2.0,time_dim.t_hour,=,11.0,household_demographics.hd_dep_count,=,0.0,household_demographics.hd_dep_count,=,3.0,time_dim.t_minute,<,30.0,household_demographics.hd_dep_count,=,-1.0#-1633968994
store,store_sales,time_dim,household_demographics#store_sales.ss_sold_time_sk=time_dim.t_time_sk,store_sales.ss_hdemo_sk=household_demographics.hd_demo_sk,store_sales.ss_store_sk=store.s_store_sk#household_demographics.hd_vehicle_count,<=,5.0,store.s_store_name,=,1.0,household_demographics.hd_vehicle_count,<=,1.0,household_demographics.hd_vehicle_count,<=,2.0,time_dim.t_hour,=,11.0,time_dim.t_minute,>=,30.0,household_demographics.hd_dep_count,=,0.0,household_demographics.hd_dep_count,=,3.0,household_demographics.hd_dep_count,=,-1.0#-39408615
store,store_sales,time_dim,household_demographics#store_sales.ss_sold_time_sk=time_dim.t_time_sk,store_sales.ss_hdemo_sk=household_demographics.hd_demo_sk,store_sales.ss_store_sk=store.s_store_sk#time_dim.t_hour,=,12.0,household_demographics.hd_vehicle_count,<=,5.0,store.s_store_name,=,1.0,household_demographics.hd_vehicle_count,<=,1.0,household_demographics.hd_vehicle_count,<=,2.0,household_demographics.hd_dep_count,=,0.0,household_demographics.hd_dep_count,=,3.0,time_dim.t_minute,<,30.0,household_demographics.hd_dep_count,=,-1.0#162249696
catalog_sales,date_dim#catalog_sales.cs_sold_date_sk=date_dim.d_date_sk#date_dim.d_month_seq,>=,1176.0,date_dim.d_month_seq,<=,1187.0#-1003989933
store,store_sales#store_sales.ss_store_sk=store.s_store_sk#store_sales.ss_sales_price,<=,100.0,store_sales.ss_net_profit,<=,250.0,store_sales.ss_net_profit,<=,200.0,store_sales.ss_sales_price,>=,50.0,store_sales.ss_sales_price,<=,200.0,store_sales.ss_net_profit,>=,50.0,store_sales.ss_sales_price,>=,150.0,store_sales.ss_sales_price,<=,150.0,store_sales.ss_sales_price,>=,100.0,store_sales.ss_net_profit,>=,150.0,store_sales.ss_net_profit,>=,100.0,store_sales.ss_net_profit,<=,300.0#882525887
store_sales,customer_demographics#store_sales.ss_cdemo_sk=customer_demographics.cd_demo_sk#store_sales.ss_sales_price,<=,100.0,store_sales.ss_net_profit,<=,250.0,customer_demographics.cd_marital_status,=,1.0,store_sales.ss_net_profit,<=,200.0,store_sales.ss_sales_price,>=,50.0,store_sales.ss_sales_price,<=,200.0,store_sales.ss_net_profit,>=,50.0,store_sales.ss_sales_price,>=,150.0,store_sales.ss_sales_price,<=,150.0,store_sales.ss_net_profit,>=,100.0,store_sales.ss_net_profit,>=,150.0,customer_demographics.cd_education_status,=,1.0,store_sales.ss_sales_price,>=,100.0,store_sales.ss_net_profit,<=,300.0#-953177151
store,store_sales,customer_demographics#store_sales.ss_cdemo_sk=customer_demographics.cd_demo_sk,store_sales.ss_store_sk=store.s_store_sk#store_sales.ss_sales_price,<=,100.0,store_sales.ss_net_profit,<=,250.0,customer_demographics.cd_marital_status,=,1.0,store_sales.ss_net_profit,<=,200.0,store_sales.ss_sales_price,>=,50.0,store_sales.ss_sales_price,<=,200.0,store_sales.ss_net_profit,>=,50.0,store_sales.ss_sales_price,>=,150.0,store_sales.ss_sales_price,<=,150.0,store_sales.ss_net_profit,>=,100.0,store_sales.ss_net_profit,>=,150.0,customer_demographics.cd_education_status,=,1.0,store_sales.ss_sales_price,>=,100.0,store_sales.ss_net_profit,<=,300.0#1315951052
store_sales,household_demographics#store_sales.ss_hdemo_sk=household_demographics.hd_demo_sk#store_sales.ss_sales_price,<=,100.0,store_sales.ss_net_profit,<=,250.0,household_demographics.hd_dep_count,=,1.0,store_sales.ss_net_profit,<=,200.0,store_sales.ss_sales_price,>=,50.0,store_sales.ss_sales_price,<=,200.0,store_sales.ss_net_profit,>=,50.0,store_sales.ss_sales_price,>=,150.0,store_sales.ss_sales_price,<=,150.0,household_demographics.hd_dep_count,=,3.0,store_sales.ss_net_profit,>=,100.0,store_sales.ss_net_profit,>=,150.0,store_sales.ss_sales_price,>=,100.0,store_sales.ss_net_profit,<=,300.0#1822952729
store,store_sales,household_demographics#store_sales.ss_hdemo_sk=household_demographics.hd_demo_sk,store.s_store_sk=store_sales.ss_store_sk#store_sales.ss_sales_price,<=,100.0,store_sales.ss_net_profit,<=,250.0,household_demographics.hd_dep_count,=,1.0,store_sales.ss_net_profit,<=,200.0,store_sales.ss_sales_price,>=,50.0,store_sales.ss_sales_price,<=,200.0,store_sales.ss_net_profit,>=,50.0,store_sales.ss_sales_price,>=,150.0,store_sales.ss_sales_price,<=,150.0,household_demographics.hd_dep_count,=,3.0,store_sales.ss_net_profit,>=,100.0,store_sales.ss_net_profit,>=,150.0,store_sales.ss_sales_price,>=,100.0,store_sales.ss_net_profit,<=,300.0#-85953880
store_sales,customer_demographics,household_demographics#store_sales.ss_cdemo_sk=customer_demographics.cd_demo_sk,store_sales.ss_hdemo_sk=household_demographics.hd_demo_sk#store_sales.ss_sales_price,<=,100.0,store_sales.ss_net_profit,<=,250.0,customer_demographics.cd_marital_status,=,1.0,store_sales.ss_net_profit,<=,200.0,store_sales.ss_sales_price,>=,50.0,store_sales.ss_sales_price,>=,150.0,store_sales.ss_net_profit,>=,150.0,store_sales.ss_sales_price,>=,100.0,household_demographics.hd_dep_count,=,1.0,store_sales.ss_sales_price,<=,200.0,store_sales.ss_net_profit,>=,50.0,store_sales.ss_sales_price,<=,150.0,household_demographics.hd_dep_count,=,3.0,customer_demographics.cd_education_status,=,1.0,store_sales.ss_net_profit,>=,100.0,store_sales.ss_net_profit,<=,300.0#1603845640
store,store_sales,customer_demographics,household_demographics#store_sales.ss_cdemo_sk=customer_demographics.cd_demo_sk,store_sales.ss_hdemo_sk=household_demographics.hd_demo_sk,store_sales.ss_store_sk=store.s_store_sk#store_sales.ss_sales_price,<=,100.0,store_sales.ss_net_profit,<=,250.0,customer_demographics.cd_marital_status,=,1.0,store_sales.ss_net_profit,<=,200.0,store_sales.ss_sales_price,>=,50.0,store_sales.ss_sales_price,>=,150.0,store_sales.ss_net_profit,>=,150.0,store_sales.ss_sales_price,>=,100.0,household_demographics.hd_dep_count,=,1.0,store_sales.ss_sales_price,<=,200.0,store_sales.ss_net_profit,>=,50.0,store_sales.ss_sales_price,<=,150.0,household_demographics.hd_dep_count,=,3.0,customer_demographics.cd_education_status,=,1.0,store_sales.ss_net_profit,>=,100.0,store_sales.ss_net_profit,<=,300.0#316693633
customer_address,store_sales#store_sales.ss_addr_sk=customer_address.ca_address_sk#store_sales.ss_sales_price,<=,100.0,customer_address.ca_country,=,1.0,store_sales.ss_net_profit,<=,250.0,store_sales.ss_net_profit,<=,200.0,customer_address.ca_state,IN,3.0,store_sales.ss_sales_price,>=,50.0,store_sales.ss_sales_price,<=,200.0,store_sales.ss_net_profit,>=,50.0,store_sales.ss_sales_price,>=,150.0,store_sales.ss_sales_price,<=,150.0,store_sales.ss_net_profit,>=,100.0,store_sales.ss_net_profit,>=,150.0,store_sales.ss_sales_price,>=,100.0,store_sales.ss_net_profit,<=,300.0#709549261
store,customer_address,store_sales#store_sales.ss_addr_sk=customer_address.ca_address_sk,store_sales.ss_store_sk=store.s_store_sk#store_sales.ss_sales_price,<=,100.0,customer_address.ca_country,=,1.0,store_sales.ss_net_profit,<=,250.0,store_sales.ss_net_profit,<=,200.0,customer_address.ca_state,IN,3.0,store_sales.ss_sales_price,>=,50.0,store_sales.ss_sales_price,<=,200.0,store_sales.ss_net_profit,>=,50.0,store_sales.ss_sales_price,>=,150.0,store_sales.ss_sales_price,<=,150.0,store_sales.ss_net_profit,>=,100.0,store_sales.ss_net_profit,>=,150.0,store_sales.ss_sales_price,>=,100.0,store_sales.ss_net_profit,<=,300.0#-505175442
customer_address,store_sales,customer_demographics#store_sales.ss_addr_sk=customer_address.ca_address_sk,store_sales.ss_cdemo_sk=customer_demographics.cd_demo_sk#store_sales.ss_sales_price,<=,100.0,customer_address.ca_country,=,1.0,customer_demographics.cd_marital_status,=,1.0,store_sales.ss_net_profit,<=,250.0,customer_address.ca_state,IN,3.0,store_sales.ss_net_profit,<=,200.0,store_sales.ss_sales_price,>=,50.0,store_sales.ss_sales_price,>=,150.0,store_sales.ss_net_profit,>=,150.0,store_sales.ss_sales_price,>=,100.0,store_sales.ss_sales_price,<=,200.0,store_sales.ss_net_profit,>=,50.0,store_sales.ss_sales_price,<=,150.0,customer_demographics.cd_education_status,=,1.0,store_sales.ss_net_profit,>=,100.0,store_sales.ss_net_profit,<=,300.0#-879928592
store,customer_address,store_sales,customer_demographics#store_sales.ss_addr_sk=customer_address.ca_address_sk,store_sales.ss_cdemo_sk=customer_demographics.cd_demo_sk,store_sales.ss_store_sk=store.s_store_sk#store_sales.ss_sales_price,<=,100.0,customer_address.ca_country,=,1.0,customer_demographics.cd_marital_status,=,1.0,store_sales.ss_net_profit,<=,250.0,customer_address.ca_state,IN,3.0,store_sales.ss_net_profit,<=,200.0,store_sales.ss_sales_price,>=,50.0,store_sales.ss_sales_price,>=,150.0,store_sales.ss_net_profit,>=,150.0,store_sales.ss_sales_price,>=,100.0,store_sales.ss_sales_price,<=,200.0,store_sales.ss_net_profit,>=,50.0,store_sales.ss_sales_price,<=,150.0,customer_demographics.cd_education_status,=,1.0,store_sales.ss_net_profit,>=,100.0,store_sales.ss_net_profit,<=,300.0#956864541
customer_address,store_sales,household_demographics#store_sales.ss_addr_sk=customer_address.ca_address_sk,store_sales.ss_hdemo_sk=household_demographics.hd_demo_sk#store_sales.ss_sales_price,<=,100.0,customer_address.ca_country,=,1.0,store_sales.ss_net_profit,<=,250.0,store_sales.ss_net_profit,<=,200.0,customer_address.ca_state,IN,3.0,store_sales.ss_sales_price,>=,50.0,store_sales.ss_sales_price,>=,150.0,store_sales.ss_net_profit,>=,150.0,store_sales.ss_sales_price,>=,100.0,household_demographics.hd_dep_count,=,1.0,store_sales.ss_sales_price,<=,200.0,store_sales.ss_net_profit,>=,50.0,store_sales.ss_sales_price,<=,150.0,household_demographics.hd_dep_count,=,3.0,store_sales.ss_net_profit,>=,100.0,store_sales.ss_net_profit,<=,300.0#-1730630636
store,customer_address,store_sales,household_demographics#store_sales.ss_addr_sk=customer_address.ca_address_sk,store_sales.ss_hdemo_sk=household_demographics.hd_demo_sk,store_sales.ss_store_sk=store.s_store_sk#store_sales.ss_sales_price,<=,100.0,customer_address.ca_country,=,1.0,store_sales.ss_net_profit,<=,250.0,store_sales.ss_net_profit,<=,200.0,customer_address.ca_state,IN,3.0,store_sales.ss_sales_price,>=,50.0,store_sales.ss_sales_price,>=,150.0,store_sales.ss_net_profit,>=,150.0,store_sales.ss_sales_price,>=,100.0,household_demographics.hd_dep_count,=,1.0,store_sales.ss_sales_price,<=,200.0,store_sales.ss_net_profit,>=,50.0,store_sales.ss_sales_price,<=,150.0,household_demographics.hd_dep_count,=,3.0,store_sales.ss_net_profit,>=,100.0,store_sales.ss_net_profit,<=,300.0#-429617011
customer_address,store_sales,customer_demographics,household_demographics#store_sales.ss_addr_sk=customer_address.ca_address_sk,store_sales.ss_cdemo_sk=customer_demographics.cd_demo_sk,store_sales.ss_hdemo_sk=household_demographics.hd_demo_sk#store_sales.ss_sales_price,<=,100.0,customer_address.ca_country,=,1.0,customer_demographics.cd_marital_status,=,1.0,store_sales.ss_net_profit,<=,250.0,customer_address.ca_state,IN,3.0,store_sales.ss_net_profit,<=,200.0,store_sales.ss_sales_price,>=,50.0,store_sales.ss_sales_price,>=,150.0,store_sales.ss_net_profit,>=,150.0,store_sales.ss_sales_price,>=,100.0,household_demographics.hd_dep_count,=,1.0,store_sales.ss_sales_price,<=,200.0,store_sales.ss_net_profit,>=,50.0,store_sales.ss_sales_price,<=,150.0,household_demographics.hd_dep_count,=,3.0,customer_demographics.cd_education_status,=,1.0,store_sales.ss_net_profit,>=,100.0,store_sales.ss_net_profit,<=,300.0#1166781047
store,customer_address,store_sales,customer_demographics,household_demographics#store_sales.ss_addr_sk=customer_address.ca_address_sk,store_sales.ss_cdemo_sk=customer_demographics.cd_demo_sk,store_sales.ss_hdemo_sk=household_demographics.hd_demo_sk,store.s_store_sk=store_sales.ss_store_sk#store_sales.ss_sales_price,<=,100.0,customer_address.ca_country,=,1.0,customer_demographics.cd_marital_status,=,1.0,store_sales.ss_net_profit,<=,250.0,customer_address.ca_state,IN,3.0,store_sales.ss_net_profit,<=,200.0,store_sales.ss_sales_price,>=,50.0,store_sales.ss_sales_price,>=,150.0,store_sales.ss_net_profit,>=,150.0,store_sales.ss_sales_price,>=,100.0,household_demographics.hd_dep_count,=,1.0,store_sales.ss_sales_price,<=,200.0,store_sales.ss_net_profit,>=,50.0,store_sales.ss_sales_price,<=,150.0,household_demographics.hd_dep_count,=,3.0,customer_demographics.cd_education_status,=,1.0,store_sales.ss_net_profit,>=,100.0,store_sales.ss_net_profit,<=,300.0#1386851594
date_dim,store_sales#store_sales.ss_sold_date_sk=date_dim.d_date_sk#store_sales.ss_sales_price,<=,100.0,store_sales.ss_net_profit,<=,250.0,store_sales.ss_net_profit,<=,200.0,store_sales.ss_sales_price,>=,50.0,store_sales.ss_sales_price,<=,200.0,date_dim.d_year,=,2001.0,store_sales.ss_net_profit,>=,50.0,store_sales.ss_sales_price,>=,150.0,store_sales.ss_sales_price,<=,150.0,store_sales.ss_net_profit,>=,100.0,store_sales.ss_net_profit,>=,150.0,store_sales.ss_sales_price,>=,100.0,store_sales.ss_net_profit,<=,300.0#1661643405
store,date_dim,store_sales#store_sales.ss_sold_date_sk=date_dim.d_date_sk,store_sales.ss_store_sk=store.s_store_sk#store_sales.ss_sales_price,<=,100.0,store_sales.ss_net_profit,<=,250.0,store_sales.ss_net_profit,<=,200.0,store_sales.ss_sales_price,>=,50.0,store_sales.ss_sales_price,<=,200.0,date_dim.d_year,=,2001.0,store_sales.ss_net_profit,>=,50.0,store_sales.ss_sales_price,>=,150.0,store_sales.ss_sales_price,<=,150.0,store_sales.ss_net_profit,>=,100.0,store_sales.ss_net_profit,>=,150.0,store_sales.ss_sales_price,>=,100.0,store_sales.ss_net_profit,<=,300.0#-28934854
date_dim,store_sales,customer_demographics#store_sales.ss_cdemo_sk=customer_demographics.cd_demo_sk,store_sales.ss_sold_date_sk=date_dim.d_date_sk#store_sales.ss_sales_price,<=,100.0,store_sales.ss_net_profit,<=,250.0,customer_demographics.cd_marital_status,=,1.0,store_sales.ss_net_profit,<=,200.0,store_sales.ss_sales_price,>=,50.0,store_sales.ss_sales_price,<=,200.0,date_dim.d_year,=,2001.0,store_sales.ss_net_profit,>=,50.0,store_sales.ss_sales_price,>=,150.0,store_sales.ss_sales_price,<=,150.0,store_sales.ss_net_profit,>=,100.0,store_sales.ss_net_profit,>=,150.0,customer_demographics.cd_education_status,=,1.0,store_sales.ss_sales_price,>=,100.0,store_sales.ss_net_profit,<=,300.0#-758167172
store,store_sales,date_dim,customer_demographics#store_sales.ss_cdemo_sk=customer_demographics.cd_demo_sk,store_sales.ss_sold_date_sk=date_dim.d_date_sk,store_sales.ss_store_sk=store.s_store_sk#store_sales.ss_sales_price,<=,100.0,store_sales.ss_net_profit,<=,250.0,customer_demographics.cd_marital_status,=,1.0,store_sales.ss_net_profit,<=,200.0,store_sales.ss_sales_price,>=,50.0,store_sales.ss_sales_price,<=,200.0,date_dim.d_year,=,2001.0,store_sales.ss_net_profit,>=,50.0,store_sales.ss_sales_price,>=,150.0,store_sales.ss_sales_price,<=,150.0,store_sales.ss_net_profit,>=,100.0,store_sales.ss_net_profit,>=,150.0,customer_demographics.cd_education_status,=,1.0,store_sales.ss_sales_price,>=,100.0,store_sales.ss_net_profit,<=,300.0#-684670713
date_dim,store_sales,household_demographics#store_sales.ss_hdemo_sk=household_demographics.hd_demo_sk,store_sales.ss_sold_date_sk=date_dim.d_date_sk#store_sales.ss_sales_price,<=,100.0,store_sales.ss_net_profit,<=,250.0,household_demographics.hd_dep_count,=,1.0,store_sales.ss_net_profit,<=,200.0,store_sales.ss_sales_price,>=,50.0,store_sales.ss_sales_price,<=,200.0,date_dim.d_year,=,2001.0,store_sales.ss_net_profit,>=,50.0,store_sales.ss_sales_price,>=,150.0,store_sales.ss_sales_price,<=,150.0,household_demographics.hd_dep_count,=,3.0,store_sales.ss_net_profit,>=,100.0,store_sales.ss_net_profit,>=,150.0,store_sales.ss_sales_price,>=,100.0,store_sales.ss_net_profit,<=,300.0#-1579635906
store,store_sales,date_dim,household_demographics#store_sales.ss_sold_date_sk=date_dim.d_date_sk,store_sales.ss_hdemo_sk=household_demographics.hd_demo_sk,store_sales.ss_store_sk=store.s_store_sk#store_sales.ss_sales_price,<=,100.0,store_sales.ss_net_profit,<=,250.0,household_demographics.hd_dep_count,=,1.0,store_sales.ss_net_profit,<=,200.0,store_sales.ss_sales_price,>=,50.0,store_sales.ss_sales_price,<=,200.0,date_dim.d_year,=,2001.0,store_sales.ss_net_profit,>=,50.0,store_sales.ss_sales_price,>=,150.0,store_sales.ss_sales_price,<=,150.0,household_demographics.hd_dep_count,=,3.0,store_sales.ss_net_profit,>=,100.0,store_sales.ss_net_profit,>=,150.0,store_sales.ss_sales_price,>=,100.0,store_sales.ss_net_profit,<=,300.0#1469486675
store_sales,date_dim,customer_demographics,household_demographics#store_sales.ss_cdemo_sk=customer_demographics.cd_demo_sk,store_sales.ss_hdemo_sk=household_demographics.hd_demo_sk,store_sales.ss_sold_date_sk=date_dim.d_date_sk#store_sales.ss_sales_price,<=,100.0,store_sales.ss_net_profit,<=,250.0,customer_demographics.cd_marital_status,=,1.0,store_sales.ss_net_profit,<=,200.0,store_sales.ss_sales_price,>=,50.0,date_dim.d_year,=,2001.0,store_sales.ss_sales_price,>=,150.0,store_sales.ss_net_profit,>=,150.0,store_sales.ss_sales_price,>=,100.0,household_demographics.hd_dep_count,=,1.0,store_sales.ss_sales_price,<=,200.0,store_sales.ss_net_profit,>=,50.0,store_sales.ss_sales_price,<=,150.0,household_demographics.hd_dep_count,=,3.0,customer_demographics.cd_education_status,=,1.0,store_sales.ss_net_profit,>=,100.0,store_sales.ss_net_profit,<=,300.0#757087085
store,store_sales,date_dim,customer_demographics,household_demographics#store_sales.ss_cdemo_sk=customer_demographics.cd_demo_sk,store_sales.ss_sold_date_sk=date_dim.d_date_sk,store_sales.ss_hdemo_sk=household_demographics.hd_demo_sk,store_sales.ss_store_sk=store.s_store_sk#store_sales.ss_sales_price,<=,100.0,store_sales.ss_net_profit,<=,250.0,customer_demographics.cd_marital_status,=,1.0,store_sales.ss_net_profit,<=,200.0,store_sales.ss_sales_price,>=,50.0,date_dim.d_year,=,2001.0,store_sales.ss_sales_price,>=,150.0,store_sales.ss_net_profit,>=,150.0,store_sales.ss_sales_price,>=,100.0,household_demographics.hd_dep_count,=,1.0,store_sales.ss_sales_price,<=,200.0,store_sales.ss_net_profit,>=,50.0,store_sales.ss_sales_price,<=,150.0,household_demographics.hd_dep_count,=,3.0,customer_demographics.cd_education_status,=,1.0,store_sales.ss_net_profit,>=,100.0,store_sales.ss_net_profit,<=,300.0#-1024731162
date_dim,customer_address,store_sales#store_sales.ss_addr_sk=customer_address.ca_address_sk,store_sales.ss_sold_date_sk=date_dim.d_date_sk#store_sales.ss_sales_price,<=,100.0,customer_address.ca_country,=,1.0,store_sales.ss_net_profit,<=,250.0,store_sales.ss_net_profit,<=,200.0,customer_address.ca_state,IN,3.0,store_sales.ss_sales_price,>=,50.0,store_sales.ss_sales_price,<=,200.0,date_dim.d_year,=,2001.0,store_sales.ss_net_profit,>=,50.0,store_sales.ss_sales_price,>=,150.0,store_sales.ss_sales_price,<=,150.0,store_sales.ss_net_profit,>=,100.0,store_sales.ss_net_profit,>=,150.0,store_sales.ss_sales_price,>=,100.0,store_sales.ss_net_profit,<=,300.0#1977908872
store,customer_address,store_sales,date_dim#store_sales.ss_addr_sk=customer_address.ca_address_sk,store_sales.ss_sold_date_sk=date_dim.d_date_sk,store_sales.ss_store_sk=store.s_store_sk#store_sales.ss_sales_price,<=,100.0,customer_address.ca_country,=,1.0,store_sales.ss_net_profit,<=,250.0,store_sales.ss_net_profit,<=,200.0,customer_address.ca_state,IN,3.0,store_sales.ss_sales_price,>=,50.0,store_sales.ss_sales_price,<=,200.0,date_dim.d_year,=,2001.0,store_sales.ss_net_profit,>=,50.0,store_sales.ss_sales_price,>=,150.0,store_sales.ss_sales_price,<=,150.0,store_sales.ss_net_profit,>=,100.0,store_sales.ss_net_profit,>=,150.0,store_sales.ss_sales_price,>=,100.0,store_sales.ss_net_profit,<=,300.0#-1575328983
customer_address,store_sales,date_dim,customer_demographics#store_sales.ss_addr_sk=customer_address.ca_address_sk,store_sales.ss_cdemo_sk=customer_demographics.cd_demo_sk,store_sales.ss_sold_date_sk=date_dim.d_date_sk#store_sales.ss_sales_price,<=,100.0,customer_address.ca_country,=,1.0,customer_demographics.cd_marital_status,=,1.0,store_sales.ss_net_profit,<=,250.0,customer_address.ca_state,IN,3.0,store_sales.ss_net_profit,<=,200.0,store_sales.ss_sales_price,>=,50.0,date_dim.d_year,=,2001.0,store_sales.ss_sales_price,>=,150.0,store_sales.ss_net_profit,>=,150.0,store_sales.ss_sales_price,>=,100.0,store_sales.ss_sales_price,<=,200.0,store_sales.ss_net_profit,>=,50.0,store_sales.ss_sales_price,<=,150.0,customer_demographics.cd_education_status,=,1.0,store_sales.ss_net_profit,>=,100.0,store_sales.ss_net_profit,<=,300.0#2002211563
store,customer_address,store_sales,date_dim,customer_demographics#store_sales.ss_addr_sk=customer_address.ca_address_sk,store_sales.ss_cdemo_sk=customer_demographics.cd_demo_sk,store_sales.ss_sold_date_sk=date_dim.d_date_sk,store_sales.ss_store_sk=store.s_store_sk#store_sales.ss_sales_price,<=,100.0,customer_address.ca_country,=,1.0,customer_demographics.cd_marital_status,=,1.0,store_sales.ss_net_profit,<=,250.0,customer_address.ca_state,IN,3.0,store_sales.ss_net_profit,<=,200.0,store_sales.ss_sales_price,>=,50.0,date_dim.d_year,=,2001.0,store_sales.ss_sales_price,>=,150.0,store_sales.ss_net_profit,>=,150.0,store_sales.ss_sales_price,>=,100.0,store_sales.ss_sales_price,<=,200.0,store_sales.ss_net_profit,>=,50.0,store_sales.ss_sales_price,<=,150.0,customer_demographics.cd_education_status,=,1.0,store_sales.ss_net_profit,>=,100.0,store_sales.ss_net_profit,<=,300.0#-615804392
customer_address,store_sales,date_dim,household_demographics#store_sales.ss_addr_sk=customer_address.ca_address_sk,store_sales.ss_hdemo_sk=household_demographics.hd_demo_sk,store_sales.ss_sold_date_sk=date_dim.d_date_sk#store_sales.ss_sales_price,<=,100.0,customer_address.ca_country,=,1.0,store_sales.ss_net_profit,<=,250.0,store_sales.ss_net_profit,<=,200.0,customer_address.ca_state,IN,3.0,store_sales.ss_sales_price,>=,50.0,date_dim.d_year,=,2001.0,store_sales.ss_sales_price,>=,150.0,store_sales.ss_net_profit,>=,150.0,store_sales.ss_sales_price,>=,100.0,household_demographics.hd_dep_count,=,1.0,store_sales.ss_sales_price,<=,200.0,store_sales.ss_net_profit,>=,50.0,store_sales.ss_sales_price,<=,150.0,household_demographics.hd_dep_count,=,3.0,store_sales.ss_net_profit,>=,100.0,store_sales.ss_net_profit,<=,300.0#858691577
store,customer_address,store_sales,date_dim,household_demographics#store_sales.ss_addr_sk=customer_address.ca_address_sk,store_sales.ss_sold_date_sk=date_dim.d_date_sk,store_sales.ss_hdemo_sk=household_demographics.hd_demo_sk,store_sales.ss_store_sk=store.s_store_sk#store_sales.ss_sales_price,<=,100.0,customer_address.ca_country,=,1.0,store_sales.ss_net_profit,<=,250.0,store_sales.ss_net_profit,<=,200.0,customer_address.ca_state,IN,3.0,store_sales.ss_sales_price,>=,50.0,date_dim.d_year,=,2001.0,store_sales.ss_sales_price,>=,150.0,store_sales.ss_net_profit,>=,150.0,store_sales.ss_sales_price,>=,100.0,household_demographics.hd_dep_count,=,1.0,store_sales.ss_sales_price,<=,200.0,store_sales.ss_net_profit,>=,50.0,store_sales.ss_sales_price,<=,150.0,household_demographics.hd_dep_count,=,3.0,store_sales.ss_net_profit,>=,100.0,store_sales.ss_net_profit,<=,300.0#1975564914
customer_address,store_sales,date_dim,customer_demographics,household_demographics#store_sales.ss_addr_sk=customer_address.ca_address_sk,store_sales.ss_cdemo_sk=customer_demographics.cd_demo_sk,store_sales.ss_hdemo_sk=household_demographics.hd_demo_sk,store_sales.ss_sold_date_sk=date_dim.d_date_sk#store_sales.ss_sales_price,<=,100.0,customer_address.ca_country,=,1.0,customer_demographics.cd_marital_status,=,1.0,store_sales.ss_net_profit,<=,250.0,customer_address.ca_state,IN,3.0,store_sales.ss_net_profit,<=,200.0,store_sales.ss_sales_price,>=,50.0,date_dim.d_year,=,2001.0,store_sales.ss_sales_price,>=,150.0,store_sales.ss_net_profit,>=,150.0,store_sales.ss_sales_price,>=,100.0,household_demographics.hd_dep_count,=,1.0,store_sales.ss_sales_price,<=,200.0,store_sales.ss_net_profit,>=,50.0,store_sales.ss_sales_price,<=,150.0,household_demographics.hd_dep_count,=,3.0,customer_demographics.cd_education_status,=,1.0,store_sales.ss_net_profit,>=,100.0,store_sales.ss_net_profit,<=,300.0#1668563612
store_sales,date_dim,customer_demographics,household_demographics#store_sales.ss_cdemo_sk=customer_demographics.cd_demo_sk,store_sales.ss_hdemo_sk=household_demographics.hd_demo_sk,store_sales.ss_sold_date_sk=date_dim.d_date_sk#store_sales.ss_store_sk,!=,0,store_sales.ss_sales_price,<=,100.0,customer_demographics.cd_marital_status,=,1.0,household_demographics.hd_dep_count,=,1.0,store_sales.ss_sales_price,>=,50.0,store_sales.ss_sales_price,<=,200.0,date_dim.d_year,=,2001.0,store_sales.ss_sales_price,>=,150.0,store_sales.ss_net_profit,>=,50.0,store_sales.ss_sales_price,<=,150.0,household_demographics.hd_dep_count,=,3.0,customer_demographics.cd_education_status,=,1.0,store_sales.ss_sales_price,>=,100.0,store_sales.ss_net_profit,<=,300.0#265327451
date_dim,store_sales#store_sales.ss_sold_date_sk=date_dim.d_date_sk#store_sales.ss_store_sk,!=,0,store_sales.ss_net_profit,>=,50.0,store_sales.ss_sales_price,>=,50.0,store_sales.ss_net_profit,<=,300.0,store_sales.ss_sales_price,<=,200.0,date_dim.d_year,=,2001.0#118940978
date_dim,store_sales,household_demographics#store_sales.ss_hdemo_sk=household_demographics.hd_demo_sk,store_sales.ss_sold_date_sk=date_dim.d_date_sk#store_sales.ss_store_sk,!=,0,household_demographics.hd_dep_count,=,1.0,store_sales.ss_sales_price,>=,50.0,store_sales.ss_sales_price,<=,200.0,date_dim.d_year,=,2001.0,store_sales.ss_net_profit,>=,50.0,household_demographics.hd_dep_count,=,3.0,store_sales.ss_net_profit,<=,300.0#-30926558
customer_address,store_sales,date_dim,customer_demographics,household_demographics#store_sales.ss_addr_sk=customer_address.ca_address_sk,store_sales.ss_cdemo_sk=customer_demographics.cd_demo_sk,store_sales.ss_hdemo_sk=household_demographics.hd_demo_sk,store_sales.ss_sold_date_sk=date_dim.d_date_sk#store_sales.ss_store_sk,!=,0,store_sales.ss_sales_price,<=,100.0,store_sales.ss_net_profit,<=,250.0,customer_address.ca_country,=,1.0,store_sales.ss_net_profit,<=,200.0,customer_address.ca_state,IN,3.0,customer_demographics.cd_marital_status,=,1.0,store_sales.ss_sales_price,>=,50.0,date_dim.d_year,=,2001.0,store_sales.ss_sales_price,>=,150.0,store_sales.ss_net_profit,>=,150.0,customer_address.ca_state,IN,9.0,store_sales.ss_sales_price,>=,100.0,household_demographics.hd_dep_count,=,1.0,store_sales.ss_sales_price,<=,200.0,store_sales.ss_net_profit,>=,50.0,store_sales.ss_sales_price,<=,150.0,household_demographics.hd_dep_count,=,3.0,customer_demographics.cd_education_status,=,1.0,store_sales.ss_net_profit,>=,100.0,store_sales.ss_net_profit,<=,300.0#1008178002
date_dim,store_returns#store_returns.sr_returned_date_sk=date_dim.d_date_sk#date_dim.d_year,=,2002.0#358968617
catalog_sales,customer_demographics#catalog_sales.cs_bill_cdemo_sk=customer_demographics.cd_demo_sk#customer_demographics.cd_marital_status,=,1.0,customer_demographics.cd_education_status,=,1.0,customer_demographics.cd_gender,=,1.0#548944860
catalog_sales,date_dim,customer_demographics#catalog_sales.cs_sold_date_sk=date_dim.d_date_sk,catalog_sales.cs_bill_cdemo_sk=customer_demographics.cd_demo_sk#date_dim.d_year,=,2000.0,customer_demographics.cd_marital_status,=,1.0,customer_demographics.cd_education_status,=,1.0,customer_demographics.cd_gender,=,1.0#-838987894
catalog_sales,item,customer_demographics#catalog_sales.cs_bill_cdemo_sk=customer_demographics.cd_demo_sk,catalog_sales.cs_item_sk=item.i_item_sk#customer_demographics.cd_marital_status,=,1.0,customer_demographics.cd_education_status,=,1.0,customer_demographics.cd_gender,=,1.0#1542243641
catalog_sales,item,date_dim,customer_demographics#catalog_sales.cs_sold_date_sk=date_dim.d_date_sk,catalog_sales.cs_bill_cdemo_sk=customer_demographics.cd_demo_sk,catalog_sales.cs_item_sk=item.i_item_sk#date_dim.d_year,=,2000.0,customer_demographics.cd_marital_status,=,1.0,customer_demographics.cd_education_status,=,1.0,customer_demographics.cd_gender,=,1.0#-1814762521
catalog_sales,promotion#catalog_sales.cs_promo_sk=promotion.p_promo_sk#promotion.p_channel_event,=,1.0,promotion.p_channel_email,=,1.0#-89944375
catalog_sales,customer_demographics,promotion#catalog_sales.cs_promo_sk=promotion.p_promo_sk,catalog_sales.cs_bill_cdemo_sk=customer_demographics.cd_demo_sk#promotion.p_channel_event,=,1.0,customer_demographics.cd_marital_status,=,1.0,customer_demographics.cd_education_status,=,1.0,promotion.p_channel_email,=,1.0,customer_demographics.cd_gender,=,1.0#453737995
catalog_sales,date_dim,promotion#catalog_sales.cs_promo_sk=promotion.p_promo_sk,catalog_sales.cs_sold_date_sk=date_dim.d_date_sk#promotion.p_channel_event,=,1.0,date_dim.d_year,=,2000.0,promotion.p_channel_email,=,1.0#-2014664229
catalog_sales,promotion,date_dim,customer_demographics#catalog_sales.cs_promo_sk=promotion.p_promo_sk,catalog_sales.cs_sold_date_sk=date_dim.d_date_sk,catalog_sales.cs_bill_cdemo_sk=customer_demographics.cd_demo_sk#promotion.p_channel_event,=,1.0,customer_demographics.cd_marital_status,=,1.0,customer_demographics.cd_education_status,=,1.0,promotion.p_channel_email,=,1.0,date_dim.d_year,=,2000.0,customer_demographics.cd_gender,=,1.0#-545574435
catalog_sales,item,promotion#catalog_sales.cs_promo_sk=promotion.p_promo_sk,catalog_sales.cs_item_sk=item.i_item_sk#promotion.p_channel_event,=,1.0,promotion.p_channel_email,=,1.0#-154178714
catalog_sales,item,promotion,customer_demographics#catalog_sales.cs_promo_sk=promotion.p_promo_sk,catalog_sales.cs_bill_cdemo_sk=customer_demographics.cd_demo_sk,catalog_sales.cs_item_sk=item.i_item_sk#promotion.p_channel_event,=,1.0,customer_demographics.cd_marital_status,=,1.0,customer_demographics.cd_education_status,=,1.0,promotion.p_channel_email,=,1.0,customer_demographics.cd_gender,=,1.0#-2099223640
catalog_sales,item,promotion,date_dim#catalog_sales.cs_promo_sk=promotion.p_promo_sk,catalog_sales.cs_sold_date_sk=date_dim.d_date_sk,catalog_sales.cs_item_sk=item.i_item_sk#promotion.p_channel_event,=,1.0,date_dim.d_year,=,2000.0,promotion.p_channel_email,=,1.0#1368582776
catalog_sales,date_dim,customer_demographics#catalog_sales.cs_sold_date_sk=date_dim.d_date_sk,catalog_sales.cs_bill_cdemo_sk=customer_demographics.cd_demo_sk#date_dim.d_year,=,2000.0,customer_demographics.cd_marital_status,=,1.0,customer_demographics.cd_education_status,=,1.0,customer_demographics.cd_gender,=,1.0#479917582
catalog_sales,item,date_dim,customer_demographics#catalog_sales.cs_sold_date_sk=date_dim.d_date_sk,catalog_sales.cs_bill_cdemo_sk=customer_demographics.cd_demo_sk,catalog_sales.cs_item_sk=item.i_item_sk#date_dim.d_year,=,2000.0,customer_demographics.cd_marital_status,=,1.0,customer_demographics.cd_education_status,=,1.0,customer_demographics.cd_gender,=,1.0#1889449369
catalog_sales,item,promotion,date_dim,customer_demographics#catalog_sales.cs_promo_sk=promotion.p_promo_sk,catalog_sales.cs_sold_date_sk=date_dim.d_date_sk,catalog_sales.cs_bill_cdemo_sk=customer_demographics.cd_demo_sk,catalog_sales.cs_item_sk=item.i_item_sk#promotion.p_channel_event,=,1.0,customer_demographics.cd_marital_status,=,1.0,customer_demographics.cd_education_status,=,1.0,promotion.p_channel_email,=,1.0,date_dim.d_year,=,2000.0,customer_demographics.cd_gender,=,1.0#-468524842
date_dim,store_sales#store_sales.ss_sold_date_sk=date_dim.d_date_sk#date_dim.d_dom,>=,1.0,date_dim.d_dom,>=,25.0,date_dim.d_year,IN,3.0,date_dim.d_dom,<=,3.0,date_dim.d_dom,<=,28.0#-1478859592
store,store_sales#store_sales.ss_store_sk=store.s_store_sk#store.s_county,IN,8.0#-1952598353
store,date_dim,store_sales#store_sales.ss_store_sk=store.s_store_sk,store_sales.ss_sold_date_sk=date_dim.d_date_sk#date_dim.d_dom,>=,1.0,store.s_county,IN,8.0,date_dim.d_dom,>=,25.0,date_dim.d_year,IN,3.0,date_dim.d_dom,<=,3.0,date_dim.d_dom,<=,28.0#-1260974751
store_sales,household_demographics#store_sales.ss_hdemo_sk=household_demographics.hd_demo_sk#household_demographics.hd_vehicle_count,>,0.0,household_demographics.hd_dep_count,>,1.044,household_demographics.hd_buy_potential,IN,2.0#-2035819764
date_dim,store_sales,household_demographics#store_sales.ss_hdemo_sk=household_demographics.hd_demo_sk,store_sales.ss_sold_date_sk=date_dim.d_date_sk#date_dim.d_year,IN,3.0,household_demographics.hd_buy_potential,IN,2.0,household_demographics.hd_vehicle_count,>,0.0,date_dim.d_dom,<=,3.0,date_dim.d_dom,>=,25.0,household_demographics.hd_dep_count,>,1.044,date_dim.d_dom,<=,28.0,date_dim.d_dom,>=,1.0#-1916526366
store,store_sales,household_demographics#store_sales.ss_hdemo_sk=household_demographics.hd_demo_sk,store_sales.ss_store_sk=store.s_store_sk#household_demographics.hd_vehicle_count,>,0.0,store.s_county,IN,8.0,household_demographics.hd_dep_count,>,1.044,household_demographics.hd_buy_potential,IN,2.0#-4732681
store,store_sales#store_sales.ss_store_sk=store.s_store_sk#store.s_county,IN,8.0#1068870381
store,date_dim,store_sales#store_sales.ss_store_sk=store.s_store_sk,store_sales.ss_sold_date_sk=date_dim.d_date_sk#date_dim.d_dom,>=,1.0,store.s_county,IN,8.0,date_dim.d_dom,>=,25.0,date_dim.d_year,IN,3.0,date_dim.d_dom,<=,3.0,date_dim.d_dom,<=,28.0#1358130397
store,store_sales,date_dim,household_demographics#store_sales.ss_store_sk=store.s_store_sk,store_sales.ss_hdemo_sk=household_demographics.hd_demo_sk,store_sales.ss_sold_date_sk=date_dim.d_date_sk#date_dim.d_year,IN,3.0,household_demographics.hd_buy_potential,IN,2.0,household_demographics.hd_vehicle_count,>,0.0,date_dim.d_dom,<=,3.0,store.s_county,IN,8.0,date_dim.d_dom,>=,25.0,household_demographics.hd_dep_count,>,1.044,date_dim.d_dom,<=,28.0,date_dim.d_dom,>=,1.0#-1141475289
catalog_sales,warehouse#catalog_sales.cs_warehouse_sk=warehouse.w_warehouse_sk##1194760344
catalog_sales,item#catalog_sales.cs_item_sk=item.i_item_sk#item.i_current_price,<=,1.49,item.i_current_price,>=,0.99#1584961098
catalog_sales,item,warehouse#catalog_sales.cs_warehouse_sk=warehouse.w_warehouse_sk,catalog_sales.cs_item_sk=item.i_item_sk#item.i_current_price,<=,1.49,item.i_current_price,>=,0.99#85766888
catalog_sales,date_dim#catalog_sales.cs_sold_date_sk=date_dim.d_date_sk#date_dim.d_date,>=,957052800.0,date_dim.d_date,<=,962236800.0#1919820151
catalog_sales,date_dim,warehouse#catalog_sales.cs_sold_date_sk=date_dim.d_date_sk,catalog_sales.cs_warehouse_sk=warehouse.w_warehouse_sk#date_dim.d_date,>=,957052800.0,date_dim.d_date,<=,962236800.0#255767741
catalog_sales,date_dim,item#catalog_sales.cs_sold_date_sk=date_dim.d_date_sk,catalog_sales.cs_item_sk=item.i_item_sk#date_dim.d_date,>=,957052800.0,item.i_current_price,<=,1.49,item.i_current_price,>=,0.99,date_dim.d_date,<=,962236800.0#388000297
catalog_sales,item,warehouse,date_dim#catalog_sales.cs_sold_date_sk=date_dim.d_date_sk,catalog_sales.cs_warehouse_sk=warehouse.w_warehouse_sk,catalog_sales.cs_item_sk=item.i_item_sk#date_dim.d_date,>=,957052800.0,item.i_current_price,<=,1.49,item.i_current_price,>=,0.99,date_dim.d_date,<=,962236800.0#1509622023
catalog_sales,warehouse#catalog_sales.cs_warehouse_sk=warehouse.w_warehouse_sk##-399269818
catalog_sales,date_dim,warehouse#catalog_sales.cs_sold_date_sk=date_dim.d_date_sk,catalog_sales.cs_warehouse_sk=warehouse.w_warehouse_sk#date_dim.d_date,>=,957052800.0,date_dim.d_date,<=,962236800.0#-1161803807
catalog_sales,item,warehouse,date_dim#catalog_sales.cs_sold_date_sk=date_dim.d_date_sk,catalog_sales.cs_warehouse_sk=warehouse.w_warehouse_sk,catalog_sales.cs_item_sk=item.i_item_sk#date_dim.d_date,>=,957052800.0,item.i_current_price,<=,1.49,item.i_current_price,>=,0.99,date_dim.d_date,<=,962236800.0#-243100683
catalog_sales,item,warehouse,date_dim,catalog_returns#catalog_returns.cr_item_sk=catalog_sales.cs_item_sk,catalog_sales.cs_warehouse_sk=warehouse.w_warehouse_sk,catalog_returns.cr_order_number=catalog_sales.cs_order_number,catalog_sales.cs_sold_date_sk=date_dim.d_date_sk,catalog_sales.cs_item_sk=item.i_item_sk#date_dim.d_date,>=,957052800.0,item.i_current_price,<=,1.49,item.i_current_price,>=,0.99,date_dim.d_date,<=,962236800.0#-1663143372
catalog_sales,date_dim#catalog_sales.cs_sold_date_sk=date_dim.d_date_sk#date_dim.d_year,=,1999.0#-431923981
catalog_sales,reason,customer#catalog_sales.cs_bill_customer_sk=customer.c_customer_sk#reason.r_reason_desc,=,1.0#1441568310
store_sales,customer,customer_demographics#store_sales.ss_customer_sk=customer.c_customer_sk#customer_demographics.cd_marital_status,=,1.0#1270471144
catalog_sales,reason,customer#catalog_sales.cs_bill_customer_sk=customer.c_customer_sk#reason.r_reason_desc,=,1.0#1307540642
date_dim,web_sales,customer#web_sales.ws_bill_customer_sk=customer.c_customer_sk#date_dim.d_dow,=,1.0#470905578
catalog_sales,reason,customer#catalog_sales.cs_bill_customer_sk=customer.c_customer_sk#reason.r_reason_desc,=,1.0#1242968024
catalog_sales,date_dim#catalog_sales.cs_sold_date_sk=date_dim.d_date_sk#date_dim.d_year,=,1999.0#-412304011
date_dim#date_dim.d_week_seq=date_dim.d_week_seq#date_dim.d_date,=,958608000.0#-1435537323
date_dim#date_dim.d_week_seq=date_dim.d_week_seq,date_dim.d_date=date_dim.d_date#date_dim.d_date,=,958608000.0#-429036819
date_dim,store_sales#date_dim.d_week_seq=date_dim.d_week_seq,date_dim.d_date=date_dim.d_date,store_sales.ss_sold_date_sk=date_dim.d_date_sk#date_dim.d_date,=,958608000.0#-529173692
catalog_sales,date_dim#catalog_sales.cs_sold_date_sk=date_dim.d_date_sk##-2046746685
catalog_sales,date_dim,item#catalog_sales.cs_sold_date_sk=date_dim.d_date_sk,catalog_sales.cs_item_sk=item.i_item_sk##-136434236
catalog_sales,date_dim#catalog_sales.cs_sold_date_sk=date_dim.d_date_sk,date_dim.d_date=date_dim.d_date,date_dim.d_week_seq=date_dim.d_week_seq#date_dim.d_date,=,958608000.0#-1966534324
date_dim,web_sales#web_sales.ws_sold_date_sk=date_dim.d_date_sk##1976159573
date_dim,web_sales,item#web_sales.ws_sold_date_sk=date_dim.d_date_sk,web_sales.ws_item_sk=item.i_item_sk##575257990
date_dim,web_sales#date_dim.d_date=date_dim.d_date,date_dim.d_week_seq=date_dim.d_week_seq,web_sales.ws_sold_date_sk=date_dim.d_date_sk#date_dim.d_date,=,958608000.0#-1823289606
date_dim#date_dim.d_week_seq=date_dim.d_week_seq#date_dim.d_date,=,958608000.0#812592387
date_dim#date_dim.d_week_seq=date_dim.d_week_seq,date_dim.d_date=date_dim.d_date#date_dim.d_date,=,958608000.0#-256894575
date_dim,store_sales#date_dim.d_week_seq=date_dim.d_week_seq,date_dim.d_date=date_dim.d_date,store_sales.ss_sold_date_sk=date_dim.d_date_sk#date_dim.d_date,=,958608000.0#1020065698
catalog_sales,date_dim#catalog_sales.cs_sold_date_sk=date_dim.d_date_sk,date_dim.d_date=date_dim.d_date,date_dim.d_week_seq=date_dim.d_week_seq#date_dim.d_date,=,958608000.0#-1027207766
date_dim,web_sales#date_dim.d_date=date_dim.d_date,date_dim.d_week_seq=date_dim.d_week_seq,web_sales.ws_sold_date_sk=date_dim.d_date_sk#date_dim.d_date,=,958608000.0#629157908
date_dim,item,store_sales#store_sales.ss_item_sk=item.i_item_sk,date_dim.d_date=date_dim.d_date,date_dim.d_week_seq=date_dim.d_week_seq,store_sales.ss_sold_date_sk=date_dim.d_date_sk#date_dim.d_date,=,958608000.0#1594104637
catalog_sales,date_dim,item#catalog_sales.cs_sold_date_sk=date_dim.d_date_sk,date_dim.d_date=date_dim.d_date,date_dim.d_week_seq=date_dim.d_week_seq,catalog_sales.cs_item_sk=item.i_item_sk#date_dim.d_date,=,958608000.0#-138458315
date_dim,web_sales,item#web_sales.ws_sold_date_sk=date_dim.d_date_sk,date_dim.d_date=date_dim.d_date,web_sales.ws_item_sk=item.i_item_sk,date_dim.d_week_seq=date_dim.d_week_seq#date_dim.d_date,=,958608000.0#935835475
date_dim,web_sales,warehouse#web_sales.ws_warehouse_sk=warehouse.w_warehouse_sk,web_sales.ws_sold_date_sk=date_dim.d_date_sk#date_dim.d_year,=,2001.0#-1680355395
web_sales,time_dim#web_sales.ws_sold_time_sk=time_dim.t_time_sk#time_dim.t_time,<=,30608.0,time_dim.t_time,>=,1848.0#503323059
web_sales,time_dim,warehouse#web_sales.ws_sold_time_sk=time_dim.t_time_sk,web_sales.ws_warehouse_sk=warehouse.w_warehouse_sk#time_dim.t_time,<=,30608.0,time_dim.t_time,>=,1848.0#-1696540679
date_dim,web_sales,time_dim#web_sales.ws_sold_time_sk=time_dim.t_time_sk,web_sales.ws_sold_date_sk=date_dim.d_date_sk#time_dim.t_time,<=,30608.0,time_dim.t_time,>=,1848.0,date_dim.d_year,=,2001.0#549512398
web_sales,time_dim,warehouse,date_dim#web_sales.ws_warehouse_sk=warehouse.w_warehouse_sk,web_sales.ws_sold_time_sk=time_dim.t_time_sk,web_sales.ws_sold_date_sk=date_dim.d_date_sk#time_dim.t_time,<=,30608.0,time_dim.t_time,>=,1848.0,date_dim.d_year,=,2001.0#-84701776
web_sales,ship_mode#ship_mode.sm_ship_mode_sk=web_sales.ws_ship_mode_sk#ship_mode.sm_carrier,IN,2.0#-614710842
web_sales,ship_mode,warehouse#web_sales.ws_warehouse_sk=warehouse.w_warehouse_sk,ship_mode.sm_ship_mode_sk=web_sales.ws_ship_mode_sk#ship_mode.sm_carrier,IN,2.0#973921748
date_dim,web_sales,ship_mode#web_sales.ws_sold_date_sk=date_dim.d_date_sk,ship_mode.sm_ship_mode_sk=web_sales.ws_ship_mode_sk#ship_mode.sm_carrier,IN,2.0,date_dim.d_year,=,2001.0#1765011489
web_sales,ship_mode,warehouse,date_dim#web_sales.ws_warehouse_sk=warehouse.w_warehouse_sk,web_sales.ws_sold_date_sk=date_dim.d_date_sk,ship_mode.sm_ship_mode_sk=web_sales.ws_ship_mode_sk#ship_mode.sm_carrier,IN,2.0,date_dim.d_year,=,2001.0#-1270383925
web_sales,ship_mode,time_dim#web_sales.ws_sold_time_sk=time_dim.t_time_sk,ship_mode.sm_ship_mode_sk=web_sales.ws_ship_mode_sk#time_dim.t_time,<=,30608.0,ship_mode.sm_carrier,IN,2.0,time_dim.t_time,>=,1848.0#494767425
web_sales,ship_mode,time_dim,warehouse#web_sales.ws_sold_time_sk=time_dim.t_time_sk,web_sales.ws_warehouse_sk=warehouse.w_warehouse_sk,ship_mode.sm_ship_mode_sk=web_sales.ws_ship_mode_sk#time_dim.t_time,<=,30608.0,ship_mode.sm_carrier,IN,2.0,time_dim.t_time,>=,1848.0#1577867911
web_sales,ship_mode,time_dim,date_dim#web_sales.ws_sold_time_sk=time_dim.t_time_sk,web_sales.ws_sold_date_sk=date_dim.d_date_sk,ship_mode.sm_ship_mode_sk=web_sales.ws_ship_mode_sk#time_dim.t_time,<=,30608.0,ship_mode.sm_carrier,IN,2.0,time_dim.t_time,>=,1848.0,date_dim.d_year,=,2001.0#-880125348
catalog_sales,date_dim,warehouse#catalog_sales.cs_sold_date_sk=date_dim.d_date_sk,catalog_sales.cs_warehouse_sk=warehouse.w_warehouse_sk#date_dim.d_year,=,2001.0#-756026657
catalog_sales,time_dim#catalog_sales.cs_sold_time_sk=time_dim.t_time_sk#time_dim.t_time,<=,30608.0,time_dim.t_time,>=,1848.0#1075022625
catalog_sales,time_dim,warehouse#catalog_sales.cs_sold_time_sk=time_dim.t_time_sk,catalog_sales.cs_warehouse_sk=warehouse.w_warehouse_sk#time_dim.t_time,<=,30608.0,time_dim.t_time,>=,1848.0#-1674361729
catalog_sales,date_dim,time_dim#catalog_sales.cs_sold_date_sk=date_dim.d_date_sk,catalog_sales.cs_sold_time_sk=time_dim.t_time_sk#time_dim.t_time,<=,30608.0,time_dim.t_time,>=,1848.0,date_dim.d_year,=,2001.0#-688032276
catalog_sales,time_dim,warehouse,date_dim#catalog_sales.cs_sold_date_sk=date_dim.d_date_sk,catalog_sales.cs_sold_time_sk=time_dim.t_time_sk,catalog_sales.cs_warehouse_sk=warehouse.w_warehouse_sk#time_dim.t_time,<=,30608.0,time_dim.t_time,>=,1848.0,date_dim.d_year,=,2001.0#-1394532474
catalog_sales,ship_mode#ship_mode.sm_ship_mode_sk=catalog_sales.cs_ship_mode_sk#ship_mode.sm_carrier,IN,2.0#84858990
catalog_sales,ship_mode,warehouse#ship_mode.sm_ship_mode_sk=catalog_sales.cs_ship_mode_sk,catalog_sales.cs_warehouse_sk=warehouse.w_warehouse_sk#ship_mode.sm_carrier,IN,2.0#-884958676
catalog_sales,date_dim,ship_mode#ship_mode.sm_ship_mode_sk=catalog_sales.cs_ship_mode_sk,catalog_sales.cs_sold_date_sk=date_dim.d_date_sk#ship_mode.sm_carrier,IN,2.0,date_dim.d_year,=,2001.0#779622905
catalog_sales,ship_mode,warehouse,date_dim#ship_mode.sm_ship_mode_sk=catalog_sales.cs_ship_mode_sk,catalog_sales.cs_sold_date_sk=date_dim.d_date_sk,catalog_sales.cs_warehouse_sk=warehouse.w_warehouse_sk#ship_mode.sm_carrier,IN,2.0,date_dim.d_year,=,2001.0#-2084354573
catalog_sales,ship_mode,time_dim#ship_mode.sm_ship_mode_sk=catalog_sales.cs_ship_mode_sk,catalog_sales.cs_sold_time_sk=time_dim.t_time_sk#time_dim.t_time,<=,30608.0,ship_mode.sm_carrier,IN,2.0,time_dim.t_time,>=,1848.0#-579721163
catalog_sales,ship_mode,time_dim,warehouse#ship_mode.sm_ship_mode_sk=catalog_sales.cs_ship_mode_sk,catalog_sales.cs_sold_time_sk=time_dim.t_time_sk,catalog_sales.cs_warehouse_sk=warehouse.w_warehouse_sk#time_dim.t_time,<=,30608.0,ship_mode.sm_carrier,IN,2.0,time_dim.t_time,>=,1848.0#-669676781
catalog_sales,ship_mode,time_dim,date_dim#ship_mode.sm_ship_mode_sk=catalog_sales.cs_ship_mode_sk,catalog_sales.cs_sold_date_sk=date_dim.d_date_sk,time_dim.t_time_sk=catalog_sales.cs_sold_time_sk#time_dim.t_time,<=,30608.0,ship_mode.sm_carrier,IN,2.0,date_dim.d_year,=,2001.0,time_dim.t_time,>=,1848.0#1089658746
web_sales,ship_mode#web_sales.ws_ship_mode_sk=ship_mode.sm_ship_mode_sk#ship_mode.sm_carrier,IN,2.0#1836231708
web_sales,ship_mode,warehouse#web_sales.ws_ship_mode_sk=ship_mode.sm_ship_mode_sk,web_sales.ws_warehouse_sk=warehouse.w_warehouse_sk#ship_mode.sm_carrier,IN,2.0#1890643132
catalog_sales,ship_mode#catalog_sales.cs_ship_mode_sk=ship_mode.sm_ship_mode_sk#ship_mode.sm_carrier,IN,2.0#440877276
catalog_sales,ship_mode,warehouse#catalog_sales.cs_ship_mode_sk=ship_mode.sm_ship_mode_sk,catalog_sales.cs_warehouse_sk=warehouse.w_warehouse_sk#ship_mode.sm_carrier,IN,2.0#673308488
web_sales,ship_mode,warehouse,date_dim#web_sales.ws_ship_mode_sk=ship_mode.sm_ship_mode_sk,web_sales.ws_warehouse_sk=warehouse.w_warehouse_sk,web_sales.ws_sold_date_sk=date_dim.d_date_sk#ship_mode.sm_carrier,IN,2.0,date_dim.d_year,=,2001.0#-1263784891
catalog_sales,ship_mode,warehouse,date_dim#catalog_sales.cs_sold_date_sk=date_dim.d_date_sk,catalog_sales.cs_ship_mode_sk=ship_mode.sm_ship_mode_sk,catalog_sales.cs_warehouse_sk=warehouse.w_warehouse_sk#ship_mode.sm_carrier,IN,2.0,date_dim.d_year,=,2001.0#292001725
web_sales,ship_mode,time_dim,warehouse,date_dim#web_sales.ws_warehouse_sk=warehouse.w_warehouse_sk,web_sales.ws_sold_time_sk=time_dim.t_time_sk,web_sales.ws_sold_date_sk=date_dim.d_date_sk,web_sales.ws_ship_mode_sk=ship_mode.sm_ship_mode_sk#time_dim.t_time,<=,30608.0,ship_mode.sm_carrier,IN,2.0,time_dim.t_time,>=,1848.0,date_dim.d_year,=,2001.0#-1956650950
catalog_sales,ship_mode,time_dim,warehouse,date_dim#catalog_sales.cs_sold_date_sk=date_dim.d_date_sk,catalog_sales.cs_ship_mode_sk=ship_mode.sm_ship_mode_sk,catalog_sales.cs_sold_time_sk=time_dim.t_time_sk,catalog_sales.cs_warehouse_sk=warehouse.w_warehouse_sk#time_dim.t_time,<=,30608.0,ship_mode.sm_carrier,IN,2.0,time_dim.t_time,>=,1848.0,date_dim.d_year,=,2001.0#1784774434
date_dim,store_sales#store_sales.ss_sold_date_sk=date_dim.d_date_sk#date_dim.d_dom,<=,2.0,date_dim.d_year,IN,3.0,date_dim.d_dom,>=,1.0#145205955
store,store_sales#store_sales.ss_store_sk=store.s_store_sk#store.s_county,IN,4.0#830861139
store,date_dim,store_sales#store_sales.ss_store_sk=store.s_store_sk,store_sales.ss_sold_date_sk=date_dim.d_date_sk#date_dim.d_dom,<=,2.0,date_dim.d_year,IN,3.0,date_dim.d_dom,>=,1.0,store.s_county,IN,4.0#1221261782
store_sales,household_demographics#store_sales.ss_hdemo_sk=household_demographics.hd_demo_sk#household_demographics.hd_vehicle_count,>,0.0,household_demographics.hd_dep_count,>,1.04,household_demographics.hd_buy_potential,IN,2.0#-343032029
date_dim,store_sales,household_demographics#store_sales.ss_hdemo_sk=household_demographics.hd_demo_sk,store_sales.ss_sold_date_sk=date_dim.d_date_sk#date_dim.d_dom,<=,2.0,household_demographics.hd_buy_potential,IN,2.0,date_dim.d_year,IN,3.0,household_demographics.hd_vehicle_count,>,0.0,household_demographics.hd_dep_count,>,1.04,date_dim.d_dom,>=,1.0#925763298
store,store_sales,household_demographics#store_sales.ss_hdemo_sk=household_demographics.hd_demo_sk,store_sales.ss_store_sk=store.s_store_sk#household_demographics.hd_vehicle_count,>,0.0,household_demographics.hd_dep_count,>,1.04,household_demographics.hd_buy_potential,IN,2.0,store.s_county,IN,4.0#-1021845836
store,store_sales#store_sales.ss_store_sk=store.s_store_sk#store.s_county,IN,4.0#-442637423
store,store_sales,household_demographics#store_sales.ss_hdemo_sk=household_demographics.hd_demo_sk,store_sales.ss_store_sk=store.s_store_sk#household_demographics.hd_vehicle_count,>,0.0,household_demographics.hd_dep_count,>,1.04,household_demographics.hd_buy_potential,IN,2.0,store.s_county,IN,4.0#-604928524
store,store_sales,date_dim,household_demographics#store_sales.ss_store_sk=store.s_store_sk,store_sales.ss_hdemo_sk=household_demographics.hd_demo_sk,store_sales.ss_sold_date_sk=date_dim.d_date_sk#date_dim.d_dom,<=,2.0,household_demographics.hd_buy_potential,IN,2.0,date_dim.d_year,IN,3.0,household_demographics.hd_vehicle_count,>,0.0,household_demographics.hd_dep_count,>,1.04,date_dim.d_dom,>=,1.0,store.s_county,IN,4.0#-262349033
store,date_dim,store_sales#store.s_store_sk=store_sales.ss_store_sk,store_sales.ss_sold_date_sk=date_dim.d_date_sk#date_dim.d_date,>=,967334400.0,date_dim.d_date,<=,969926400.0#-1456559754
item,store_sales#store_sales.ss_item_sk=item.i_item_sk#item.i_current_price,>,50.0#1672507269
date_dim,item,store_sales#store_sales.ss_item_sk=item.i_item_sk,store_sales.ss_sold_date_sk=date_dim.d_date_sk#date_dim.d_date,>=,967334400.0,date_dim.d_date,<=,969926400.0,item.i_current_price,>,50.0#634289724
store,item,store_sales#store_sales.ss_item_sk=item.i_item_sk,store_sales.ss_store_sk=store.s_store_sk#item.i_current_price,>,50.0#-1170558860
store,item,store_sales,date_dim#store_sales.ss_item_sk=item.i_item_sk,store.s_store_sk=store_sales.ss_store_sk,store_sales.ss_sold_date_sk=date_dim.d_date_sk#date_dim.d_date,>=,967334400.0,date_dim.d_date,<=,969926400.0,item.i_current_price,>,50.0#-1035008595
store_sales,promotion#store_sales.ss_promo_sk=promotion.p_promo_sk#promotion.p_channel_tv,=,1.0#-2022083516
date_dim,store_sales,promotion#store_sales.ss_sold_date_sk=date_dim.d_date_sk,store_sales.ss_promo_sk=promotion.p_promo_sk#date_dim.d_date,>=,967334400.0,promotion.p_channel_tv,=,1.0,date_dim.d_date,<=,969926400.0#-376605779
store,store_sales,promotion#store_sales.ss_promo_sk=promotion.p_promo_sk,store_sales.ss_store_sk=store.s_store_sk#promotion.p_channel_tv,=,1.0#2105211837
store,store_sales,promotion,date_dim#store_sales.ss_sold_date_sk=date_dim.d_date_sk,store.s_store_sk=store_sales.ss_store_sk,store_sales.ss_promo_sk=promotion.p_promo_sk#date_dim.d_date,>=,967334400.0,promotion.p_channel_tv,=,1.0,date_dim.d_date,<=,969926400.0#1833453706
item,store_sales,promotion#store_sales.ss_item_sk=item.i_item_sk,store_sales.ss_promo_sk=promotion.p_promo_sk#promotion.p_channel_tv,=,1.0,item.i_current_price,>,50.0#-781392737
item,store_sales,promotion,date_dim#store_sales.ss_sold_date_sk=date_dim.d_date_sk,store_sales.ss_item_sk=item.i_item_sk,store_sales.ss_promo_sk=promotion.p_promo_sk#date_dim.d_date,>=,967334400.0,promotion.p_channel_tv,=,1.0,date_dim.d_date,<=,969926400.0,item.i_current_price,>,50.0#1978500374
store,item,store_sales,promotion#store_sales.ss_item_sk=item.i_item_sk,store_sales.ss_promo_sk=promotion.p_promo_sk,store_sales.ss_store_sk=store.s_store_sk#promotion.p_channel_tv,=,1.0,item.i_current_price,>,50.0#-571617768
store,item,store_sales,promotion,date_dim#store_sales.ss_sold_date_sk=date_dim.d_date_sk,store_sales.ss_item_sk=item.i_item_sk,store_sales.ss_promo_sk=promotion.p_promo_sk,store_sales.ss_store_sk=store.s_store_sk#date_dim.d_date,>=,967334400.0,promotion.p_channel_tv,=,1.0,date_dim.d_date,<=,969926400.0,item.i_current_price,>,50.0#-1519947377
catalog_sales,date_dim#catalog_sales.cs_sold_date_sk=date_dim.d_date_sk#date_dim.d_date,>=,967334400.0,date_dim.d_date,<=,969926400.0#1861826195
catalog_sales,catalog_page#catalog_sales.cs_catalog_page_sk=catalog_page.cp_catalog_page_sk##-1801331735
catalog_sales,date_dim,catalog_page#catalog_sales.cs_catalog_page_sk=catalog_page.cp_catalog_page_sk,catalog_sales.cs_sold_date_sk=date_dim.d_date_sk#date_dim.d_date,>=,967334400.0,date_dim.d_date,<=,969926400.0#-2078900016
catalog_sales,item#catalog_sales.cs_item_sk=item.i_item_sk#item.i_current_price,>,50.0#1400206493
catalog_sales,date_dim,item#catalog_sales.cs_sold_date_sk=date_dim.d_date_sk,item.i_item_sk=catalog_sales.cs_item_sk#date_dim.d_date,>=,967334400.0,date_dim.d_date,<=,969926400.0,item.i_current_price,>,50.0#1810411418
catalog_sales,item,catalog_page#catalog_sales.cs_catalog_page_sk=catalog_page.cp_catalog_page_sk,catalog_sales.cs_item_sk=item.i_item_sk#item.i_current_price,>,50.0#-2067460602
catalog_sales,item,date_dim,catalog_page#catalog_sales.cs_catalog_page_sk=catalog_page.cp_catalog_page_sk,catalog_sales.cs_sold_date_sk=date_dim.d_date_sk,item.i_item_sk=catalog_sales.cs_item_sk#date_dim.d_date,>=,967334400.0,date_dim.d_date,<=,969926400.0,item.i_current_price,>,50.0#-193678167
catalog_sales,promotion#catalog_sales.cs_promo_sk=promotion.p_promo_sk#promotion.p_channel_tv,=,1.0#2043625004
catalog_sales,date_dim,promotion#promotion.p_promo_sk=catalog_sales.cs_promo_sk,catalog_sales.cs_sold_date_sk=date_dim.d_date_sk#date_dim.d_date,>=,967334400.0,date_dim.d_date,<=,969926400.0,promotion.p_channel_tv,=,1.0#-81524385
catalog_sales,catalog_page,promotion#catalog_sales.cs_promo_sk=promotion.p_promo_sk,catalog_sales.cs_catalog_page_sk=catalog_page.cp_catalog_page_sk#promotion.p_channel_tv,=,1.0#-290924413
catalog_sales,promotion,date_dim,catalog_page#promotion.p_promo_sk=catalog_sales.cs_promo_sk,catalog_sales.cs_catalog_page_sk=catalog_page.cp_catalog_page_sk,catalog_sales.cs_sold_date_sk=date_dim.d_date_sk#date_dim.d_date,>=,967334400.0,date_dim.d_date,<=,969926400.0,promotion.p_channel_tv,=,1.0#-985175632
catalog_sales,item,promotion#catalog_sales.cs_promo_sk=promotion.p_promo_sk,catalog_sales.cs_item_sk=item.i_item_sk#promotion.p_channel_tv,=,1.0,item.i_current_price,>,50.0#-64382553
catalog_sales,item,promotion,date_dim#promotion.p_promo_sk=catalog_sales.cs_promo_sk,catalog_sales.cs_sold_date_sk=date_dim.d_date_sk,catalog_sales.cs_item_sk=item.i_item_sk#date_dim.d_date,>=,967334400.0,date_dim.d_date,<=,969926400.0,promotion.p_channel_tv,=,1.0,item.i_current_price,>,50.0#-1019502572
catalog_sales,item,promotion,catalog_page#catalog_sales.cs_promo_sk=promotion.p_promo_sk,catalog_sales.cs_catalog_page_sk=catalog_page.cp_catalog_page_sk,catalog_sales.cs_item_sk=item.i_item_sk#promotion.p_channel_tv,=,1.0,item.i_current_price,>,50.0#1689754472
catalog_sales,item,promotion,date_dim,catalog_page#catalog_sales.cs_promo_sk=promotion.p_promo_sk,catalog_sales.cs_catalog_page_sk=catalog_page.cp_catalog_page_sk,catalog_sales.cs_sold_date_sk=date_dim.d_date_sk,item.i_item_sk=catalog_sales.cs_item_sk#date_dim.d_date,>=,967334400.0,promotion.p_channel_tv,=,1.0,date_dim.d_date,<=,969926400.0,item.i_current_price,>,50.0#-1962285043
date_dim,web_sales,web_site#web_sales.ws_web_site_sk=web_site.web_site_sk,web_sales.ws_sold_date_sk=date_dim.d_date_sk#date_dim.d_date,>=,967334400.0,date_dim.d_date,<=,969926400.0#1985641700
web_sales,item#web_sales.ws_item_sk=item.i_item_sk#item.i_current_price,>,50.0#470328623
date_dim,item,web_sales#item.i_item_sk=web_sales.ws_item_sk,web_sales.ws_sold_date_sk=date_dim.d_date_sk#date_dim.d_date,>=,967334400.0,date_dim.d_date,<=,969926400.0,item.i_current_price,>,50.0#424516216
web_sales,item,web_site#web_sales.ws_web_site_sk=web_site.web_site_sk,web_sales.ws_item_sk=item.i_item_sk#item.i_current_price,>,50.0#187379652
item,web_sales,web_site,date_dim#item.i_item_sk=web_sales.ws_item_sk,web_sales.ws_web_site_sk=web_site.web_site_sk,web_sales.ws_sold_date_sk=date_dim.d_date_sk#date_dim.d_date,>=,967334400.0,date_dim.d_date,<=,969926400.0,item.i_current_price,>,50.0#1918111957
web_sales,promotion#web_sales.ws_promo_sk=promotion.p_promo_sk#promotion.p_channel_tv,=,1.0#-1997996088
date_dim,web_sales,promotion#promotion.p_promo_sk=web_sales.ws_promo_sk,web_sales.ws_sold_date_sk=date_dim.d_date_sk#date_dim.d_date,>=,967334400.0,date_dim.d_date,<=,969926400.0,promotion.p_channel_tv,=,1.0#-777186541
web_sales,web_site,promotion#web_sales.ws_web_site_sk=web_site.web_site_sk,web_sales.ws_promo_sk=promotion.p_promo_sk#promotion.p_channel_tv,=,1.0#-999869147
web_sales,web_site,promotion,date_dim#promotion.p_promo_sk=web_sales.ws_promo_sk,web_sales.ws_web_site_sk=web_site.web_site_sk,web_sales.ws_sold_date_sk=date_dim.d_date_sk#date_dim.d_date,>=,967334400.0,date_dim.d_date,<=,969926400.0,promotion.p_channel_tv,=,1.0#-1389573586
web_sales,item,promotion#web_sales.ws_promo_sk=promotion.p_promo_sk,web_sales.ws_item_sk=item.i_item_sk#promotion.p_channel_tv,=,1.0,item.i_current_price,>,50.0#1969324763
web_sales,item,promotion,date_dim#promotion.p_promo_sk=web_sales.ws_promo_sk,web_sales.ws_sold_date_sk=date_dim.d_date_sk,web_sales.ws_item_sk=item.i_item_sk#date_dim.d_date,>=,967334400.0,date_dim.d_date,<=,969926400.0,promotion.p_channel_tv,=,1.0,item.i_current_price,>,50.0#339506736
web_sales,item,web_site,promotion#web_sales.ws_web_site_sk=web_site.web_site_sk,web_sales.ws_promo_sk=promotion.p_promo_sk,web_sales.ws_item_sk=item.i_item_sk#promotion.p_channel_tv,=,1.0,item.i_current_price,>,50.0#-1023215710
item,web_sales,web_site,promotion,date_dim#item.i_item_sk=web_sales.ws_item_sk,web_sales.ws_web_site_sk=web_site.web_site_sk,promotion.p_promo_sk=web_sales.ws_promo_sk,web_sales.ws_sold_date_sk=date_dim.d_date_sk#date_dim.d_date,>=,967334400.0,date_dim.d_date,<=,969926400.0,promotion.p_channel_tv,=,1.0,item.i_current_price,>,50.0#1084794155
date_dim,store_sales#store_sales.ss_sold_date_sk=date_dim.d_date_sk#date_dim.d_date,>=,967334400.0,date_dim.d_date,<=,969926400.0#1600086285
date_dim,store_sales,promotion#store_sales.ss_sold_date_sk=date_dim.d_date_sk,store_sales.ss_promo_sk=promotion.p_promo_sk#date_dim.d_date,>=,967334400.0,promotion.p_channel_tv,=,1.0,date_dim.d_date,<=,969926400.0#111129837
item,store_sales,promotion,date_dim#store_sales.ss_sold_date_sk=date_dim.d_date_sk,store_sales.ss_item_sk=item.i_item_sk,store_sales.ss_promo_sk=promotion.p_promo_sk#date_dim.d_date,>=,967334400.0,promotion.p_channel_tv,=,1.0,date_dim.d_date,<=,969926400.0,item.i_current_price,>,50.0#1547080468
store,item,store_sales,promotion,date_dim#store_sales.ss_sold_date_sk=date_dim.d_date_sk,store_sales.ss_item_sk=item.i_item_sk,store_sales.ss_promo_sk=promotion.p_promo_sk,store_sales.ss_store_sk=store.s_store_sk#date_dim.d_date,>=,967334400.0,promotion.p_channel_tv,=,1.0,date_dim.d_date,<=,969926400.0,item.i_current_price,>,50.0#-233781473
catalog_sales,date_dim,item#catalog_sales.cs_sold_date_sk=date_dim.d_date_sk,catalog_sales.cs_item_sk=item.i_item_sk#date_dim.d_date,>=,967334400.0,date_dim.d_date,<=,969926400.0,item.i_current_price,>,50.0#-650383484
catalog_sales,item,date_dim,catalog_page#catalog_sales.cs_catalog_page_sk=catalog_page.cp_catalog_page_sk,catalog_sales.cs_sold_date_sk=date_dim.d_date_sk,catalog_sales.cs_item_sk=item.i_item_sk#date_dim.d_date,>=,967334400.0,date_dim.d_date,<=,969926400.0,item.i_current_price,>,50.0#-842942675
catalog_sales,item,promotion,date_dim,catalog_page#catalog_sales.cs_promo_sk=promotion.p_promo_sk,catalog_sales.cs_catalog_page_sk=catalog_page.cp_catalog_page_sk,catalog_sales.cs_sold_date_sk=date_dim.d_date_sk,catalog_sales.cs_item_sk=item.i_item_sk#date_dim.d_date,>=,967334400.0,promotion.p_channel_tv,=,1.0,date_dim.d_date,<=,969926400.0,item.i_current_price,>,50.0#-90972013
date_dim,web_sales#web_sales.ws_sold_date_sk=date_dim.d_date_sk#date_dim.d_date,>=,967334400.0,date_dim.d_date,<=,969926400.0#-315062401
date_dim,web_sales,promotion#web_sales.ws_promo_sk=promotion.p_promo_sk,web_sales.ws_sold_date_sk=date_dim.d_date_sk#date_dim.d_date,>=,967334400.0,promotion.p_channel_tv,=,1.0,date_dim.d_date,<=,969926400.0#-2107088687
web_sales,web_site,promotion,date_dim#web_sales.ws_web_site_sk=web_site.web_site_sk,web_sales.ws_promo_sk=promotion.p_promo_sk,web_sales.ws_sold_date_sk=date_dim.d_date_sk#date_dim.d_date,>=,967334400.0,promotion.p_channel_tv,=,1.0,date_dim.d_date,<=,969926400.0#926538650
web_sales,item,web_site,promotion,date_dim#web_sales.ws_sold_date_sk=date_dim.d_date_sk,web_sales.ws_web_site_sk=web_site.web_site_sk,web_sales.ws_promo_sk=promotion.p_promo_sk,web_sales.ws_item_sk=item.i_item_sk#date_dim.d_date,>=,967334400.0,promotion.p_channel_tv,=,1.0,date_dim.d_date,<=,969926400.0,item.i_current_price,>,50.0#1687616331
catalog_sales,item,catalog_page,promotion,date_dim,catalog_returns#catalog_sales.cs_catalog_page_sk=catalog_page.cp_catalog_page_sk,catalog_returns.cr_item_sk=catalog_sales.cs_item_sk,catalog_returns.cr_order_number=catalog_sales.cs_order_number,catalog_sales.cs_sold_date_sk=date_dim.d_date_sk,catalog_sales.cs_promo_sk=promotion.p_promo_sk,catalog_sales.cs_item_sk=item.i_item_sk#date_dim.d_date,>=,967334400.0,promotion.p_channel_tv,=,1.0,date_dim.d_date,<=,969926400.0,item.i_current_price,>,50.0#-16069082
store,date_dim,store_sales#store_sales.ss_sold_date_sk=date_dim.d_date_sk,store_sales.ss_store_sk=store.s_store_sk#date_dim.d_year,=,2000.0#1379735533
item,store_sales#store_sales.ss_item_sk=item.i_item_sk#item.i_category,IN,3.0,item.i_class,IN,3.0#-226777339
date_dim,item,store_sales#store_sales.ss_item_sk=item.i_item_sk,store_sales.ss_sold_date_sk=date_dim.d_date_sk#item.i_category,IN,3.0,item.i_class,IN,3.0,date_dim.d_year,=,2000.0#-415422493
store,item,store_sales#store_sales.ss_item_sk=item.i_item_sk,store_sales.ss_store_sk=store.s_store_sk#item.i_category,IN,3.0,item.i_class,IN,3.0#-409264330
date_dim,store_sales#store_sales.ss_sold_date_sk=date_dim.d_date_sk#date_dim.d_year,=,2000.0#-714270510
store,date_dim,store_sales#store_sales.ss_sold_date_sk=date_dim.d_date_sk,store_sales.ss_store_sk=store.s_store_sk#date_dim.d_year,=,2000.0#776625197
store,item,store_sales,date_dim#store_sales.ss_sold_date_sk=date_dim.d_date_sk,store_sales.ss_item_sk=item.i_item_sk,store_sales.ss_store_sk=store.s_store_sk#item.i_category,IN,3.0,item.i_class,IN,3.0,date_dim.d_year,=,2000.0#-456517402
item,store_sales#store_sales.ss_item_sk=item.i_item_sk#item.i_category,IN,3.0#-1124112211
date_dim,store_sales#store_sales.ss_sold_date_sk=date_dim.d_date_sk#date_dim.d_date,>=,887500800.0,date_dim.d_date,<=,890092800.0#-1983095230
date_dim,store_sales#store_sales.ss_sold_date_sk=date_dim.d_date_sk#date_dim.d_date,>=,887500800.0,date_dim.d_date,<=,890092800.0#738430336
date_dim,item,store_sales#store_sales.ss_item_sk=item.i_item_sk,store_sales.ss_sold_date_sk=date_dim.d_date_sk#date_dim.d_date,>=,887500800.0,item.i_category,IN,3.0,date_dim.d_date,<=,890092800.0#-518286559
catalog_sales,item#catalog_sales.cs_item_sk=item.i_item_sk#item.i_category,IN,3.0#-1604069739
catalog_sales,date_dim#catalog_sales.cs_sold_date_sk=date_dim.d_date_sk#date_dim.d_date,>=,887500800.0,date_dim.d_date,<=,890092800.0#-222957766
catalog_sales,date_dim#catalog_sales.cs_sold_date_sk=date_dim.d_date_sk#date_dim.d_date,>=,887500800.0,date_dim.d_date,<=,890092800.0#-1796399496
catalog_sales,date_dim,item#catalog_sales.cs_sold_date_sk=date_dim.d_date_sk,catalog_sales.cs_item_sk=item.i_item_sk#date_dim.d_date,>=,887500800.0,item.i_category,IN,3.0,date_dim.d_date,<=,890092800.0#313011753
store,store_sales#store_sales.ss_store_sk=store.s_store_sk#store.s_state,IN,5.0#-2105837924
store,date_dim,store_sales#store_sales.ss_store_sk=store.s_store_sk,store_sales.ss_sold_date_sk=date_dim.d_date_sk#store.s_state,IN,5.0,date_dim.d_year,=,1998.0#1702690093
store,store_sales,date_dim,customer_demographics#store_sales.ss_cdemo_sk=customer_demographics.cd_demo_sk,store_sales.ss_store_sk=store.s_store_sk,store_sales.ss_sold_date_sk=date_dim.d_date_sk#store.s_state,IN,5.0,customer_demographics.cd_marital_status,=,1.0,customer_demographics.cd_education_status,=,1.0,date_dim.d_year,=,1998.0,customer_demographics.cd_gender,=,1.0#-970619956
store,item,store_sales,date_dim,customer_demographics#store_sales.ss_cdemo_sk=customer_demographics.cd_demo_sk,store_sales.ss_item_sk=item.i_item_sk,store_sales.ss_store_sk=store.s_store_sk,store_sales.ss_sold_date_sk=date_dim.d_date_sk#store.s_state,IN,5.0,customer_demographics.cd_marital_status,=,1.0,customer_demographics.cd_education_status,=,1.0,date_dim.d_year,=,1998.0,customer_demographics.cd_gender,=,1.0#1184795791
store,item,store_sales,date_dim,customer_demographics#store_sales.ss_cdemo_sk=customer_demographics.cd_demo_sk,store_sales.ss_item_sk=item.i_item_sk,store_sales.ss_store_sk=store.s_store_sk,store_sales.ss_sold_date_sk=date_dim.d_date_sk#store.s_state,IN,5.0,customer_demographics.cd_marital_status,=,1.0,customer_demographics.cd_education_status,=,1.0,date_dim.d_year,=,1998.0,customer_demographics.cd_gender,=,1.0#-258237569
date_dim,store_sales#store_sales.ss_sold_date_sk=date_dim.d_date_sk#date_dim.d_year,=,2001.0,date_dim.d_qoy,<,4.0#-1373261566
date_dim,store_sales,customer#store_sales.ss_sold_date_sk=date_dim.d_date_sk,customer.c_customer_sk=store_sales.ss_customer_sk#date_dim.d_year,=,2001.0,date_dim.d_qoy,<,4.0#1317318815
customer_address,store_sales,customer,date_dim#store_sales.ss_sold_date_sk=date_dim.d_date_sk,customer.c_current_addr_sk=customer_address.ca_address_sk,customer.c_customer_sk=store_sales.ss_customer_sk#date_dim.d_year,=,2001.0,date_dim.d_qoy,<,4.0#-1492254114
store_sales,customer,date_dim,customer_demographics#store_sales.ss_sold_date_sk=date_dim.d_date_sk,customer.c_current_cdemo_sk=customer_demographics.cd_demo_sk,customer.c_customer_sk=store_sales.ss_customer_sk#date_dim.d_year,=,2001.0,date_dim.d_qoy,<,4.0#1455927359
customer_address,store_sales,customer,date_dim,customer_demographics#store_sales.ss_sold_date_sk=date_dim.d_date_sk,customer.c_current_addr_sk=customer_address.ca_address_sk,customer.c_current_cdemo_sk=customer_demographics.cd_demo_sk,customer.c_customer_sk=store_sales.ss_customer_sk#date_dim.d_year,=,2001.0,date_dim.d_qoy,<,4.0#659882056
customer_address,store_sales,customer,date_dim,customer_demographics#store_sales.ss_sold_date_sk=date_dim.d_date_sk,customer.c_current_addr_sk=customer_address.ca_address_sk,customer.c_current_cdemo_sk=customer_demographics.cd_demo_sk,customer.c_customer_sk=store_sales.ss_customer_sk#date_dim.d_year,=,2001.0,date_dim.d_qoy,<,4.0#-175024040
customer_address,store_sales,customer,date_dim,customer_demographics#store_sales.ss_sold_date_sk=date_dim.d_date_sk,customer.c_current_addr_sk=customer_address.ca_address_sk,store_sales.ss_customer_sk=customer.c_customer_sk,customer.c_current_cdemo_sk=customer_demographics.cd_demo_sk#date_dim.d_year,=,2001.0,date_dim.d_qoy,<,4.0#-29534811
date_dim,store_returns#store_returns.sr_returned_date_sk=date_dim.d_date_sk#date_dim.d_year,=,2002.0,date_dim.d_moy,=,9.0#-1350138149
store_returns,store_sales#store_sales.ss_ticket_number=store_returns.sr_ticket_number,store_sales.ss_item_sk=store_returns.sr_item_sk,store_sales.ss_customer_sk=store_returns.sr_customer_sk##-1768022143
store_returns,store,store_sales#store_sales.ss_ticket_number=store_returns.sr_ticket_number,store_sales.ss_item_sk=store_returns.sr_item_sk,store_sales.ss_customer_sk=store_returns.sr_customer_sk,store_sales.ss_store_sk=store.s_store_sk##-1878511852
store_returns,date_dim,store_sales#store_sales.ss_ticket_number=store_returns.sr_ticket_number,store_sales.ss_item_sk=store_returns.sr_item_sk,store_sales.ss_customer_sk=store_returns.sr_customer_sk,store_sales.ss_sold_date_sk=date_dim.d_date_sk##-395369128
store,date_dim,store_sales#store_sales.ss_store_sk=store.s_store_sk,store_sales.ss_sold_date_sk=date_dim.d_date_sk##451157474
store,store_sales,date_dim,store_returns#store_sales.ss_ticket_number=store_returns.sr_ticket_number,store_sales.ss_item_sk=store_returns.sr_item_sk,store_sales.ss_customer_sk=store_returns.sr_customer_sk,store_sales.ss_store_sk=store.s_store_sk,store_sales.ss_sold_date_sk=date_dim.d_date_sk##754748417
store_returns,date_dim,store_sales#store_sales.ss_ticket_number=store_returns.sr_ticket_number,store_sales.ss_item_sk=store_returns.sr_item_sk,store_returns.sr_returned_date_sk=date_dim.d_date_sk,store_sales.ss_customer_sk=store_returns.sr_customer_sk#date_dim.d_year,=,2002.0,date_dim.d_moy,=,9.0#-1896148172
store,store_sales,date_dim,store_returns#store_sales.ss_ticket_number=store_returns.sr_ticket_number,store_sales.ss_item_sk=store_returns.sr_item_sk,store_returns.sr_returned_date_sk=date_dim.d_date_sk,store_sales.ss_customer_sk=store_returns.sr_customer_sk,store.s_store_sk=store_sales.ss_store_sk#date_dim.d_year,=,2002.0,date_dim.d_moy,=,9.0#1120640749
store_sales,date_dim,store_returns#store_sales.ss_ticket_number=store_returns.sr_ticket_number,store_sales.ss_item_sk=store_returns.sr_item_sk,store_returns.sr_returned_date_sk=date_dim.d_date_sk,store_sales.ss_customer_sk=store_returns.sr_customer_sk,store_sales.ss_sold_date_sk=date_dim.d_date_sk#date_dim.d_year,=,2002.0,date_dim.d_moy,=,9.0#-848761159
store,store_sales#store_sales.ss_store_sk=store.s_store_sk#store_sales.ss_sold_date_sk,!=,0#-1953191844
date_dim,store_returns#store_returns.sr_returned_date_sk=date_dim.d_date_sk#date_dim.d_year,=,2002.0,date_dim.d_moy,=,9.0#-701516195
store,store_sales,date_dim,store_returns#store_sales.ss_ticket_number=store_returns.sr_ticket_number,store_sales.ss_item_sk=store_returns.sr_item_sk,store_returns.sr_returned_date_sk=date_dim.d_date_sk,store_sales.ss_customer_sk=store_returns.sr_customer_sk,store_sales.ss_store_sk=store.s_store_sk#date_dim.d_year,=,2002.0,date_dim.d_moy,=,9.0,store_sales.ss_sold_date_sk,!=,0#-89741958
store#store.s_store_id=store.s_store_id##-1999465392
date_dim,store_sales#store_sales.ss_sold_date_sk=date_dim.d_date_sk#date_dim.d_year,IN,3.0,date_dim.d_year,=,2000.0#1607464653
date_dim,web_sales#web_sales.ws_sold_date_sk=date_dim.d_date_sk#date_dim.d_year,IN,3.0,date_dim.d_year,=,2000.0#2145285463
date_dim,store_sales#store_sales.ss_sold_date_sk=date_dim.d_date_sk#date_dim.d_year,IN,3.0,date_dim.d_year,=,2001.0#517717072
date_dim,web_sales#web_sales.ws_sold_date_sk=date_dim.d_date_sk#date_dim.d_year,IN,3.0,date_dim.d_year,=,2001.0#1055537882
date_dim,web_sales,customer#web_sales.ws_bill_customer_sk=customer.c_customer_sk,web_sales.ws_sold_date_sk=date_dim.d_date_sk#date_dim.d_year,=,2001.0#-495923498
date_dim,store_sales,customer#store_sales.ss_customer_sk=customer.c_customer_sk,store_sales.ss_sold_date_sk=date_dim.d_date_sk#date_dim.d_year,=,2001.0#-1541858342
date_dim,store_sales,customer#store_sales.ss_customer_sk=customer.c_customer_sk,store_sales.ss_sold_date_sk=date_dim.d_date_sk#date_dim.d_year,=,2000.0#-1017426499
date_dim,web_sales,customer#web_sales.ws_bill_customer_sk=customer.c_customer_sk,web_sales.ws_sold_date_sk=date_dim.d_date_sk#date_dim.d_year,=,2000.0#28508345
date_dim,catalog_returns#catalog_returns.cr_returned_date_sk=date_dim.d_date_sk#date_dim.d_year,=,2000.0#-333813757
customer_address,catalog_returns#catalog_returns.cr_returning_addr_sk=customer_address.ca_address_sk##1616045027
date_dim,catalog_returns#catalog_returns.cr_returned_date_sk=date_dim.d_date_sk#date_dim.d_year,=,2000.0#49160257
date_dim,customer_address,catalog_returns#catalog_returns.cr_returned_date_sk=date_dim.d_date_sk,customer_address.ca_address_sk=catalog_returns.cr_returning_addr_sk#date_dim.d_year,=,2000.0#-506481557
date_dim,store_sales#store_sales.ss_sold_date_sk=date_dim.d_date_sk#date_dim.d_qoy,=,1.0,date_dim.d_year,=,2000.0#-1920929210
store,date_dim,store_sales#store.s_store_sk=store_sales.ss_store_sk,store_sales.ss_sold_date_sk=date_dim.d_date_sk#date_dim.d_qoy,=,1.0,date_dim.d_year,=,2000.0#1612999195
store,date_dim,store_sales#store.s_store_sk=store_sales.ss_store_sk,store_sales.ss_sold_date_sk=date_dim.d_date_sk#date_dim.d_qoy,=,1.0,date_dim.d_year,=,2000.0#196023431
date_dim,store_sales#store_sales.ss_sold_date_sk=date_dim.d_date_sk#date_dim.d_qoy,=,1.0,date_dim.d_year,=,2000.0#475273800
store,date_dim,store_sales#store_sales.ss_sold_date_sk=date_dim.d_date_sk,store_sales.ss_store_sk=store.s_store_sk#date_dim.d_qoy,=,1.0,date_dim.d_year,=,2000.0#1236301475
customer_address,customer#customer_address.ca_address_sk=customer.c_current_addr_sk#customer.c_preferred_cust_flag,=,1.0#-66828075
catalog_sales,ship_mode#catalog_sales.cs_ship_mode_sk=ship_mode.sm_ship_mode_sk##2129693233
catalog_sales,ship_mode,warehouse#catalog_sales.cs_ship_mode_sk=ship_mode.sm_ship_mode_sk,catalog_sales.cs_warehouse_sk=warehouse.w_warehouse_sk##-1567391569
catalog_sales,call_center,warehouse#catalog_sales.cs_call_center_sk=call_center.cc_call_center_sk,catalog_sales.cs_warehouse_sk=warehouse.w_warehouse_sk##-2087449445
catalog_sales,ship_mode,call_center#catalog_sales.cs_call_center_sk=call_center.cc_call_center_sk,catalog_sales.cs_ship_mode_sk=ship_mode.sm_ship_mode_sk##1913344494
catalog_sales,ship_mode,warehouse,call_center#catalog_sales.cs_ship_mode_sk=ship_mode.sm_ship_mode_sk,catalog_sales.cs_call_center_sk=call_center.cc_call_center_sk,catalog_sales.cs_warehouse_sk=warehouse.w_warehouse_sk##-398965902
catalog_sales,date_dim#catalog_sales.cs_ship_date_sk=date_dim.d_date_sk#date_dim.d_month_seq,>=,1176.0,date_dim.d_month_seq,<=,1187.0#629507689
catalog_sales,date_dim,warehouse#catalog_sales.cs_ship_date_sk=date_dim.d_date_sk,catalog_sales.cs_warehouse_sk=warehouse.w_warehouse_sk#date_dim.d_month_seq,>=,1176.0,date_dim.d_month_seq,<=,1187.0#-1872543053
catalog_sales,date_dim,ship_mode#catalog_sales.cs_ship_date_sk=date_dim.d_date_sk,catalog_sales.cs_ship_mode_sk=ship_mode.sm_ship_mode_sk#date_dim.d_month_seq,>=,1176.0,date_dim.d_month_seq,<=,1187.0#19741440
catalog_sales,ship_mode,warehouse,date_dim#catalog_sales.cs_ship_date_sk=date_dim.d_date_sk,catalog_sales.cs_ship_mode_sk=ship_mode.sm_ship_mode_sk,catalog_sales.cs_warehouse_sk=warehouse.w_warehouse_sk#date_dim.d_month_seq,>=,1176.0,date_dim.d_month_seq,<=,1187.0#1923742602
catalog_sales,date_dim,call_center#catalog_sales.cs_ship_date_sk=date_dim.d_date_sk,call_center.cc_call_center_sk=catalog_sales.cs_call_center_sk#date_dim.d_month_seq,>=,1176.0,date_dim.d_month_seq,<=,1187.0#1897180268
catalog_sales,warehouse,date_dim,call_center#catalog_sales.cs_ship_date_sk=date_dim.d_date_sk,catalog_sales.cs_call_center_sk=call_center.cc_call_center_sk,catalog_sales.cs_warehouse_sk=warehouse.w_warehouse_sk#date_dim.d_month_seq,>=,1176.0,date_dim.d_month_seq,<=,1187.0#1529368438
catalog_sales,ship_mode,date_dim,call_center#date_dim.d_date_sk=catalog_sales.cs_ship_date_sk,catalog_sales.cs_call_center_sk=call_center.cc_call_center_sk,catalog_sales.cs_ship_mode_sk=ship_mode.sm_ship_mode_sk#date_dim.d_month_seq,>=,1176.0,date_dim.d_month_seq,<=,1187.0#2036650673
catalog_sales,ship_mode#catalog_sales.cs_ship_mode_sk=ship_mode.sm_ship_mode_sk##-40601533
catalog_sales,ship_mode,warehouse#catalog_sales.cs_ship_mode_sk=ship_mode.sm_ship_mode_sk,catalog_sales.cs_warehouse_sk=warehouse.w_warehouse_sk##1535925487
catalog_sales,ship_mode,warehouse,call_center#catalog_sales.cs_ship_mode_sk=ship_mode.sm_ship_mode_sk,catalog_sales.cs_call_center_sk=call_center.cc_call_center_sk,catalog_sales.cs_warehouse_sk=warehouse.w_warehouse_sk##1995167072
catalog_sales,ship_mode,warehouse,date_dim,call_center#catalog_sales.cs_ship_mode_sk=ship_mode.sm_ship_mode_sk,catalog_sales.cs_ship_date_sk=date_dim.d_date_sk,catalog_sales.cs_call_center_sk=call_center.cc_call_center_sk,catalog_sales.cs_warehouse_sk=warehouse.w_warehouse_sk#date_dim.d_month_seq,>=,1176.0,date_dim.d_month_seq,<=,1187.0#-1038451015
customer_demographics#customer_demographics.cd_education_status=customer_demographics.cd_education_status,customer_demographics.cd_marital_status=customer_demographics.cd_marital_status#customer_demographics.cd_marital_status,=,1.0,customer_demographics.cd_education_status,=,1.0#-229368488
web_returns,customer_demographics#web_returns.wr_refunded_cdemo_sk=customer_demographics.cd_demo_sk#customer_demographics.cd_marital_status,=,1.0,customer_demographics.cd_education_status,=,1.0#-511538331
web_returns,customer_demographics#web_returns.wr_returning_cdemo_sk=customer_demographics.cd_demo_sk##-363565966
web_returns,customer_demographics#customer_demographics.cd_education_status=customer_demographics.cd_education_status,customer_demographics.cd_demo_sk=web_returns.wr_refunded_cdemo_sk,customer_demographics.cd_marital_status=customer_demographics.cd_marital_status#customer_demographics.cd_marital_status,=,1.0,customer_demographics.cd_education_status,=,1.0#476304822
customer_address,web_returns#web_returns.wr_refunded_addr_sk=customer_address.ca_address_sk#customer_address.ca_country,=,1.0,customer_address.ca_state,IN,3.0#1933006700
customer_address,web_returns,customer_demographics#web_returns.wr_refunded_addr_sk=customer_address.ca_address_sk,web_returns.wr_refunded_cdemo_sk=customer_demographics.cd_demo_sk#customer_address.ca_country,=,1.0,customer_demographics.cd_marital_status,=,1.0,customer_demographics.cd_education_status,=,1.0,customer_address.ca_state,IN,3.0#1870261982
customer_address,web_returns,customer_demographics#web_returns.wr_refunded_addr_sk=customer_address.ca_address_sk,web_returns.wr_returning_cdemo_sk=customer_demographics.cd_demo_sk#customer_address.ca_country,=,1.0,customer_address.ca_state,IN,3.0#1275282777
customer_address,web_returns,customer_demographics#customer_demographics.cd_education_status=customer_demographics.cd_education_status,web_returns.wr_refunded_addr_sk=customer_address.ca_address_sk,customer_demographics.cd_marital_status=customer_demographics.cd_marital_status,web_returns.wr_refunded_cdemo_sk=customer_demographics.cd_demo_sk#customer_address.ca_country,=,1.0,customer_demographics.cd_marital_status,=,1.0,customer_demographics.cd_education_status,=,1.0,customer_address.ca_state,IN,3.0#1788312917
reason,web_returns#web_returns.wr_reason_sk=reason.r_reason_sk##2061666400
reason,web_returns,customer_demographics#web_returns.wr_refunded_cdemo_sk=customer_demographics.cd_demo_sk,web_returns.wr_reason_sk=reason.r_reason_sk#customer_demographics.cd_marital_status,=,1.0,customer_demographics.cd_education_status,=,1.0#-119695954
reason,web_returns,customer_demographics#web_returns.wr_returning_cdemo_sk=customer_demographics.cd_demo_sk,web_returns.wr_reason_sk=reason.r_reason_sk##-280962069
reason,web_returns,customer_demographics#customer_demographics.cd_education_status=customer_demographics.cd_education_status,customer_demographics.cd_demo_sk=web_returns.wr_refunded_cdemo_sk,customer_demographics.cd_marital_status=customer_demographics.cd_marital_status,web_returns.wr_reason_sk=reason.r_reason_sk#customer_demographics.cd_marital_status,=,1.0,customer_demographics.cd_education_status,=,1.0#-21317015
customer_address,reason,web_returns#web_returns.wr_refunded_addr_sk=customer_address.ca_address_sk,web_returns.wr_reason_sk=reason.r_reason_sk#customer_address.ca_country,=,1.0,customer_address.ca_state,IN,3.0#1231437899
customer_address,reason,web_returns,customer_demographics#web_returns.wr_refunded_addr_sk=customer_address.ca_address_sk,web_returns.wr_refunded_cdemo_sk=customer_demographics.cd_demo_sk,web_returns.wr_reason_sk=reason.r_reason_sk#customer_address.ca_country,=,1.0,customer_demographics.cd_marital_status,=,1.0,customer_demographics.cd_education_status,=,1.0,customer_address.ca_state,IN,3.0#1932910553
customer_address,reason,web_returns,customer_demographics#web_returns.wr_refunded_addr_sk=customer_address.ca_address_sk,web_returns.wr_returning_cdemo_sk=customer_demographics.cd_demo_sk,web_returns.wr_reason_sk=reason.r_reason_sk#customer_address.ca_country,=,1.0,customer_address.ca_state,IN,3.0#160344288
customer_address,reason,web_returns,customer_demographics#web_returns.wr_refunded_cdemo_sk=customer_demographics.cd_demo_sk,customer_demographics.cd_education_status=customer_demographics.cd_education_status,web_returns.wr_refunded_addr_sk=customer_address.ca_address_sk,customer_demographics.cd_marital_status=customer_demographics.cd_marital_status,web_returns.wr_reason_sk=reason.r_reason_sk#customer_address.ca_country,=,1.0,customer_demographics.cd_marital_status,=,1.0,customer_demographics.cd_education_status,=,1.0,customer_address.ca_state,IN,3.0#2005593730
web_sales,web_returns#web_returns.wr_order_number=web_sales.ws_order_number,web_returns.wr_item_sk=web_sales.ws_item_sk#web_sales.ws_net_profit,>=,150.0,web_sales.ws_net_profit,>=,100.0,web_sales.ws_net_profit,>=,50.0,web_sales.ws_sales_price,<=,150.0,web_sales.ws_sales_price,>=,100.0,web_sales.ws_sales_price,<=,200.0,web_sales.ws_net_profit,<=,250.0,web_sales.ws_net_profit,<=,300.0,web_sales.ws_sales_price,<=,100.0,web_sales.ws_sales_price,>=,50.0,web_sales.ws_sales_price,>=,150.0,web_sales.ws_net_profit,<=,200.0#1172843544
web_page,web_sales#web_sales.ws_web_page_sk=web_page.wp_web_page_sk#web_sales.ws_net_profit,>=,150.0,web_sales.ws_net_profit,>=,100.0,web_sales.ws_net_profit,>=,50.0,web_sales.ws_sales_price,<=,150.0,web_sales.ws_sales_price,>=,100.0,web_sales.ws_sales_price,<=,200.0,web_sales.ws_net_profit,<=,250.0,web_sales.ws_net_profit,<=,300.0,web_sales.ws_sales_price,<=,100.0,web_sales.ws_sales_price,>=,50.0,web_sales.ws_sales_price,>=,150.0,web_sales.ws_net_profit,<=,200.0#67971658
web_page,web_sales,web_returns#web_sales.ws_web_page_sk=web_page.wp_web_page_sk,web_returns.wr_item_sk=web_sales.ws_item_sk,web_returns.wr_order_number=web_sales.ws_order_number#web_sales.ws_net_profit,>=,150.0,web_sales.ws_net_profit,>=,100.0,web_sales.ws_net_profit,>=,50.0,web_sales.ws_sales_price,<=,150.0,web_sales.ws_sales_price,>=,100.0,web_sales.ws_sales_price,<=,200.0,web_sales.ws_net_profit,<=,250.0,web_sales.ws_net_profit,<=,300.0,web_sales.ws_sales_price,<=,100.0,web_sales.ws_sales_price,>=,50.0,web_sales.ws_sales_price,>=,150.0,web_sales.ws_net_profit,<=,200.0#511378289
date_dim,web_sales#web_sales.ws_sold_date_sk=date_dim.d_date_sk#web_sales.ws_net_profit,>=,150.0,date_dim.d_year,=,2000.0,web_sales.ws_net_profit,>=,100.0,web_sales.ws_net_profit,>=,50.0,web_sales.ws_sales_price,<=,150.0,web_sales.ws_sales_price,>=,150.0,web_sales.ws_sales_price,>=,100.0,web_sales.ws_sales_price,<=,200.0,web_sales.ws_net_profit,<=,250.0,web_sales.ws_net_profit,<=,300.0,web_sales.ws_sales_price,>=,50.0,web_sales.ws_sales_price,<=,100.0,web_sales.ws_net_profit,<=,200.0#-1936719969
date_dim,web_sales,web_returns#web_sales.ws_item_sk=web_returns.wr_item_sk,web_sales.ws_order_number=web_returns.wr_order_number,web_sales.ws_sold_date_sk=date_dim.d_date_sk#web_sales.ws_net_profit,>=,150.0,date_dim.d_year,=,2000.0,web_sales.ws_net_profit,>=,100.0,web_sales.ws_net_profit,>=,50.0,web_sales.ws_sales_price,<=,150.0,web_sales.ws_sales_price,>=,150.0,web_sales.ws_sales_price,>=,100.0,web_sales.ws_sales_price,<=,200.0,web_sales.ws_net_profit,<=,250.0,web_sales.ws_net_profit,<=,300.0,web_sales.ws_sales_price,>=,50.0,web_sales.ws_sales_price,<=,100.0,web_sales.ws_net_profit,<=,200.0#-1108900300
date_dim,web_page,web_sales#web_sales.ws_web_page_sk=web_page.wp_web_page_sk,web_sales.ws_sold_date_sk=date_dim.d_date_sk#web_sales.ws_net_profit,>=,150.0,date_dim.d_year,=,2000.0,web_sales.ws_net_profit,>=,100.0,web_sales.ws_net_profit,>=,50.0,web_sales.ws_sales_price,<=,150.0,web_sales.ws_sales_price,>=,150.0,web_sales.ws_sales_price,>=,100.0,web_sales.ws_sales_price,<=,200.0,web_sales.ws_net_profit,<=,250.0,web_sales.ws_net_profit,<=,300.0,web_sales.ws_sales_price,>=,50.0,web_sales.ws_sales_price,<=,100.0,web_sales.ws_net_profit,<=,200.0#1609037028
web_page,web_sales,web_returns,date_dim#web_sales.ws_web_page_sk=web_page.wp_web_page_sk,web_returns.wr_item_sk=web_sales.ws_item_sk,web_returns.wr_order_number=web_sales.ws_order_number,web_sales.ws_sold_date_sk=date_dim.d_date_sk#web_sales.ws_net_profit,>=,150.0,date_dim.d_year,=,2000.0,web_sales.ws_net_profit,>=,100.0,web_sales.ws_net_profit,>=,50.0,web_sales.ws_sales_price,<=,150.0,web_sales.ws_sales_price,>=,150.0,web_sales.ws_sales_price,>=,100.0,web_sales.ws_sales_price,<=,200.0,web_sales.ws_net_profit,<=,250.0,web_sales.ws_net_profit,<=,300.0,web_sales.ws_sales_price,>=,50.0,web_sales.ws_sales_price,<=,100.0,web_sales.ws_net_profit,<=,200.0#1696621935
web_sales,web_returns,customer_demographics#web_returns.wr_order_number=web_sales.ws_order_number,web_returns.wr_item_sk=web_sales.ws_item_sk,web_returns.wr_refunded_cdemo_sk=customer_demographics.cd_demo_sk#web_sales.ws_net_profit,>=,150.0,customer_demographics.cd_marital_status,=,1.0,web_sales.ws_net_profit,>=,100.0,web_sales.ws_net_profit,>=,50.0,web_sales.ws_sales_price,<=,150.0,web_sales.ws_sales_price,>=,100.0,web_sales.ws_sales_price,<=,200.0,web_sales.ws_net_profit,<=,250.0,web_sales.ws_net_profit,<=,300.0,web_sales.ws_sales_price,<=,100.0,web_sales.ws_sales_price,>=,50.0,customer_demographics.cd_education_status,=,1.0,web_sales.ws_sales_price,>=,150.0,web_sales.ws_net_profit,<=,200.0#1269687434
web_sales,web_returns,customer_demographics#web_returns.wr_order_number=web_sales.ws_order_number,web_returns.wr_item_sk=web_sales.ws_item_sk,web_returns.wr_returning_cdemo_sk=customer_demographics.cd_demo_sk#web_sales.ws_net_profit,>=,150.0,web_sales.ws_net_profit,>=,100.0,web_sales.ws_net_profit,>=,50.0,web_sales.ws_sales_price,<=,150.0,web_sales.ws_sales_price,>=,100.0,web_sales.ws_sales_price,<=,200.0,web_sales.ws_net_profit,<=,250.0,web_sales.ws_net_profit,<=,300.0,web_sales.ws_sales_price,<=,100.0,web_sales.ws_sales_price,>=,50.0,web_sales.ws_sales_price,>=,150.0,web_sales.ws_net_profit,<=,200.0#-1783863501
web_sales,web_returns,customer_demographics#web_returns.wr_order_number=web_sales.ws_order_number,web_returns.wr_item_sk=web_sales.ws_item_sk,customer_demographics.cd_education_status=customer_demographics.cd_education_status,customer_demographics.cd_demo_sk=web_returns.wr_refunded_cdemo_sk,customer_demographics.cd_marital_status=customer_demographics.cd_marital_status#web_sales.ws_net_profit,>=,150.0,customer_demographics.cd_marital_status,=,1.0,web_sales.ws_net_profit,>=,100.0,web_sales.ws_net_profit,>=,50.0,web_sales.ws_sales_price,<=,150.0,web_sales.ws_sales_price,>=,100.0,web_sales.ws_sales_price,<=,200.0,web_sales.ws_net_profit,<=,250.0,web_sales.ws_net_profit,<=,300.0,web_sales.ws_sales_price,<=,100.0,web_sales.ws_sales_price,>=,50.0,customer_demographics.cd_education_status,=,1.0,web_sales.ws_sales_price,>=,150.0,web_sales.ws_net_profit,<=,200.0#-1155669349
customer_address,web_sales,web_returns#web_returns.wr_order_number=web_sales.ws_order_number,web_returns.wr_item_sk=web_sales.ws_item_sk,web_returns.wr_refunded_addr_sk=customer_address.ca_address_sk#web_sales.ws_net_profit,>=,150.0,customer_address.ca_country,=,1.0,web_sales.ws_net_profit,>=,100.0,web_sales.ws_net_profit,>=,50.0,web_sales.ws_sales_price,<=,150.0,customer_address.ca_state,IN,3.0,web_sales.ws_sales_price,>=,100.0,web_sales.ws_sales_price,<=,200.0,web_sales.ws_net_profit,<=,250.0,web_sales.ws_net_profit,<=,300.0,web_sales.ws_sales_price,<=,100.0,web_sales.ws_sales_price,>=,50.0,web_sales.ws_sales_price,>=,150.0,web_sales.ws_net_profit,<=,200.0#686353
customer_address,web_sales,web_returns,customer_demographics#web_returns.wr_order_number=web_sales.ws_order_number,web_returns.wr_item_sk=web_sales.ws_item_sk,web_returns.wr_refunded_addr_sk=customer_address.ca_address_sk,web_returns.wr_refunded_cdemo_sk=customer_demographics.cd_demo_sk#web_sales.ws_net_profit,>=,150.0,customer_address.ca_country,=,1.0,customer_demographics.cd_marital_status,=,1.0,web_sales.ws_net_profit,>=,100.0,web_sales.ws_net_profit,>=,50.0,web_sales.ws_sales_price,<=,150.0,customer_address.ca_state,IN,3.0,web_sales.ws_sales_price,>=,100.0,web_sales.ws_sales_price,<=,200.0,web_sales.ws_net_profit,<=,250.0,web_sales.ws_net_profit,<=,300.0,web_sales.ws_sales_price,<=,100.0,web_sales.ws_sales_price,>=,50.0,customer_demographics.cd_education_status,=,1.0,web_sales.ws_sales_price,>=,150.0,web_sales.ws_net_profit,<=,200.0#-1880369341
customer_address,web_sales,web_returns,customer_demographics#web_returns.wr_order_number=web_sales.ws_order_number,web_returns.wr_item_sk=web_sales.ws_item_sk,web_returns.wr_refunded_addr_sk=customer_address.ca_address_sk,web_returns.wr_returning_cdemo_sk=customer_demographics.cd_demo_sk#web_sales.ws_net_profit,>=,150.0,customer_address.ca_country,=,1.0,web_sales.ws_net_profit,>=,100.0,web_sales.ws_net_profit,>=,50.0,web_sales.ws_sales_price,<=,150.0,customer_address.ca_state,IN,3.0,web_sales.ws_sales_price,>=,100.0,web_sales.ws_sales_price,<=,200.0,web_sales.ws_net_profit,<=,250.0,web_sales.ws_net_profit,<=,300.0,web_sales.ws_sales_price,<=,100.0,web_sales.ws_sales_price,>=,50.0,web_sales.ws_sales_price,>=,150.0,web_sales.ws_net_profit,<=,200.0#-872423618
customer_address,web_sales,web_returns,customer_demographics#web_returns.wr_order_number=web_sales.ws_order_number,web_returns.wr_item_sk=web_sales.ws_item_sk,web_returns.wr_refunded_cdemo_sk=customer_demographics.cd_demo_sk,customer_demographics.cd_education_status=customer_demographics.cd_education_status,web_returns.wr_refunded_addr_sk=customer_address.ca_address_sk,customer_demographics.cd_marital_status=customer_demographics.cd_marital_status#web_sales.ws_net_profit,>=,150.0,customer_address.ca_country,=,1.0,customer_demographics.cd_marital_status,=,1.0,web_sales.ws_net_profit,>=,100.0,web_sales.ws_net_profit,>=,50.0,web_sales.ws_sales_price,<=,150.0,customer_address.ca_state,IN,3.0,web_sales.ws_sales_price,>=,100.0,web_sales.ws_sales_price,<=,200.0,web_sales.ws_net_profit,<=,250.0,web_sales.ws_net_profit,<=,300.0,web_sales.ws_sales_price,<=,100.0,web_sales.ws_sales_price,>=,50.0,customer_demographics.cd_education_status,=,1.0,web_sales.ws_sales_price,>=,150.0,web_sales.ws_net_profit,<=,200.0#-704129414
web_sales,reason,web_returns#web_returns.wr_order_number=web_sales.ws_order_number,web_returns.wr_item_sk=web_sales.ws_item_sk,web_returns.wr_reason_sk=reason.r_reason_sk#web_sales.ws_net_profit,>=,150.0,web_sales.ws_net_profit,>=,100.0,web_sales.ws_net_profit,>=,50.0,web_sales.ws_sales_price,<=,150.0,web_sales.ws_sales_price,>=,100.0,web_sales.ws_sales_price,<=,200.0,web_sales.ws_net_profit,<=,250.0,web_sales.ws_net_profit,<=,300.0,web_sales.ws_sales_price,<=,100.0,web_sales.ws_sales_price,>=,50.0,web_sales.ws_sales_price,>=,150.0,web_sales.ws_net_profit,<=,200.0#1580351563
web_sales,reason,web_returns,customer_demographics#web_returns.wr_order_number=web_sales.ws_order_number,web_returns.wr_item_sk=web_sales.ws_item_sk,web_returns.wr_refunded_cdemo_sk=customer_demographics.cd_demo_sk,web_returns.wr_reason_sk=reason.r_reason_sk#web_sales.ws_net_profit,>=,150.0,customer_demographics.cd_marital_status,=,1.0,web_sales.ws_net_profit,>=,100.0,web_sales.ws_net_profit,>=,50.0,web_sales.ws_sales_price,<=,150.0,web_sales.ws_sales_price,>=,100.0,web_sales.ws_sales_price,<=,200.0,web_sales.ws_net_profit,<=,250.0,web_sales.ws_net_profit,<=,300.0,web_sales.ws_sales_price,<=,100.0,web_sales.ws_sales_price,>=,50.0,customer_demographics.cd_education_status,=,1.0,web_sales.ws_sales_price,>=,150.0,web_sales.ws_net_profit,<=,200.0#191581913
web_sales,reason,web_returns,customer_demographics#web_returns.wr_order_number=web_sales.ws_order_number,web_returns.wr_item_sk=web_sales.ws_item_sk,web_returns.wr_returning_cdemo_sk=customer_demographics.cd_demo_sk,web_returns.wr_reason_sk=reason.r_reason_sk#web_sales.ws_net_profit,>=,150.0,web_sales.ws_net_profit,>=,100.0,web_sales.ws_net_profit,>=,50.0,web_sales.ws_sales_price,<=,150.0,web_sales.ws_sales_price,>=,100.0,web_sales.ws_sales_price,<=,200.0,web_sales.ws_net_profit,<=,250.0,web_sales.ws_net_profit,<=,300.0,web_sales.ws_sales_price,<=,100.0,web_sales.ws_sales_price,>=,50.0,web_sales.ws_sales_price,>=,150.0,web_sales.ws_net_profit,<=,200.0#676190362
web_sales,reason,web_returns,customer_demographics#web_returns.wr_order_number=web_sales.ws_order_number,web_returns.wr_item_sk=web_sales.ws_item_sk,customer_demographics.cd_education_status=customer_demographics.cd_education_status,customer_demographics.cd_demo_sk=web_returns.wr_refunded_cdemo_sk,customer_demographics.cd_marital_status=customer_demographics.cd_marital_status,web_returns.wr_reason_sk=reason.r_reason_sk#web_sales.ws_net_profit,>=,150.0,customer_demographics.cd_marital_status,=,1.0,web_sales.ws_net_profit,>=,100.0,web_sales.ws_net_profit,>=,50.0,web_sales.ws_sales_price,<=,150.0,web_sales.ws_sales_price,>=,100.0,web_sales.ws_sales_price,<=,200.0,web_sales.ws_net_profit,<=,250.0,web_sales.ws_net_profit,<=,300.0,web_sales.ws_sales_price,<=,100.0,web_sales.ws_sales_price,>=,50.0,customer_demographics.cd_education_status,=,1.0,web_sales.ws_sales_price,>=,150.0,web_sales.ws_net_profit,<=,200.0#36577748
customer_address,web_sales,reason,web_returns#web_sales.ws_item_sk=web_returns.wr_item_sk,web_sales.ws_order_number=web_returns.wr_order_number,web_returns.wr_refunded_addr_sk=customer_address.ca_address_sk,web_returns.wr_reason_sk=reason.r_reason_sk#web_sales.ws_net_profit,>=,150.0,customer_address.ca_country,=,1.0,customer_address.ca_state,IN,3.0,web_sales.ws_net_profit,>=,100.0,web_sales.ws_net_profit,>=,50.0,web_sales.ws_sales_price,<=,150.0,web_sales.ws_sales_price,>=,150.0,web_sales.ws_sales_price,>=,100.0,web_sales.ws_sales_price,<=,200.0,web_sales.ws_net_profit,<=,250.0,web_sales.ws_net_profit,<=,300.0,web_sales.ws_sales_price,>=,50.0,web_sales.ws_sales_price,<=,100.0,web_sales.ws_net_profit,<=,200.0#1519911610
customer_address,web_sales,reason,web_returns,customer_demographics#web_returns.wr_order_number=web_sales.ws_order_number,web_returns.wr_item_sk=web_sales.ws_item_sk,web_returns.wr_refunded_cdemo_sk=customer_demographics.cd_demo_sk,web_returns.wr_refunded_addr_sk=customer_address.ca_address_sk,web_returns.wr_reason_sk=reason.r_reason_sk#web_sales.ws_net_profit,>=,150.0,customer_address.ca_country,=,1.0,customer_demographics.cd_marital_status,=,1.0,web_sales.ws_net_profit,>=,100.0,web_sales.ws_net_profit,>=,50.0,web_sales.ws_sales_price,<=,150.0,customer_address.ca_state,IN,3.0,web_sales.ws_sales_price,>=,100.0,web_sales.ws_sales_price,<=,200.0,web_sales.ws_net_profit,<=,250.0,web_sales.ws_net_profit,<=,300.0,web_sales.ws_sales_price,<=,100.0,web_sales.ws_sales_price,>=,50.0,customer_demographics.cd_education_status,=,1.0,web_sales.ws_sales_price,>=,150.0,web_sales.ws_net_profit,<=,200.0#323913144
customer_address,web_sales,reason,web_returns,customer_demographics#web_sales.ws_item_sk=web_returns.wr_item_sk,web_returns.wr_returning_cdemo_sk=customer_demographics.cd_demo_sk,web_sales.ws_order_number=web_returns.wr_order_number,web_returns.wr_refunded_addr_sk=customer_address.ca_address_sk,web_returns.wr_reason_sk=reason.r_reason_sk#web_sales.ws_net_profit,>=,150.0,customer_address.ca_country,=,1.0,customer_address.ca_state,IN,3.0,web_sales.ws_net_profit,>=,100.0,web_sales.ws_net_profit,>=,50.0,web_sales.ws_sales_price,<=,150.0,web_sales.ws_sales_price,>=,150.0,web_sales.ws_sales_price,>=,100.0,web_sales.ws_sales_price,<=,200.0,web_sales.ws_net_profit,<=,250.0,web_sales.ws_net_profit,<=,300.0,web_sales.ws_sales_price,>=,50.0,web_sales.ws_sales_price,<=,100.0,web_sales.ws_net_profit,<=,200.0#1634087435
customer_address,web_sales,reason,web_returns,customer_demographics#web_sales.ws_item_sk=web_returns.wr_item_sk,web_returns.wr_refunded_cdemo_sk=customer_demographics.cd_demo_sk,customer_demographics.cd_education_status=customer_demographics.cd_education_status,web_sales.ws_order_number=web_returns.wr_order_number,web_returns.wr_refunded_addr_sk=customer_address.ca_address_sk,customer_demographics.cd_marital_status=customer_demographics.cd_marital_status,web_returns.wr_reason_sk=reason.r_reason_sk#customer_address.ca_country,=,1.0,customer_demographics.cd_marital_status,=,1.0,customer_address.ca_state,IN,3.0,web_sales.ws_net_profit,>=,100.0,web_sales.ws_net_profit,>=,50.0,web_sales.ws_sales_price,<=,150.0,web_sales.ws_sales_price,<=,200.0,web_sales.ws_net_profit,<=,250.0,web_sales.ws_sales_price,>=,50.0,web_sales.ws_sales_price,<=,100.0,web_sales.ws_net_profit,<=,200.0,web_sales.ws_net_profit,>=,150.0,web_sales.ws_sales_price,>=,100.0,web_sales.ws_net_profit,<=,300.0,customer_demographics.cd_education_status,=,1.0,web_sales.ws_sales_price,>=,150.0#1732984931
web_page,web_sales,web_returns,customer_demographics#web_sales.ws_web_page_sk=web_page.wp_web_page_sk,web_returns.wr_item_sk=web_sales.ws_item_sk,web_returns.wr_order_number=web_sales.ws_order_number,web_returns.wr_refunded_cdemo_sk=customer_demographics.cd_demo_sk#web_sales.ws_net_profit,>=,150.0,customer_demographics.cd_marital_status,=,1.0,web_sales.ws_net_profit,>=,100.0,web_sales.ws_net_profit,>=,50.0,web_sales.ws_sales_price,<=,150.0,web_sales.ws_sales_price,>=,100.0,web_sales.ws_sales_price,<=,200.0,web_sales.ws_net_profit,<=,250.0,web_sales.ws_net_profit,<=,300.0,web_sales.ws_sales_price,<=,100.0,web_sales.ws_sales_price,>=,50.0,customer_demographics.cd_education_status,=,1.0,web_sales.ws_sales_price,>=,150.0,web_sales.ws_net_profit,<=,200.0#1044784227
web_page,web_sales,web_returns,customer_demographics#web_sales.ws_web_page_sk=web_page.wp_web_page_sk,web_returns.wr_item_sk=web_sales.ws_item_sk,web_returns.wr_order_number=web_sales.ws_order_number,web_returns.wr_returning_cdemo_sk=customer_demographics.cd_demo_sk#web_sales.ws_net_profit,>=,150.0,web_sales.ws_net_profit,>=,100.0,web_sales.ws_net_profit,>=,50.0,web_sales.ws_sales_price,<=,150.0,web_sales.ws_sales_price,>=,100.0,web_sales.ws_sales_price,<=,200.0,web_sales.ws_net_profit,<=,250.0,web_sales.ws_net_profit,<=,300.0,web_sales.ws_sales_price,<=,100.0,web_sales.ws_sales_price,>=,50.0,web_sales.ws_sales_price,>=,150.0,web_sales.ws_net_profit,<=,200.0#396292666
web_page,web_sales,web_returns,customer_demographics#web_sales.ws_web_page_sk=web_page.wp_web_page_sk,web_returns.wr_order_number=web_sales.ws_order_number,web_returns.wr_item_sk=web_sales.ws_item_sk,web_returns.wr_refunded_cdemo_sk=customer_demographics.cd_demo_sk,customer_demographics.cd_education_status=customer_demographics.cd_education_status,customer_demographics.cd_marital_status=customer_demographics.cd_marital_status#web_sales.ws_net_profit,>=,150.0,customer_demographics.cd_marital_status,=,1.0,web_sales.ws_net_profit,>=,100.0,web_sales.ws_net_profit,>=,50.0,web_sales.ws_sales_price,<=,150.0,web_sales.ws_sales_price,>=,100.0,web_sales.ws_sales_price,<=,200.0,web_sales.ws_net_profit,<=,250.0,web_sales.ws_net_profit,<=,300.0,web_sales.ws_sales_price,<=,100.0,web_sales.ws_sales_price,>=,50.0,customer_demographics.cd_education_status,=,1.0,web_sales.ws_sales_price,>=,150.0,web_sales.ws_net_profit,<=,200.0#1030484378
web_page,web_sales,customer_address,web_returns#web_sales.ws_web_page_sk=web_page.wp_web_page_sk,web_returns.wr_item_sk=web_sales.ws_item_sk,web_returns.wr_refunded_addr_sk=customer_address.ca_address_sk,web_returns.wr_order_number=web_sales.ws_order_number#web_sales.ws_net_profit,>=,150.0,customer_address.ca_country,=,1.0,web_sales.ws_net_profit,>=,100.0,web_sales.ws_net_profit,>=,50.0,web_sales.ws_sales_price,<=,150.0,customer_address.ca_state,IN,3.0,web_sales.ws_sales_price,>=,100.0,web_sales.ws_sales_price,<=,200.0,web_sales.ws_net_profit,<=,250.0,web_sales.ws_net_profit,<=,300.0,web_sales.ws_sales_price,<=,100.0,web_sales.ws_sales_price,>=,50.0,web_sales.ws_sales_price,>=,150.0,web_sales.ws_net_profit,<=,200.0#1899580010
web_page,web_sales,customer_address,web_returns,customer_demographics#web_sales.ws_web_page_sk=web_page.wp_web_page_sk,web_returns.wr_order_number=web_sales.ws_order_number,web_returns.wr_item_sk=web_sales.ws_item_sk,web_returns.wr_refunded_cdemo_sk=customer_demographics.cd_demo_sk,web_returns.wr_refunded_addr_sk=customer_address.ca_address_sk#web_sales.ws_net_profit,>=,150.0,customer_address.ca_country,=,1.0,customer_demographics.cd_marital_status,=,1.0,web_sales.ws_net_profit,>=,100.0,web_sales.ws_net_profit,>=,50.0,web_sales.ws_sales_price,<=,150.0,customer_address.ca_state,IN,3.0,web_sales.ws_sales_price,>=,100.0,web_sales.ws_sales_price,<=,200.0,web_sales.ws_net_profit,<=,250.0,web_sales.ws_net_profit,<=,300.0,web_sales.ws_sales_price,<=,100.0,web_sales.ws_sales_price,>=,50.0,customer_demographics.cd_education_status,=,1.0,web_sales.ws_sales_price,>=,150.0,web_sales.ws_net_profit,<=,200.0#-1715990244
web_page,web_sales,customer_address,web_returns,customer_demographics#web_sales.ws_web_page_sk=web_page.wp_web_page_sk,web_returns.wr_order_number=web_sales.ws_order_number,web_returns.wr_item_sk=web_sales.ws_item_sk,web_returns.wr_returning_cdemo_sk=customer_demographics.cd_demo_sk,web_returns.wr_refunded_addr_sk=customer_address.ca_address_sk#web_sales.ws_net_profit,>=,150.0,customer_address.ca_country,=,1.0,web_sales.ws_net_profit,>=,100.0,web_sales.ws_net_profit,>=,50.0,web_sales.ws_sales_price,<=,150.0,customer_address.ca_state,IN,3.0,web_sales.ws_sales_price,>=,100.0,web_sales.ws_sales_price,<=,200.0,web_sales.ws_net_profit,<=,250.0,web_sales.ws_net_profit,<=,300.0,web_sales.ws_sales_price,<=,100.0,web_sales.ws_sales_price,>=,50.0,web_sales.ws_sales_price,>=,150.0,web_sales.ws_net_profit,<=,200.0#1839374999
web_page,web_sales,customer_address,web_returns,customer_demographics#web_sales.ws_web_page_sk=web_page.wp_web_page_sk,web_returns.wr_order_number=web_sales.ws_order_number,web_returns.wr_item_sk=web_sales.ws_item_sk,web_returns.wr_refunded_cdemo_sk=customer_demographics.cd_demo_sk,customer_demographics.cd_education_status=customer_demographics.cd_education_status,web_returns.wr_refunded_addr_sk=customer_address.ca_address_sk,customer_demographics.cd_marital_status=customer_demographics.cd_marital_status#web_sales.ws_net_profit,>=,150.0,customer_address.ca_country,=,1.0,customer_demographics.cd_marital_status,=,1.0,web_sales.ws_net_profit,>=,100.0,web_sales.ws_net_profit,>=,50.0,web_sales.ws_sales_price,<=,150.0,customer_address.ca_state,IN,3.0,web_sales.ws_sales_price,>=,100.0,web_sales.ws_sales_price,<=,200.0,web_sales.ws_net_profit,<=,250.0,web_sales.ws_net_profit,<=,300.0,web_sales.ws_sales_price,<=,100.0,web_sales.ws_sales_price,>=,50.0,customer_demographics.cd_education_status,=,1.0,web_sales.ws_sales_price,>=,150.0,web_sales.ws_net_profit,<=,200.0#-974987693
web_page,web_sales,reason,web_returns#web_sales.ws_web_page_sk=web_page.wp_web_page_sk,web_returns.wr_item_sk=web_sales.ws_item_sk,web_returns.wr_order_number=web_sales.ws_order_number,web_returns.wr_reason_sk=reason.r_reason_sk#web_sales.ws_net_profit,>=,150.0,web_sales.ws_net_profit,>=,100.0,web_sales.ws_net_profit,>=,50.0,web_sales.ws_sales_price,<=,150.0,web_sales.ws_sales_price,>=,100.0,web_sales.ws_sales_price,<=,200.0,web_sales.ws_net_profit,<=,250.0,web_sales.ws_net_profit,<=,300.0,web_sales.ws_sales_price,<=,100.0,web_sales.ws_sales_price,>=,50.0,web_sales.ws_sales_price,>=,150.0,web_sales.ws_net_profit,<=,200.0#-97942128
web_page,web_sales,reason,web_returns,customer_demographics#web_sales.ws_web_page_sk=web_page.wp_web_page_sk,web_returns.wr_order_number=web_sales.ws_order_number,web_returns.wr_item_sk=web_sales.ws_item_sk,web_returns.wr_refunded_cdemo_sk=customer_demographics.cd_demo_sk,web_returns.wr_reason_sk=reason.r_reason_sk#web_sales.ws_net_profit,>=,150.0,customer_demographics.cd_marital_status,=,1.0,web_sales.ws_net_profit,>=,100.0,web_sales.ws_net_profit,>=,50.0,web_sales.ws_sales_price,<=,150.0,web_sales.ws_sales_price,>=,100.0,web_sales.ws_sales_price,<=,200.0,web_sales.ws_net_profit,<=,250.0,web_sales.ws_net_profit,<=,300.0,web_sales.ws_sales_price,<=,100.0,web_sales.ws_sales_price,>=,50.0,customer_demographics.cd_education_status,=,1.0,web_sales.ws_sales_price,>=,150.0,web_sales.ws_net_profit,<=,200.0#-256667176
web_page,web_sales,reason,web_returns,customer_demographics#web_sales.ws_web_page_sk=web_page.wp_web_page_sk,web_returns.wr_order_number=web_sales.ws_order_number,web_returns.wr_item_sk=web_sales.ws_item_sk,web_returns.wr_returning_cdemo_sk=customer_demographics.cd_demo_sk,web_returns.wr_reason_sk=reason.r_reason_sk#web_sales.ws_net_profit,>=,150.0,web_sales.ws_net_profit,>=,100.0,web_sales.ws_net_profit,>=,50.0,web_sales.ws_sales_price,<=,150.0,web_sales.ws_sales_price,>=,100.0,web_sales.ws_sales_price,<=,200.0,web_sales.ws_net_profit,<=,250.0,web_sales.ws_net_profit,<=,300.0,web_sales.ws_sales_price,<=,100.0,web_sales.ws_sales_price,>=,50.0,web_sales.ws_sales_price,>=,150.0,web_sales.ws_net_profit,<=,200.0#-1908108833
web_page,web_sales,reason,web_returns,customer_demographics#web_sales.ws_web_page_sk=web_page.wp_web_page_sk,web_returns.wr_order_number=web_sales.ws_order_number,web_returns.wr_item_sk=web_sales.ws_item_sk,web_returns.wr_refunded_cdemo_sk=customer_demographics.cd_demo_sk,customer_demographics.cd_education_status=customer_demographics.cd_education_status,customer_demographics.cd_marital_status=customer_demographics.cd_marital_status,web_returns.wr_reason_sk=reason.r_reason_sk#web_sales.ws_net_profit,>=,150.0,customer_demographics.cd_marital_status,=,1.0,web_sales.ws_net_profit,>=,100.0,web_sales.ws_net_profit,>=,50.0,web_sales.ws_sales_price,<=,150.0,web_sales.ws_sales_price,>=,100.0,web_sales.ws_sales_price,<=,200.0,web_sales.ws_net_profit,<=,250.0,web_sales.ws_net_profit,<=,300.0,web_sales.ws_sales_price,<=,100.0,web_sales.ws_sales_price,>=,50.0,customer_demographics.cd_education_status,=,1.0,web_sales.ws_sales_price,>=,150.0,web_sales.ws_net_profit,<=,200.0#498009243
web_page,web_sales,customer_address,reason,web_returns#web_sales.ws_web_page_sk=web_page.wp_web_page_sk,web_sales.ws_item_sk=web_returns.wr_item_sk,web_sales.ws_order_number=web_returns.wr_order_number,web_returns.wr_refunded_addr_sk=customer_address.ca_address_sk,web_returns.wr_reason_sk=reason.r_reason_sk#web_sales.ws_net_profit,>=,150.0,customer_address.ca_country,=,1.0,customer_address.ca_state,IN,3.0,web_sales.ws_net_profit,>=,100.0,web_sales.ws_net_profit,>=,50.0,web_sales.ws_sales_price,<=,150.0,web_sales.ws_sales_price,>=,150.0,web_sales.ws_sales_price,>=,100.0,web_sales.ws_sales_price,<=,200.0,web_sales.ws_net_profit,<=,250.0,web_sales.ws_net_profit,<=,300.0,web_sales.ws_sales_price,>=,50.0,web_sales.ws_sales_price,<=,100.0,web_sales.ws_net_profit,<=,200.0#147112447
web_page,web_sales,reason,customer_address,web_returns,customer_demographics#web_sales.ws_web_page_sk=web_page.wp_web_page_sk,web_returns.wr_order_number=web_sales.ws_order_number,web_returns.wr_item_sk=web_sales.ws_item_sk,web_returns.wr_refunded_cdemo_sk=customer_demographics.cd_demo_sk,web_returns.wr_refunded_addr_sk=customer_address.ca_address_sk,web_returns.wr_reason_sk=reason.r_reason_sk#web_sales.ws_net_profit,>=,150.0,customer_address.ca_country,=,1.0,customer_demographics.cd_marital_status,=,1.0,web_sales.ws_net_profit,>=,100.0,web_sales.ws_net_profit,>=,50.0,web_sales.ws_sales_price,<=,150.0,customer_address.ca_state,IN,3.0,web_sales.ws_sales_price,>=,100.0,web_sales.ws_sales_price,<=,200.0,web_sales.ws_net_profit,<=,250.0,web_sales.ws_net_profit,<=,300.0,web_sales.ws_sales_price,<=,100.0,web_sales.ws_sales_price,>=,50.0,customer_demographics.cd_education_status,=,1.0,web_sales.ws_sales_price,>=,150.0,web_sales.ws_net_profit,<=,200.0#36734077
web_page,web_sales,customer_address,reason,web_returns,customer_demographics#web_sales.ws_web_page_sk=web_page.wp_web_page_sk,web_sales.ws_item_sk=web_returns.wr_item_sk,web_returns.wr_returning_cdemo_sk=customer_demographics.cd_demo_sk,web_sales.ws_order_number=web_returns.wr_order_number,web_returns.wr_refunded_addr_sk=customer_address.ca_address_sk,web_returns.wr_reason_sk=reason.r_reason_sk#web_sales.ws_net_profit,>=,150.0,customer_address.ca_country,=,1.0,customer_address.ca_state,IN,3.0,web_sales.ws_net_profit,>=,100.0,web_sales.ws_net_profit,>=,50.0,web_sales.ws_sales_price,<=,150.0,web_sales.ws_sales_price,>=,150.0,web_sales.ws_sales_price,>=,100.0,web_sales.ws_sales_price,<=,200.0,web_sales.ws_net_profit,<=,250.0,web_sales.ws_net_profit,<=,300.0,web_sales.ws_sales_price,>=,50.0,web_sales.ws_sales_price,<=,100.0,web_sales.ws_net_profit,<=,200.0#1669970086
web_page,web_sales,reason,customer_address,web_returns,customer_demographics#web_sales.ws_web_page_sk=web_page.wp_web_page_sk,web_returns.wr_order_number=web_sales.ws_order_number,web_returns.wr_item_sk=web_sales.ws_item_sk,web_returns.wr_refunded_cdemo_sk=customer_demographics.cd_demo_sk,customer_demographics.cd_education_status=customer_demographics.cd_education_status,web_returns.wr_refunded_addr_sk=customer_address.ca_address_sk,customer_demographics.cd_marital_status=customer_demographics.cd_marital_status,web_returns.wr_reason_sk=reason.r_reason_sk#web_sales.ws_net_profit,>=,150.0,customer_address.ca_country,=,1.0,customer_demographics.cd_marital_status,=,1.0,web_sales.ws_net_profit,>=,100.0,web_sales.ws_net_profit,>=,50.0,web_sales.ws_sales_price,<=,150.0,customer_address.ca_state,IN,3.0,web_sales.ws_sales_price,>=,100.0,web_sales.ws_sales_price,<=,200.0,web_sales.ws_net_profit,<=,250.0,web_sales.ws_net_profit,<=,300.0,web_sales.ws_sales_price,<=,100.0,web_sales.ws_sales_price,>=,50.0,customer_demographics.cd_education_status,=,1.0,web_sales.ws_sales_price,>=,150.0,web_sales.ws_net_profit,<=,200.0#-1814220394
web_sales,web_returns,date_dim,customer_demographics#web_returns.wr_order_number=web_sales.ws_order_number,web_returns.wr_item_sk=web_sales.ws_item_sk,web_sales.ws_sold_date_sk=date_dim.d_date_sk,web_returns.wr_refunded_cdemo_sk=customer_demographics.cd_demo_sk#web_sales.ws_net_profit,>=,150.0,customer_demographics.cd_marital_status,=,1.0,date_dim.d_year,=,2000.0,web_sales.ws_net_profit,>=,100.0,web_sales.ws_net_profit,>=,50.0,web_sales.ws_sales_price,<=,150.0,web_sales.ws_sales_price,>=,150.0,web_sales.ws_sales_price,>=,100.0,web_sales.ws_sales_price,<=,200.0,web_sales.ws_net_profit,<=,250.0,web_sales.ws_net_profit,<=,300.0,web_sales.ws_sales_price,>=,50.0,customer_demographics.cd_education_status,=,1.0,web_sales.ws_sales_price,<=,100.0,web_sales.ws_net_profit,<=,200.0#2065572656
web_sales,web_returns,date_dim,customer_demographics#web_returns.wr_order_number=web_sales.ws_order_number,web_returns.wr_item_sk=web_sales.ws_item_sk,web_sales.ws_sold_date_sk=date_dim.d_date_sk,web_returns.wr_returning_cdemo_sk=customer_demographics.cd_demo_sk#web_sales.ws_net_profit,>=,150.0,date_dim.d_year,=,2000.0,web_sales.ws_net_profit,>=,100.0,web_sales.ws_net_profit,>=,50.0,web_sales.ws_sales_price,<=,150.0,web_sales.ws_sales_price,>=,150.0,web_sales.ws_sales_price,>=,100.0,web_sales.ws_sales_price,<=,200.0,web_sales.ws_net_profit,<=,250.0,web_sales.ws_net_profit,<=,300.0,web_sales.ws_sales_price,>=,50.0,web_sales.ws_sales_price,<=,100.0,web_sales.ws_net_profit,<=,200.0#-35388623
web_sales,web_returns,date_dim,customer_demographics#web_returns.wr_order_number=web_sales.ws_order_number,web_returns.wr_item_sk=web_sales.ws_item_sk,customer_demographics.cd_marital_status=customer_demographics.cd_marital_status,customer_demographics.cd_education_status=customer_demographics.cd_education_status,customer_demographics.cd_demo_sk=web_returns.wr_refunded_cdemo_sk,web_sales.ws_sold_date_sk=date_dim.d_date_sk#web_sales.ws_net_profit,>=,150.0,customer_demographics.cd_marital_status,=,1.0,date_dim.d_year,=,2000.0,web_sales.ws_net_profit,>=,100.0,web_sales.ws_net_profit,>=,50.0,web_sales.ws_sales_price,<=,150.0,web_sales.ws_sales_price,>=,150.0,web_sales.ws_sales_price,>=,100.0,web_sales.ws_sales_price,<=,200.0,web_sales.ws_net_profit,<=,250.0,web_sales.ws_net_profit,<=,300.0,web_sales.ws_sales_price,>=,50.0,customer_demographics.cd_education_status,=,1.0,web_sales.ws_sales_price,<=,100.0,web_sales.ws_net_profit,<=,200.0#-433374847
customer_address,web_sales,web_returns,date_dim#web_returns.wr_order_number=web_sales.ws_order_number,web_returns.wr_item_sk=web_sales.ws_item_sk,web_returns.wr_refunded_addr_sk=customer_address.ca_address_sk,web_sales.ws_sold_date_sk=date_dim.d_date_sk#web_sales.ws_net_profit,>=,150.0,customer_address.ca_country,=,1.0,date_dim.d_year,=,2000.0,web_sales.ws_net_profit,>=,100.0,web_sales.ws_net_profit,>=,50.0,web_sales.ws_sales_price,<=,150.0,web_sales.ws_sales_price,>=,150.0,web_sales.ws_sales_price,>=,100.0,web_sales.ws_sales_price,<=,200.0,web_sales.ws_net_profit,<=,250.0,customer_address.ca_state,IN,3.0,web_sales.ws_net_profit,<=,300.0,web_sales.ws_sales_price,>=,50.0,web_sales.ws_sales_price,<=,100.0,web_sales.ws_net_profit,<=,200.0#-1927535241
customer_address,web_sales,web_returns,date_dim,customer_demographics#web_returns.wr_order_number=web_sales.ws_order_number,web_returns.wr_item_sk=web_sales.ws_item_sk,web_returns.wr_refunded_cdemo_sk=customer_demographics.cd_demo_sk,web_returns.wr_refunded_addr_sk=customer_address.ca_address_sk,web_sales.ws_sold_date_sk=date_dim.d_date_sk#web_sales.ws_net_profit,>=,150.0,customer_address.ca_country,=,1.0,customer_demographics.cd_marital_status,=,1.0,date_dim.d_year,=,2000.0,web_sales.ws_net_profit,>=,100.0,web_sales.ws_net_profit,>=,50.0,web_sales.ws_sales_price,<=,150.0,web_sales.ws_sales_price,>=,150.0,web_sales.ws_sales_price,>=,100.0,web_sales.ws_sales_price,<=,200.0,web_sales.ws_net_profit,<=,250.0,customer_address.ca_state,IN,3.0,web_sales.ws_net_profit,<=,300.0,web_sales.ws_sales_price,>=,50.0,customer_demographics.cd_education_status,=,1.0,web_sales.ws_sales_price,<=,100.0,web_sales.ws_net_profit,<=,200.0#213743657
customer_address,web_sales,web_returns,date_dim,customer_demographics#web_returns.wr_order_number=web_sales.ws_order_number,web_returns.wr_item_sk=web_sales.ws_item_sk,web_returns.wr_returning_cdemo_sk=customer_demographics.cd_demo_sk,web_returns.wr_refunded_addr_sk=customer_address.ca_address_sk,web_sales.ws_sold_date_sk=date_dim.d_date_sk#web_sales.ws_net_profit,>=,150.0,customer_address.ca_country,=,1.0,date_dim.d_year,=,2000.0,web_sales.ws_net_profit,>=,100.0,web_sales.ws_net_profit,>=,50.0,web_sales.ws_sales_price,<=,150.0,web_sales.ws_sales_price,>=,150.0,web_sales.ws_sales_price,>=,100.0,web_sales.ws_sales_price,<=,200.0,web_sales.ws_net_profit,<=,250.0,customer_address.ca_state,IN,3.0,web_sales.ws_net_profit,<=,300.0,web_sales.ws_sales_price,>=,50.0,web_sales.ws_sales_price,<=,100.0,web_sales.ws_net_profit,<=,200.0#1395776228
customer_address,web_sales,web_returns,date_dim,customer_demographics#web_returns.wr_order_number=web_sales.ws_order_number,web_returns.wr_item_sk=web_sales.ws_item_sk,customer_demographics.cd_marital_status=customer_demographics.cd_marital_status,web_returns.wr_refunded_cdemo_sk=customer_demographics.cd_demo_sk,customer_demographics.cd_education_status=customer_demographics.cd_education_status,web_returns.wr_refunded_addr_sk=customer_address.ca_address_sk,web_sales.ws_sold_date_sk=date_dim.d_date_sk#web_sales.ws_net_profit,>=,150.0,customer_address.ca_country,=,1.0,customer_demographics.cd_marital_status,=,1.0,date_dim.d_year,=,2000.0,web_sales.ws_net_profit,>=,100.0,web_sales.ws_net_profit,>=,50.0,web_sales.ws_sales_price,<=,150.0,web_sales.ws_sales_price,>=,150.0,web_sales.ws_sales_price,>=,100.0,web_sales.ws_sales_price,<=,200.0,web_sales.ws_net_profit,<=,250.0,customer_address.ca_state,IN,3.0,web_sales.ws_net_profit,<=,300.0,web_sales.ws_sales_price,>=,50.0,customer_demographics.cd_education_status,=,1.0,web_sales.ws_sales_price,<=,100.0,web_sales.ws_net_profit,<=,200.0#-615034592
web_sales,reason,web_returns,date_dim#web_sales.ws_item_sk=web_returns.wr_item_sk,web_sales.ws_order_number=web_returns.wr_order_number,web_sales.ws_sold_date_sk=date_dim.d_date_sk,web_returns.wr_reason_sk=reason.r_reason_sk#web_sales.ws_net_profit,>=,150.0,date_dim.d_year,=,2000.0,web_sales.ws_net_profit,>=,100.0,web_sales.ws_net_profit,>=,50.0,web_sales.ws_sales_price,<=,150.0,web_sales.ws_sales_price,>=,150.0,web_sales.ws_sales_price,>=,100.0,web_sales.ws_sales_price,<=,200.0,web_sales.ws_net_profit,<=,250.0,web_sales.ws_net_profit,<=,300.0,web_sales.ws_sales_price,>=,50.0,web_sales.ws_sales_price,<=,100.0,web_sales.ws_net_profit,<=,200.0#-1465362261
web_sales,reason,web_returns,date_dim,customer_demographics#web_returns.wr_order_number=web_sales.ws_order_number,web_returns.wr_item_sk=web_sales.ws_item_sk,web_returns.wr_refunded_cdemo_sk=customer_demographics.cd_demo_sk,web_sales.ws_sold_date_sk=date_dim.d_date_sk,web_returns.wr_reason_sk=reason.r_reason_sk#web_sales.ws_net_profit,>=,150.0,customer_demographics.cd_marital_status,=,1.0,date_dim.d_year,=,2000.0,web_sales.ws_net_profit,>=,100.0,web_sales.ws_net_profit,>=,50.0,web_sales.ws_sales_price,<=,150.0,web_sales.ws_sales_price,>=,150.0,web_sales.ws_sales_price,>=,100.0,web_sales.ws_sales_price,<=,200.0,web_sales.ws_net_profit,<=,250.0,web_sales.ws_net_profit,<=,300.0,web_sales.ws_sales_price,>=,50.0,customer_demographics.cd_education_status,=,1.0,web_sales.ws_sales_price,<=,100.0,web_sales.ws_net_profit,<=,200.0#-1999106753
web_sales,reason,web_returns,date_dim,customer_demographics#web_returns.wr_order_number=web_sales.ws_order_number,web_returns.wr_item_sk=web_sales.ws_item_sk,web_returns.wr_returning_cdemo_sk=customer_demographics.cd_demo_sk,web_sales.ws_sold_date_sk=date_dim.d_date_sk,web_returns.wr_reason_sk=reason.r_reason_sk#web_sales.ws_net_profit,>=,150.0,date_dim.d_year,=,2000.0,web_sales.ws_net_profit,>=,100.0,web_sales.ws_net_profit,>=,50.0,web_sales.ws_sales_price,<=,150.0,web_sales.ws_sales_price,>=,150.0,web_sales.ws_sales_price,>=,100.0,web_sales.ws_sales_price,<=,200.0,web_sales.ws_net_profit,<=,250.0,web_sales.ws_net_profit,<=,300.0,web_sales.ws_sales_price,>=,50.0,web_sales.ws_sales_price,<=,100.0,web_sales.ws_net_profit,<=,200.0#589641076
web_sales,reason,web_returns,date_dim,customer_demographics#web_returns.wr_order_number=web_sales.ws_order_number,web_returns.wr_item_sk=web_sales.ws_item_sk,customer_demographics.cd_marital_status=customer_demographics.cd_marital_status,customer_demographics.cd_education_status=customer_demographics.cd_education_status,customer_demographics.cd_demo_sk=web_returns.wr_refunded_cdemo_sk,web_sales.ws_sold_date_sk=date_dim.d_date_sk,web_returns.wr_reason_sk=reason.r_reason_sk#web_sales.ws_net_profit,>=,150.0,customer_demographics.cd_marital_status,=,1.0,date_dim.d_year,=,2000.0,web_sales.ws_net_profit,>=,100.0,web_sales.ws_net_profit,>=,50.0,web_sales.ws_sales_price,<=,150.0,web_sales.ws_sales_price,>=,150.0,web_sales.ws_sales_price,>=,100.0,web_sales.ws_sales_price,<=,200.0,web_sales.ws_net_profit,<=,250.0,web_sales.ws_net_profit,<=,300.0,web_sales.ws_sales_price,>=,50.0,customer_demographics.cd_education_status,=,1.0,web_sales.ws_sales_price,<=,100.0,web_sales.ws_net_profit,<=,200.0#1347025658
customer_address,web_sales,reason,web_returns,date_dim#web_sales.ws_item_sk=web_returns.wr_item_sk,web_sales.ws_order_number=web_returns.wr_order_number,web_returns.wr_refunded_addr_sk=customer_address.ca_address_sk,web_sales.ws_sold_date_sk=date_dim.d_date_sk,web_returns.wr_reason_sk=reason.r_reason_sk#web_sales.ws_net_profit,>=,150.0,customer_address.ca_country,=,1.0,date_dim.d_year,=,2000.0,customer_address.ca_state,IN,3.0,web_sales.ws_net_profit,>=,100.0,web_sales.ws_net_profit,>=,50.0,web_sales.ws_sales_price,<=,150.0,web_sales.ws_sales_price,>=,100.0,web_sales.ws_sales_price,<=,200.0,web_sales.ws_net_profit,<=,250.0,web_sales.ws_sales_price,>=,150.0,web_sales.ws_net_profit,<=,300.0,web_sales.ws_sales_price,>=,50.0,web_sales.ws_sales_price,<=,100.0,web_sales.ws_net_profit,<=,200.0#1973443744
customer_address,web_sales,reason,web_returns,date_dim,customer_demographics#web_returns.wr_order_number=web_sales.ws_order_number,web_returns.wr_item_sk=web_sales.ws_item_sk,web_returns.wr_refunded_cdemo_sk=customer_demographics.cd_demo_sk,web_returns.wr_refunded_addr_sk=customer_address.ca_address_sk,web_sales.ws_sold_date_sk=date_dim.d_date_sk,web_returns.wr_reason_sk=reason.r_reason_sk#web_sales.ws_net_profit,>=,150.0,customer_address.ca_country,=,1.0,customer_demographics.cd_marital_status,=,1.0,date_dim.d_year,=,2000.0,web_sales.ws_net_profit,>=,100.0,web_sales.ws_net_profit,>=,50.0,web_sales.ws_sales_price,<=,150.0,web_sales.ws_sales_price,>=,150.0,web_sales.ws_sales_price,>=,100.0,web_sales.ws_sales_price,<=,200.0,web_sales.ws_net_profit,<=,250.0,customer_address.ca_state,IN,3.0,web_sales.ws_net_profit,<=,300.0,web_sales.ws_sales_price,>=,50.0,customer_demographics.cd_education_status,=,1.0,web_sales.ws_sales_price,<=,100.0,web_sales.ws_net_profit,<=,200.0#1894363026
customer_address,web_sales,reason,web_returns,date_dim,customer_demographics#web_sales.ws_item_sk=web_returns.wr_item_sk,web_returns.wr_returning_cdemo_sk=customer_demographics.cd_demo_sk,web_sales.ws_order_number=web_returns.wr_order_number,web_returns.wr_refunded_addr_sk=customer_address.ca_address_sk,web_sales.ws_sold_date_sk=date_dim.d_date_sk,web_returns.wr_reason_sk=reason.r_reason_sk#web_sales.ws_net_profit,>=,150.0,customer_address.ca_country,=,1.0,date_dim.d_year,=,2000.0,customer_address.ca_state,IN,3.0,web_sales.ws_net_profit,>=,100.0,web_sales.ws_net_profit,>=,50.0,web_sales.ws_sales_price,<=,150.0,web_sales.ws_sales_price,>=,100.0,web_sales.ws_sales_price,<=,200.0,web_sales.ws_net_profit,<=,250.0,web_sales.ws_sales_price,>=,150.0,web_sales.ws_net_profit,<=,300.0,web_sales.ws_sales_price,>=,50.0,web_sales.ws_sales_price,<=,100.0,web_sales.ws_net_profit,<=,200.0#-1704933723
customer_address,web_sales,reason,web_returns,date_dim,customer_demographics#web_sales.ws_sold_date_sk=date_dim.d_date_sk,web_sales.ws_item_sk=web_returns.wr_item_sk,web_returns.wr_refunded_cdemo_sk=customer_demographics.cd_demo_sk,customer_demographics.cd_education_status=customer_demographics.cd_education_status,web_sales.ws_order_number=web_returns.wr_order_number,web_returns.wr_refunded_addr_sk=customer_address.ca_address_sk,customer_demographics.cd_marital_status=customer_demographics.cd_marital_status,web_returns.wr_reason_sk=reason.r_reason_sk#customer_address.ca_country,=,1.0,customer_demographics.cd_marital_status,=,1.0,customer_address.ca_state,IN,3.0,web_sales.ws_net_profit,>=,100.0,web_sales.ws_net_profit,>=,50.0,web_sales.ws_sales_price,<=,150.0,web_sales.ws_sales_price,<=,200.0,web_sales.ws_net_profit,<=,250.0,web_sales.ws_sales_price,>=,50.0,web_sales.ws_sales_price,<=,100.0,web_sales.ws_net_profit,<=,200.0,web_sales.ws_net_profit,>=,150.0,date_dim.d_year,=,2000.0,web_sales.ws_sales_price,>=,100.0,web_sales.ws_net_profit,<=,300.0,customer_demographics.cd_education_status,=,1.0,web_sales.ws_sales_price,>=,150.0#-1798725047
web_page,web_sales,web_returns,date_dim,customer_demographics#web_sales.ws_web_page_sk=web_page.wp_web_page_sk,web_returns.wr_order_number=web_sales.ws_order_number,web_returns.wr_item_sk=web_sales.ws_item_sk,web_returns.wr_refunded_cdemo_sk=customer_demographics.cd_demo_sk,web_sales.ws_sold_date_sk=date_dim.d_date_sk#web_sales.ws_net_profit,>=,150.0,customer_demographics.cd_marital_status,=,1.0,date_dim.d_year,=,2000.0,web_sales.ws_net_profit,>=,100.0,web_sales.ws_net_profit,>=,50.0,web_sales.ws_sales_price,<=,150.0,web_sales.ws_sales_price,>=,150.0,web_sales.ws_sales_price,>=,100.0,web_sales.ws_sales_price,<=,200.0,web_sales.ws_net_profit,<=,250.0,web_sales.ws_net_profit,<=,300.0,web_sales.ws_sales_price,>=,50.0,customer_demographics.cd_education_status,=,1.0,web_sales.ws_sales_price,<=,100.0,web_sales.ws_net_profit,<=,200.0#1231262561
web_page,web_sales,web_returns,date_dim,customer_demographics#web_sales.ws_web_page_sk=web_page.wp_web_page_sk,web_returns.wr_order_number=web_sales.ws_order_number,web_returns.wr_item_sk=web_sales.ws_item_sk,web_returns.wr_returning_cdemo_sk=customer_demographics.cd_demo_sk,web_sales.ws_sold_date_sk=date_dim.d_date_sk#web_sales.ws_net_profit,>=,150.0,date_dim.d_year,=,2000.0,web_sales.ws_net_profit,>=,100.0,web_sales.ws_net_profit,>=,50.0,web_sales.ws_sales_price,<=,150.0,web_sales.ws_sales_price,>=,150.0,web_sales.ws_sales_price,>=,100.0,web_sales.ws_sales_price,<=,200.0,web_sales.ws_net_profit,<=,250.0,web_sales.ws_net_profit,<=,300.0,web_sales.ws_sales_price,>=,50.0,web_sales.ws_sales_price,<=,100.0,web_sales.ws_net_profit,<=,200.0#785464586
web_page,web_sales,web_returns,date_dim,customer_demographics#web_sales.ws_web_page_sk=web_page.wp_web_page_sk,web_returns.wr_order_number=web_sales.ws_order_number,web_returns.wr_item_sk=web_sales.ws_item_sk,customer_demographics.cd_marital_status=customer_demographics.cd_marital_status,web_returns.wr_refunded_cdemo_sk=customer_demographics.cd_demo_sk,customer_demographics.cd_education_status=customer_demographics.cd_education_status,web_sales.ws_sold_date_sk=date_dim.d_date_sk#web_sales.ws_net_profit,>=,150.0,customer_demographics.cd_marital_status,=,1.0,date_dim.d_year,=,2000.0,web_sales.ws_net_profit,>=,100.0,web_sales.ws_net_profit,>=,50.0,web_sales.ws_sales_price,<=,150.0,web_sales.ws_sales_price,>=,150.0,web_sales.ws_sales_price,>=,100.0,web_sales.ws_sales_price,<=,200.0,web_sales.ws_net_profit,<=,250.0,web_sales.ws_net_profit,<=,300.0,web_sales.ws_sales_price,>=,50.0,customer_demographics.cd_education_status,=,1.0,web_sales.ws_sales_price,<=,100.0,web_sales.ws_net_profit,<=,200.0#-1809271780
web_page,web_sales,customer_address,web_returns,date_dim#web_sales.ws_web_page_sk=web_page.wp_web_page_sk,web_returns.wr_order_number=web_sales.ws_order_number,web_returns.wr_item_sk=web_sales.ws_item_sk,web_returns.wr_refunded_addr_sk=customer_address.ca_address_sk,web_sales.ws_sold_date_sk=date_dim.d_date_sk#web_sales.ws_net_profit,>=,150.0,customer_address.ca_country,=,1.0,date_dim.d_year,=,2000.0,web_sales.ws_net_profit,>=,100.0,web_sales.ws_net_profit,>=,50.0,web_sales.ws_sales_price,<=,150.0,web_sales.ws_sales_price,>=,150.0,web_sales.ws_sales_price,>=,100.0,web_sales.ws_sales_price,<=,200.0,web_sales.ws_net_profit,<=,250.0,customer_address.ca_state,IN,3.0,web_sales.ws_net_profit,<=,300.0,web_sales.ws_sales_price,>=,50.0,web_sales.ws_sales_price,<=,100.0,web_sales.ws_net_profit,<=,200.0#231827536
web_page,web_sales,customer_address,web_returns,date_dim,customer_demographics#web_sales.ws_web_page_sk=web_page.wp_web_page_sk,web_returns.wr_order_number=web_sales.ws_order_number,web_returns.wr_item_sk=web_sales.ws_item_sk,web_returns.wr_refunded_cdemo_sk=customer_demographics.cd_demo_sk,web_returns.wr_refunded_addr_sk=customer_address.ca_address_sk,web_sales.ws_sold_date_sk=date_dim.d_date_sk#web_sales.ws_net_profit,>=,150.0,customer_address.ca_country,=,1.0,customer_demographics.cd_marital_status,=,1.0,date_dim.d_year,=,2000.0,web_sales.ws_net_profit,>=,100.0,web_sales.ws_net_profit,>=,50.0,web_sales.ws_sales_price,<=,150.0,web_sales.ws_sales_price,>=,150.0,web_sales.ws_sales_price,>=,100.0,web_sales.ws_sales_price,<=,200.0,web_sales.ws_net_profit,<=,250.0,customer_address.ca_state,IN,3.0,web_sales.ws_net_profit,<=,300.0,web_sales.ws_sales_price,>=,50.0,customer_demographics.cd_education_status,=,1.0,web_sales.ws_sales_price,<=,100.0,web_sales.ws_net_profit,<=,200.0#330580866
web_page,web_sales,customer_address,web_returns,date_dim,customer_demographics#web_sales.ws_web_page_sk=web_page.wp_web_page_sk,web_returns.wr_order_number=web_sales.ws_order_number,web_returns.wr_item_sk=web_sales.ws_item_sk,web_returns.wr_returning_cdemo_sk=customer_demographics.cd_demo_sk,web_returns.wr_refunded_addr_sk=customer_address.ca_address_sk,web_sales.ws_sold_date_sk=date_dim.d_date_sk#web_sales.ws_net_profit,>=,150.0,customer_address.ca_country,=,1.0,date_dim.d_year,=,2000.0,web_sales.ws_net_profit,>=,100.0,web_sales.ws_net_profit,>=,50.0,web_sales.ws_sales_price,<=,150.0,web_sales.ws_sales_price,>=,150.0,web_sales.ws_sales_price,>=,100.0,web_sales.ws_sales_price,<=,200.0,web_sales.ws_net_profit,<=,250.0,customer_address.ca_state,IN,3.0,web_sales.ws_net_profit,<=,300.0,web_sales.ws_sales_price,>=,50.0,web_sales.ws_sales_price,<=,100.0,web_sales.ws_net_profit,<=,200.0#-1396731971
web_page,web_sales,customer_address,web_returns,date_dim,customer_demographics#web_sales.ws_web_page_sk=web_page.wp_web_page_sk,web_returns.wr_order_number=web_sales.ws_order_number,web_returns.wr_item_sk=web_sales.ws_item_sk,customer_demographics.cd_marital_status=customer_demographics.cd_marital_status,web_returns.wr_refunded_cdemo_sk=customer_demographics.cd_demo_sk,customer_demographics.cd_education_status=customer_demographics.cd_education_status,web_returns.wr_refunded_addr_sk=customer_address.ca_address_sk,web_sales.ws_sold_date_sk=date_dim.d_date_sk#web_sales.ws_net_profit,>=,150.0,customer_address.ca_country,=,1.0,customer_demographics.cd_marital_status,=,1.0,date_dim.d_year,=,2000.0,web_sales.ws_net_profit,>=,100.0,web_sales.ws_net_profit,>=,50.0,web_sales.ws_sales_price,<=,150.0,web_sales.ws_sales_price,>=,150.0,web_sales.ws_sales_price,>=,100.0,web_sales.ws_sales_price,<=,200.0,web_sales.ws_net_profit,<=,250.0,customer_address.ca_state,IN,3.0,web_sales.ws_net_profit,<=,300.0,web_sales.ws_sales_price,>=,50.0,customer_demographics.cd_education_status,=,1.0,web_sales.ws_sales_price,<=,100.0,web_sales.ws_net_profit,<=,200.0#-1482134919
web_page,web_sales,reason,web_returns,date_dim#web_sales.ws_web_page_sk=web_page.wp_web_page_sk,web_returns.wr_order_number=web_sales.ws_order_number,web_returns.wr_item_sk=web_sales.ws_item_sk,web_sales.ws_sold_date_sk=date_dim.d_date_sk,web_returns.wr_reason_sk=reason.r_reason_sk#web_sales.ws_net_profit,>=,150.0,date_dim.d_year,=,2000.0,web_sales.ws_net_profit,>=,100.0,web_sales.ws_net_profit,>=,50.0,web_sales.ws_sales_price,<=,150.0,web_sales.ws_sales_price,>=,150.0,web_sales.ws_sales_price,>=,100.0,web_sales.ws_sales_price,<=,200.0,web_sales.ws_net_profit,<=,250.0,web_sales.ws_net_profit,<=,300.0,web_sales.ws_sales_price,>=,50.0,web_sales.ws_sales_price,<=,100.0,web_sales.ws_net_profit,<=,200.0#-741580950
web_page,web_sales,reason,web_returns,date_dim,customer_demographics#web_sales.ws_web_page_sk=web_page.wp_web_page_sk,web_returns.wr_order_number=web_sales.ws_order_number,web_returns.wr_item_sk=web_sales.ws_item_sk,web_returns.wr_refunded_cdemo_sk=customer_demographics.cd_demo_sk,web_sales.ws_sold_date_sk=date_dim.d_date_sk,web_returns.wr_reason_sk=reason.r_reason_sk#web_sales.ws_net_profit,>=,150.0,customer_demographics.cd_marital_status,=,1.0,date_dim.d_year,=,2000.0,web_sales.ws_net_profit,>=,100.0,web_sales.ws_net_profit,>=,50.0,web_sales.ws_sales_price,<=,150.0,web_sales.ws_sales_price,>=,150.0,web_sales.ws_sales_price,>=,100.0,web_sales.ws_sales_price,<=,200.0,web_sales.ws_net_profit,<=,250.0,web_sales.ws_net_profit,<=,300.0,web_sales.ws_sales_price,>=,50.0,customer_demographics.cd_education_status,=,1.0,web_sales.ws_sales_price,<=,100.0,web_sales.ws_net_profit,<=,200.0#-461238222
web_page,web_sales,reason,web_returns,date_dim,customer_demographics#web_sales.ws_web_page_sk=web_page.wp_web_page_sk,web_returns.wr_order_number=web_sales.ws_order_number,web_returns.wr_item_sk=web_sales.ws_item_sk,web_returns.wr_returning_cdemo_sk=customer_demographics.cd_demo_sk,web_sales.ws_sold_date_sk=date_dim.d_date_sk,web_returns.wr_reason_sk=reason.r_reason_sk#web_sales.ws_net_profit,>=,150.0,date_dim.d_year,=,2000.0,web_sales.ws_net_profit,>=,100.0,web_sales.ws_net_profit,>=,50.0,web_sales.ws_sales_price,<=,150.0,web_sales.ws_sales_price,>=,150.0,web_sales.ws_sales_price,>=,100.0,web_sales.ws_sales_price,<=,200.0,web_sales.ws_net_profit,<=,250.0,web_sales.ws_net_profit,<=,300.0,web_sales.ws_sales_price,>=,50.0,web_sales.ws_sales_price,<=,100.0,web_sales.ws_net_profit,<=,200.0#-1079572645
web_page,web_sales,reason,web_returns,date_dim,customer_demographics#web_sales.ws_web_page_sk=web_page.wp_web_page_sk,web_returns.wr_order_number=web_sales.ws_order_number,web_returns.wr_item_sk=web_sales.ws_item_sk,customer_demographics.cd_marital_status=customer_demographics.cd_marital_status,web_returns.wr_refunded_cdemo_sk=customer_demographics.cd_demo_sk,customer_demographics.cd_education_status=customer_demographics.cd_education_status,web_sales.ws_sold_date_sk=date_dim.d_date_sk,web_returns.wr_reason_sk=reason.r_reason_sk#web_sales.ws_net_profit,>=,150.0,customer_demographics.cd_marital_status,=,1.0,date_dim.d_year,=,2000.0,web_sales.ws_net_profit,>=,100.0,web_sales.ws_net_profit,>=,50.0,web_sales.ws_sales_price,<=,150.0,web_sales.ws_sales_price,>=,150.0,web_sales.ws_sales_price,>=,100.0,web_sales.ws_sales_price,<=,200.0,web_sales.ws_net_profit,<=,250.0,web_sales.ws_net_profit,<=,300.0,web_sales.ws_sales_price,>=,50.0,customer_demographics.cd_education_status,=,1.0,web_sales.ws_sales_price,<=,100.0,web_sales.ws_net_profit,<=,200.0#-298294847
web_page,web_sales,customer_address,reason,web_returns,date_dim#web_sales.ws_web_page_sk=web_page.wp_web_page_sk,web_sales.ws_item_sk=web_returns.wr_item_sk,web_sales.ws_order_number=web_returns.wr_order_number,web_returns.wr_refunded_addr_sk=customer_address.ca_address_sk,date_dim.d_date_sk=web_sales.ws_sold_date_sk,web_returns.wr_reason_sk=reason.r_reason_sk#web_sales.ws_net_profit,>=,150.0,customer_address.ca_country,=,1.0,customer_address.ca_state,IN,3.0,web_sales.ws_net_profit,>=,100.0,web_sales.ws_net_profit,>=,50.0,web_sales.ws_sales_price,<=,150.0,web_sales.ws_sales_price,>=,150.0,web_sales.ws_sales_price,>=,100.0,web_sales.ws_sales_price,<=,200.0,web_sales.ws_net_profit,<=,250.0,date_dim.d_year,=,2000.0,web_sales.ws_net_profit,<=,300.0,web_sales.ws_sales_price,>=,50.0,web_sales.ws_sales_price,<=,100.0,web_sales.ws_net_profit,<=,200.0#904913341
web_page,web_sales,reason,customer_address,web_returns,date_dim,customer_demographics#web_sales.ws_web_page_sk=web_page.wp_web_page_sk,web_returns.wr_order_number=web_sales.ws_order_number,web_returns.wr_item_sk=web_sales.ws_item_sk,web_returns.wr_refunded_cdemo_sk=customer_demographics.cd_demo_sk,web_returns.wr_refunded_addr_sk=customer_address.ca_address_sk,web_sales.ws_sold_date_sk=date_dim.d_date_sk,web_returns.wr_reason_sk=reason.r_reason_sk#web_sales.ws_net_profit,>=,150.0,customer_address.ca_country,=,1.0,customer_demographics.cd_marital_status,=,1.0,date_dim.d_year,=,2000.0,web_sales.ws_net_profit,>=,100.0,web_sales.ws_net_profit,>=,50.0,web_sales.ws_sales_price,<=,150.0,web_sales.ws_sales_price,>=,150.0,web_sales.ws_sales_price,>=,100.0,web_sales.ws_sales_price,<=,200.0,web_sales.ws_net_profit,<=,250.0,customer_address.ca_state,IN,3.0,web_sales.ws_net_profit,<=,300.0,web_sales.ws_sales_price,>=,50.0,customer_demographics.cd_education_status,=,1.0,web_sales.ws_sales_price,<=,100.0,web_sales.ws_net_profit,<=,200.0#-1617043433
web_page,web_sales,reason,customer_address,web_returns,date_dim,customer_demographics#web_sales.ws_web_page_sk=web_page.wp_web_page_sk,web_returns.wr_order_number=web_sales.ws_order_number,web_returns.wr_item_sk=web_sales.ws_item_sk,web_returns.wr_returning_cdemo_sk=customer_demographics.cd_demo_sk,web_returns.wr_refunded_addr_sk=customer_address.ca_address_sk,web_sales.ws_sold_date_sk=date_dim.d_date_sk,web_returns.wr_reason_sk=reason.r_reason_sk#web_sales.ws_net_profit,>=,150.0,customer_address.ca_country,=,1.0,date_dim.d_year,=,2000.0,web_sales.ws_net_profit,>=,100.0,web_sales.ws_net_profit,>=,50.0,web_sales.ws_sales_price,<=,150.0,web_sales.ws_sales_price,>=,150.0,web_sales.ws_sales_price,>=,100.0,web_sales.ws_sales_price,<=,200.0,web_sales.ws_net_profit,<=,250.0,customer_address.ca_state,IN,3.0,web_sales.ws_net_profit,<=,300.0,web_sales.ws_sales_price,>=,50.0,web_sales.ws_sales_price,<=,100.0,web_sales.ws_net_profit,<=,200.0#-662158158
web_returns,customer_demographics#web_returns.wr_refunded_cdemo_sk=customer_demographics.cd_demo_sk#customer_demographics.cd_marital_status,=,1.0,customer_demographics.cd_education_status,=,1.0#-1821481887
customer_address,web_returns,customer_demographics#web_returns.wr_refunded_addr_sk=customer_address.ca_address_sk,web_returns.wr_refunded_cdemo_sk=customer_demographics.cd_demo_sk#customer_address.ca_state,IN,9.0,customer_address.ca_country,=,1.0,customer_demographics.cd_marital_status,=,1.0,customer_demographics.cd_education_status,=,1.0#-567149068
customer_address,web_returns,customer_demographics#customer_demographics.cd_demo_sk=web_returns.wr_returning_cdemo_sk,web_returns.wr_refunded_cdemo_sk=customer_demographics.cd_demo_sk,customer_demographics.cd_education_status=customer_demographics.cd_education_status,web_returns.wr_refunded_addr_sk=customer_address.ca_address_sk,customer_demographics.cd_marital_status=customer_demographics.cd_marital_status#customer_address.ca_state,IN,9.0,customer_address.ca_country,=,1.0,customer_demographics.cd_marital_status,=,1.0,customer_demographics.cd_education_status,=,1.0#2054091082
date_dim,web_sales#web_sales.ws_sold_date_sk=date_dim.d_date_sk#web_sales.ws_net_profit,<=,300.0,web_sales.ws_web_page_sk,!=,0,web_sales.ws_sales_price,>=,50.0,date_dim.d_year,=,2000.0,web_sales.ws_net_profit,>=,50.0,web_sales.ws_sales_price,<=,200.0#-576675707
customer_address,reason,web_returns,customer_demographics#customer_demographics.cd_demo_sk=web_returns.wr_returning_cdemo_sk,web_returns.wr_refunded_cdemo_sk=customer_demographics.cd_demo_sk,customer_demographics.cd_education_status=customer_demographics.cd_education_status,web_returns.wr_refunded_addr_sk=customer_address.ca_address_sk,customer_demographics.cd_marital_status=customer_demographics.cd_marital_status,web_returns.wr_reason_sk=reason.r_reason_sk#customer_address.ca_state,IN,9.0,customer_address.ca_country,=,1.0,customer_demographics.cd_marital_status,=,1.0,customer_demographics.cd_education_status,=,1.0#2000773989
customer_address,web_sales,reason,web_returns,date_dim,customer_demographics#customer_demographics.cd_demo_sk=web_returns.wr_returning_cdemo_sk,web_returns.wr_refunded_cdemo_sk=customer_demographics.cd_demo_sk,customer_demographics.cd_marital_status=customer_demographics.cd_marital_status,web_returns.wr_order_number=web_sales.ws_order_number,web_returns.wr_item_sk=web_sales.ws_item_sk,customer_demographics.cd_education_status=customer_demographics.cd_education_status,web_returns.wr_refunded_addr_sk=customer_address.ca_address_sk,web_sales.ws_sold_date_sk=date_dim.d_date_sk,web_returns.wr_reason_sk=reason.r_reason_sk#customer_address.ca_country,=,1.0,customer_demographics.cd_marital_status,=,1.0,web_sales.ws_net_profit,>=,100.0,web_sales.ws_sales_price,<=,150.0,web_sales.ws_net_profit,>=,50.0,customer_address.ca_state,IN,3.0,web_sales.ws_sales_price,<=,200.0,web_sales.ws_net_profit,<=,250.0,customer_address.ca_state,IN,9.0,web_sales.ws_sales_price,>=,50.0,web_sales.ws_sales_price,<=,100.0,web_sales.ws_net_profit,<=,200.0,web_sales.ws_net_profit,>=,150.0,web_sales.ws_web_page_sk,!=,0,date_dim.d_year,=,2000.0,web_sales.ws_sales_price,>=,100.0,web_sales.ws_net_profit,<=,300.0,customer_demographics.cd_education_status,=,1.0,web_sales.ws_sales_price,>=,150.0#1489672824
customer_address,customer,catalog_returns,call_center,customer_demographics#customer.c_customer_sk=catalog_returns.cr_returning_customer_sk,customer.c_current_addr_sk=customer_address.ca_address_sk,catalog_returns.cr_call_center_sk=call_center.cc_call_center_sk,customer.c_current_cdemo_sk=customer_demographics.cd_demo_sk#customer_demographics.cd_marital_status,=,1.0,customer_demographics.cd_education_status,=,1.0,customer_address.ca_gmt_offset,=,-7.0#-184828013
customer,date_dim,catalog_returns,call_center,customer_demographics#catalog_returns.cr_returned_date_sk=date_dim.d_date_sk,customer.c_customer_sk=catalog_returns.cr_returning_customer_sk,catalog_returns.cr_call_center_sk=call_center.cc_call_center_sk,customer.c_current_cdemo_sk=customer_demographics.cd_demo_sk#date_dim.d_moy,=,12.0,customer_demographics.cd_education_status,=,1.0,customer_demographics.cd_marital_status,=,1.0,date_dim.d_year,=,2001.0#1872795102
store,catalog_sales,item,store_sales,date_dim,store_returns#store_sales.ss_item_sk=store_returns.sr_item_sk,store_sales.ss_ticket_number=store_returns.sr_ticket_number,store_sales.ss_customer_sk=store_returns.sr_customer_sk,store_sales.ss_item_sk=item.i_item_sk,store_sales.ss_store_sk=store.s_store_sk,store_returns.sr_customer_sk=catalog_sales.cs_bill_customer_sk,catalog_sales.cs_sold_date_sk=date_dim.d_date_sk,store_returns.sr_item_sk=catalog_sales.cs_item_sk#date_dim.d_year,IN,3.0#43699276
catalog_sales,item,date_dim,store_returns#item.i_item_sk=store_returns.sr_item_sk,store_returns.sr_returned_date_sk=date_dim.d_date_sk,catalog_sales.cs_item_sk=store_returns.sr_item_sk,catalog_sales.cs_bill_customer_sk=store_returns.sr_customer_sk,catalog_sales.cs_sold_date_sk=date_dim.d_date_sk#date_dim.d_year,IN,3.0,date_dim.d_moy,<=,7.0,date_dim.d_year,=,2000.0,date_dim.d_moy,>=,4.0#1841500368
store,catalog_sales,item,store_sales,date_dim,store_returns#store_returns.sr_returned_date_sk=date_dim.d_date_sk,catalog_sales.cs_item_sk=store_returns.sr_item_sk,store_sales.ss_store_sk=store.s_store_sk,catalog_sales.cs_bill_customer_sk=store_returns.sr_customer_sk,store_sales.ss_sold_date_sk=date_dim.d_date_sk,item.i_item_sk=store_returns.sr_item_sk,store_returns.sr_item_sk=store_sales.ss_item_sk,store_returns.sr_ticket_number=store_sales.ss_ticket_number,catalog_sales.cs_sold_date_sk=date_dim.d_date_sk,store_returns.sr_customer_sk=store_sales.ss_customer_sk#date_dim.d_moy,=,4.0,date_dim.d_year,=,2000.0,date_dim.d_year,IN,3.0,date_dim.d_moy,<=,7.0,date_dim.d_moy,>=,4.0#75239109
customer_address,web_sales,customer,date_dim,customer_demographics#customer_demographics.cd_demo_sk=customer.c_current_cdemo_sk,web_sales.ws_bill_customer_sk=customer.c_customer_sk,customer.c_current_addr_sk=customer_address.ca_address_sk,web_sales.ws_sold_date_sk=date_dim.d_date_sk#date_dim.d_year,=,1999.0,date_dim.d_moy,>=,3.0,date_dim.d_moy,<=,5.0,customer_address.ca_state,IN,3.0#-318411298
catalog_sales,customer_address,web_sales,customer,date_dim,customer_demographics#web_sales.ws_bill_customer_sk=customer.c_customer_sk,customer.c_customer_sk=catalog_sales.cs_ship_customer_sk,customer_demographics.cd_demo_sk=customer.c_current_cdemo_sk,catalog_sales.cs_sold_date_sk=date_dim.d_date_sk,customer.c_current_addr_sk=customer_address.ca_address_sk,web_sales.ws_sold_date_sk=date_dim.d_date_sk#date_dim.d_year,=,1999.0,date_dim.d_moy,>=,3.0,customer_address.ca_state,IN,3.0,date_dim.d_moy,<=,5.0#-63119807
catalog_sales,web_sales,customer,date_dim,customer_demographics,customer_address,store_sales#web_sales.ws_bill_customer_sk=customer.c_customer_sk,customer.c_customer_sk=store_sales.ss_customer_sk,customer.c_customer_sk=catalog_sales.cs_ship_customer_sk,customer_demographics.cd_demo_sk=customer.c_current_cdemo_sk,catalog_sales.cs_sold_date_sk=date_dim.d_date_sk,customer.c_current_addr_sk=customer_address.ca_address_sk,web_sales.ws_sold_date_sk=date_dim.d_date_sk,store_sales.ss_sold_date_sk=date_dim.d_date_sk#date_dim.d_year,=,1999.0,date_dim.d_moy,>=,3.0,customer_address.ca_state,IN,3.0,date_dim.d_moy,<=,5.0#2100607459
customer_address,income_band,customer,customer_demographics,household_demographics#household_demographics.hd_income_band_sk=income_band.ib_income_band_sk,customer.c_current_hdemo_sk=household_demographics.hd_demo_sk,customer.c_current_addr_sk=customer_address.ca_address_sk,customer.c_current_cdemo_sk=customer_demographics.cd_demo_sk#income_band.ib_lower_bound,>=,16807.0,customer_address.ca_city,=,1.0,income_band.ib_upper_bound,<=,66807.0#-1708380294
customer_address,income_band,customer,store_returns,household_demographics#household_demographics.hd_income_band_sk=income_band.ib_income_band_sk,customer.c_current_hdemo_sk=household_demographics.hd_demo_sk,customer.c_current_cdemo_sk=store_returns.sr_cdemo_sk,customer.c_current_addr_sk=customer_address.ca_address_sk#income_band.ib_lower_bound,>=,16807.0,customer_address.ca_city,=,1.0,income_band.ib_upper_bound,<=,66807.0#92330584
income_band,customer,store_returns,customer_demographics,household_demographics#household_demographics.hd_income_band_sk=income_band.ib_income_band_sk,customer.c_current_hdemo_sk=household_demographics.hd_demo_sk,customer.c_current_cdemo_sk=customer_demographics.cd_demo_sk,customer_demographics.cd_demo_sk=store_returns.sr_cdemo_sk#income_band.ib_upper_bound,<=,66807.0,income_band.ib_lower_bound,>=,16807.0#-2043312235
customer_address,store_returns,customer#customer.c_current_cdemo_sk=store_returns.sr_cdemo_sk,customer.c_current_addr_sk=customer_address.ca_address_sk#customer.c_current_cdemo_sk,!=,0,customer_address.ca_city,=,1.0#-1415010104
customer_address,income_band,customer,store_returns,household_demographics#household_demographics.hd_income_band_sk=income_band.ib_income_band_sk,customer.c_current_hdemo_sk=household_demographics.hd_demo_sk,customer.c_current_cdemo_sk=store_returns.sr_cdemo_sk,customer.c_current_addr_sk=customer_address.ca_address_sk#customer.c_current_cdemo_sk,!=,0,customer_address.ca_city,=,1.0,income_band.ib_upper_bound,<=,66807.0,income_band.ib_lower_bound,>=,16807.0#110807190
catalog_sales,call_center#catalog_sales.cs_call_center_sk=call_center.cc_call_center_sk#call_center.cc_county,IN,5.0#-486649808
catalog_sales,date_dim,call_center#catalog_sales.cs_ship_date_sk=date_dim.d_date_sk,catalog_sales.cs_call_center_sk=call_center.cc_call_center_sk#date_dim.d_date,<=,957052800.0,call_center.cc_county,IN,5.0,date_dim.d_date,>=,951868800.0#1399601420
catalog_sales,customer_address,date_dim,call_center#catalog_sales.cs_ship_date_sk=date_dim.d_date_sk,catalog_sales.cs_call_center_sk=call_center.cc_call_center_sk,catalog_sales.cs_ship_addr_sk=customer_address.ca_address_sk#date_dim.d_date,<=,957052800.0,customer_address.ca_state,=,1.0,call_center.cc_county,IN,5.0,date_dim.d_date,>=,951868800.0#-2003264511
catalog_sales,customer_address,date_dim,call_center#catalog_sales.cs_ship_date_sk=date_dim.d_date_sk,catalog_sales.cs_warehouse_sk=catalog_sales.cs_warehouse_sk,catalog_sales.cs_order_number=catalog_sales.cs_order_number,catalog_sales.cs_call_center_sk=call_center.cc_call_center_sk,catalog_sales.cs_ship_addr_sk=customer_address.ca_address_sk#date_dim.d_date,<=,957052800.0,customer_address.ca_state,=,1.0,call_center.cc_county,IN,5.0,date_dim.d_date,>=,951868800.0#397913572
store,store_sales,promotion,date_dim#store_sales.ss_sold_date_sk=date_dim.d_date_sk,store_sales.ss_store_sk=store.s_store_sk,store_sales.ss_promo_sk=promotion.p_promo_sk#date_dim.d_moy,=,12.0,promotion.p_channel_dmail,=,1.0,promotion.p_channel_email,=,1.0,store.s_gmt_offset,=,-7.0,promotion.p_channel_tv,=,1.0,date_dim.d_year,=,2001.0#-1168618552
store,item,store_sales,promotion,date_dim#store_sales.ss_sold_date_sk=date_dim.d_date_sk,store_sales.ss_item_sk=item.i_item_sk,store_sales.ss_store_sk=store.s_store_sk,store_sales.ss_promo_sk=promotion.p_promo_sk#date_dim.d_moy,=,12.0,promotion.p_channel_dmail,=,1.0,item.i_category,=,1.0,promotion.p_channel_email,=,1.0,store.s_gmt_offset,=,-7.0,promotion.p_channel_tv,=,1.0,date_dim.d_year,=,2001.0#-422915534
store,item,store_sales,customer,promotion,date_dim#store_sales.ss_promo_sk=promotion.p_promo_sk,store_sales.ss_customer_sk=customer.c_customer_sk,store_sales.ss_store_sk=store.s_store_sk,store_sales.ss_item_sk=item.i_item_sk,store_sales.ss_sold_date_sk=date_dim.d_date_sk#date_dim.d_moy,=,12.0,promotion.p_channel_dmail,=,1.0,item.i_category,=,1.0,promotion.p_channel_email,=,1.0,store.s_gmt_offset,=,-7.0,promotion.p_channel_tv,=,1.0,date_dim.d_year,=,2001.0#1981148829
store,customer_address,item,store_sales,customer,promotion,date_dim#store_sales.ss_customer_sk=customer.c_customer_sk,store_sales.ss_store_sk=store.s_store_sk,store_sales.ss_sold_date_sk=date_dim.d_date_sk,store_sales.ss_item_sk=item.i_item_sk,customer.c_current_addr_sk=customer_address.ca_address_sk,store_sales.ss_promo_sk=promotion.p_promo_sk#date_dim.d_moy,=,12.0,promotion.p_channel_dmail,=,1.0,item.i_category,=,1.0,promotion.p_channel_email,=,1.0,store.s_gmt_offset,=,-7.0,promotion.p_channel_tv,=,1.0,date_dim.d_year,=,2001.0,customer_address.ca_gmt_offset,=,-7.0#1835208864
catalog_sales,store,store_sales,date_dim,store_returns#store_sales.ss_item_sk=store_returns.sr_item_sk,store_sales.ss_ticket_number=store_returns.sr_ticket_number,store_sales.ss_customer_sk=store_returns.sr_customer_sk,store_returns.sr_customer_sk=catalog_sales.cs_bill_customer_sk,store_returns.sr_item_sk=catalog_sales.cs_item_sk,store.s_store_sk=store_sales.ss_store_sk,store_sales.ss_sold_date_sk=date_dim.d_date_sk#date_dim.d_quarter_name,=,1.0#684480457
catalog_sales,store,item,store_sales,date_dim,store_returns#store_sales.ss_item_sk=store_returns.sr_item_sk,store_sales.ss_ticket_number=store_returns.sr_ticket_number,store_sales.ss_customer_sk=store_returns.sr_customer_sk,store_returns.sr_customer_sk=catalog_sales.cs_bill_customer_sk,store_sales.ss_sold_date_sk=date_dim.d_date_sk,store_returns.sr_item_sk=catalog_sales.cs_item_sk,store.s_store_sk=store_sales.ss_store_sk,catalog_sales.cs_item_sk=item.i_item_sk#date_dim.d_quarter_name,=,1.0#-278049960
store,catalog_sales,item,store_sales,date_dim,store_returns#store_sales.ss_item_sk=store_returns.sr_item_sk,store_sales.ss_ticket_number=store_returns.sr_ticket_number,store_sales.ss_customer_sk=store_returns.sr_customer_sk,store_sales.ss_item_sk=item.i_item_sk,store_sales.ss_store_sk=store.s_store_sk,store_returns.sr_customer_sk=catalog_sales.cs_bill_customer_sk,catalog_sales.cs_sold_date_sk=date_dim.d_date_sk,store_returns.sr_item_sk=catalog_sales.cs_item_sk#date_dim.d_quarter_name,IN,3.0#-1733060198
store,catalog_sales,item,store_sales,date_dim,store_returns#store_sales.ss_item_sk=store_returns.sr_item_sk,store_returns.sr_returned_date_sk=date_dim.d_date_sk,store_sales.ss_customer_sk=store_returns.sr_customer_sk,store_sales.ss_store_sk=store.s_store_sk,store_sales.ss_item_sk=item.i_item_sk,store_sales.ss_item_sk=catalog_sales.cs_item_sk,store_sales.ss_customer_sk=catalog_sales.cs_bill_customer_sk,store_sales.ss_ticket_number=store_returns.sr_ticket_number,catalog_sales.cs_sold_date_sk=date_dim.d_date_sk#date_dim.d_quarter_name,IN,3.0#-1711044609
catalog_sales,store,item,store_sales,date_dim#store_sales.ss_item_sk=item.i_item_sk,store.s_store_sk=store_sales.ss_store_sk,catalog_sales.cs_sold_date_sk=date_dim.d_date_sk,store_sales.ss_item_sk=catalog_sales.cs_item_sk,store_sales.ss_customer_sk=catalog_sales.cs_bill_customer_sk,store_sales.ss_sold_date_sk=date_dim.d_date_sk#date_dim.d_quarter_name,=,1.0,date_dim.d_quarter_name,IN,3.0#364300346
catalog_sales,item,date_dim,store_returns#item.i_item_sk=store_returns.sr_item_sk,store_returns.sr_returned_date_sk=date_dim.d_date_sk,catalog_sales.cs_item_sk=store_returns.sr_item_sk,catalog_sales.cs_bill_customer_sk=store_returns.sr_customer_sk,catalog_sales.cs_sold_date_sk=date_dim.d_date_sk#date_dim.d_quarter_name,IN,3.0#1501203404
store,catalog_sales,item,store_sales,date_dim,store_returns#store_returns.sr_returned_date_sk=date_dim.d_date_sk,catalog_sales.cs_item_sk=store_returns.sr_item_sk,store_sales.ss_store_sk=store.s_store_sk,catalog_sales.cs_bill_customer_sk=store_returns.sr_customer_sk,store_sales.ss_sold_date_sk=date_dim.d_date_sk,item.i_item_sk=store_returns.sr_item_sk,store_returns.sr_item_sk=store_sales.ss_item_sk,store_returns.sr_ticket_number=store_sales.ss_ticket_number,catalog_sales.cs_sold_date_sk=date_dim.d_date_sk,store_returns.sr_customer_sk=store_sales.ss_customer_sk#date_dim.d_quarter_name,=,1.0,date_dim.d_quarter_name,IN,3.0#368348189
web_sales,web_site,warehouse#web_sales.ws_web_site_sk=web_site.web_site_sk,web_sales.ws_warehouse_sk=warehouse.w_warehouse_sk##1384033569
web_sales,web_site,warehouse,date_dim#web_sales.ws_web_site_sk=web_site.web_site_sk,web_sales.ws_ship_date_sk=date_dim.d_date_sk,web_sales.ws_warehouse_sk=warehouse.w_warehouse_sk#date_dim.d_month_seq,>=,1176.0,date_dim.d_month_seq,<=,1187.0#1792466908
web_sales,web_site#web_sales.ws_web_site_sk=web_site.web_site_sk#web_site.web_company_name,=,1.0#819713255
date_dim,web_sales,web_site#web_sales.ws_web_site_sk=web_site.web_site_sk,web_sales.ws_ship_date_sk=date_dim.d_date_sk#date_dim.d_date,<=,957052800.0,date_dim.d_date,>=,951868800.0,web_site.web_company_name,=,1.0#1908724897
customer_address,web_sales,web_site,date_dim#web_sales.ws_web_site_sk=web_site.web_site_sk,web_sales.ws_ship_date_sk=date_dim.d_date_sk,web_sales.ws_ship_addr_sk=customer_address.ca_address_sk#date_dim.d_date,<=,957052800.0,customer_address.ca_state,=,1.0,date_dim.d_date,>=,951868800.0,web_site.web_company_name,=,1.0#872912972
customer_address,web_sales,web_site,date_dim#web_sales.ws_warehouse_sk=web_sales.ws_warehouse_sk,web_sales.ws_ship_date_sk=date_dim.d_date_sk,web_sales.ws_web_site_sk=web_site.web_site_sk,web_sales.ws_order_number=web_sales.ws_order_number,web_sales.ws_ship_addr_sk=customer_address.ca_address_sk#date_dim.d_date,<=,957052800.0,customer_address.ca_state,=,1.0,date_dim.d_date,>=,951868800.0,web_site.web_company_name,=,1.0#1846857705
store,customer_address,item,store_sales#store_sales.ss_item_sk=item.i_item_sk,customer_address.ca_zip=store.s_zip,store_sales.ss_store_sk=store.s_store_sk#item.i_color,=,1.0,store.s_market_id,=,9.0#1194367814
store,customer_address,item,store_sales,store_returns#store_returns.sr_ticket_number=store_sales.ss_ticket_number,store_returns.sr_item_sk=store_sales.ss_item_sk,customer_address.ca_zip=store.s_zip,store_sales.ss_store_sk=store.s_store_sk,store_sales.ss_item_sk=item.i_item_sk#item.i_color,=,1.0,store.s_market_id,=,9.0#-267283029
store,customer_address,item,store_sales,customer,store_returns#customer_address.ca_address_sk=customer.c_current_addr_sk,store_returns.sr_ticket_number=store_sales.ss_ticket_number,customer_address.ca_country=customer.c_birth_country,store_sales.ss_customer_sk=customer.c_customer_sk,store_returns.sr_item_sk=store_sales.ss_item_sk,customer_address.ca_zip=store.s_zip,store_sales.ss_store_sk=store.s_store_sk,store_sales.ss_item_sk=item.i_item_sk#item.i_color,=,1.0,store.s_market_id,=,9.0#95484328
customer_address,web_sales,web_returns#web_sales.ws_order_number=web_returns.wr_order_number,web_sales.ws_order_number=web_sales.ws_order_number,web_sales.ws_ship_addr_sk=customer_address.ca_address_sk#customer_address.ca_state,=,1.0#1500850512
customer_address,web_sales,web_returns,web_site#web_sales.ws_web_site_sk=web_site.web_site_sk,web_sales.ws_order_number=web_returns.wr_order_number,web_sales.ws_order_number=web_sales.ws_order_number,web_sales.ws_ship_addr_sk=customer_address.ca_address_sk#customer_address.ca_state,=,1.0,web_site.web_company_name,=,1.0#-849460865
customer_address,web_sales,web_site,date_dim#web_sales.ws_warehouse_sk=web_sales.ws_warehouse_sk,web_sales.ws_ship_date_sk=date_dim.d_date_sk,web_sales.ws_web_site_sk=web_site.web_site_sk,web_sales.ws_order_number=web_sales.ws_order_number,web_sales.ws_ship_addr_sk=customer_address.ca_address_sk#date_dim.d_date,<=,957052800.0,customer_address.ca_state,=,1.0,date_dim.d_date,>=,951868800.0,web_site.web_company_name,=,1.0#872226199
customer_address,web_sales,web_returns,web_site,date_dim#web_sales.ws_warehouse_sk=web_sales.ws_warehouse_sk,web_sales.ws_ship_date_sk=date_dim.d_date_sk,web_sales.ws_web_site_sk=web_site.web_site_sk,web_sales.ws_order_number=web_returns.wr_order_number,web_sales.ws_order_number=web_sales.ws_order_number,web_sales.ws_ship_addr_sk=customer_address.ca_address_sk#date_dim.d_date,<=,957052800.0,customer_address.ca_state,=,1.0,date_dim.d_date,>=,951868800.0,web_site.web_company_name,=,1.0#354488953
store,customer_address,item,store_sales#store_sales.ss_item_sk=item.i_item_sk,customer_address.ca_zip=store.s_zip,store_sales.ss_store_sk=store.s_store_sk#item.i_color,=,1.0,store.s_market_id,=,9.0#-75107046
store,customer_address,item,store_sales,store_returns#store_sales.ss_ticket_number=store_returns.sr_ticket_number,store_sales.ss_item_sk=store_returns.sr_item_sk,customer_address.ca_zip=store.s_zip,store_sales.ss_store_sk=store.s_store_sk,store_sales.ss_item_sk=item.i_item_sk#item.i_color,=,1.0,store.s_market_id,=,9.0#-715791170
store,customer_address,item,store_sales,customer,store_returns#store_sales.ss_ticket_number=store_returns.sr_ticket_number,store_sales.ss_item_sk=store_returns.sr_item_sk,customer_address.ca_address_sk=customer.c_current_addr_sk,customer_address.ca_zip=store.s_zip,customer_address.ca_country=customer.c_birth_country,store_sales.ss_customer_sk=customer.c_customer_sk,store_sales.ss_store_sk=store.s_store_sk,store_sales.ss_item_sk=item.i_item_sk#item.i_color,=,1.0,store.s_market_id,=,9.0#-2101619781
store,catalog_sales,item,store_sales,date_dim,store_returns#store_sales.ss_item_sk=store_returns.sr_item_sk,store_sales.ss_ticket_number=store_returns.sr_ticket_number,store_sales.ss_customer_sk=store_returns.sr_customer_sk,store_sales.ss_item_sk=item.i_item_sk,store_sales.ss_store_sk=store.s_store_sk,store_returns.sr_customer_sk=catalog_sales.cs_bill_customer_sk,catalog_sales.cs_sold_date_sk=date_dim.d_date_sk,store_returns.sr_item_sk=catalog_sales.cs_item_sk#date_dim.d_year,=,2002.0,date_dim.d_moy,<=,10.0,date_dim.d_moy,>=,4.0#499664430
catalog_sales,item,date_dim,store_returns#item.i_item_sk=store_returns.sr_item_sk,store_returns.sr_returned_date_sk=date_dim.d_date_sk,catalog_sales.cs_item_sk=store_returns.sr_item_sk,catalog_sales.cs_bill_customer_sk=store_returns.sr_customer_sk,catalog_sales.cs_sold_date_sk=date_dim.d_date_sk#date_dim.d_moy,<=,10.0,date_dim.d_year,=,2002.0,date_dim.d_moy,>=,4.0#1023584016
store,catalog_sales,item,store_sales,date_dim,store_returns#store_returns.sr_returned_date_sk=date_dim.d_date_sk,catalog_sales.cs_item_sk=store_returns.sr_item_sk,store_sales.ss_store_sk=store.s_store_sk,catalog_sales.cs_bill_customer_sk=store_returns.sr_customer_sk,store_sales.ss_sold_date_sk=date_dim.d_date_sk,item.i_item_sk=store_returns.sr_item_sk,store_returns.sr_item_sk=store_sales.ss_item_sk,store_returns.sr_ticket_number=store_sales.ss_ticket_number,catalog_sales.cs_sold_date_sk=date_dim.d_date_sk,store_returns.sr_customer_sk=store_sales.ss_customer_sk#date_dim.d_moy,=,4.0,date_dim.d_moy,<=,10.0,date_dim.d_year,=,2002.0,date_dim.d_moy,>=,4.0#-988662366
catalog_sales,item,date_dim,inventory,customer_demographics,household_demographics#catalog_sales.cs_bill_hdemo_sk=household_demographics.hd_demo_sk,inventory.inv_item_sk=catalog_sales.cs_item_sk,catalog_sales.cs_sold_date_sk=date_dim.d_date_sk,catalog_sales.cs_bill_cdemo_sk=customer_demographics.cd_demo_sk,catalog_sales.cs_item_sk=item.i_item_sk#household_demographics.hd_buy_potential,=,1.0,customer_demographics.cd_marital_status,=,1.0,date_dim.d_year,=,2001.0#-221437152
catalog_sales,item,date_dim,inventory,customer_demographics,household_demographics#catalog_sales.cs_bill_hdemo_sk=household_demographics.hd_demo_sk,catalog_sales.cs_item_sk=inventory.inv_item_sk,date_dim.d_date_sk=catalog_sales.cs_ship_date_sk,catalog_sales.cs_bill_cdemo_sk=customer_demographics.cd_demo_sk,catalog_sales.cs_item_sk=item.i_item_sk#household_demographics.hd_buy_potential,=,1.0,customer_demographics.cd_marital_status,=,1.0#1319531822
catalog_sales,item,date_dim,inventory,customer_demographics#catalog_sales.cs_ship_date_sk=date_dim.d_date_sk,catalog_sales.cs_item_sk=inventory.inv_item_sk,catalog_sales.cs_sold_date_sk=date_dim.d_date_sk,catalog_sales.cs_bill_cdemo_sk=customer_demographics.cd_demo_sk,catalog_sales.cs_item_sk=item.i_item_sk#customer_demographics.cd_marital_status,=,1.0,date_dim.d_year,=,2001.0#-924147282
catalog_sales,item,date_dim,inventory,customer_demographics,household_demographics#catalog_sales.cs_bill_hdemo_sk=household_demographics.hd_demo_sk,date_dim.d_date_sk=catalog_sales.cs_ship_date_sk,inventory.inv_item_sk=catalog_sales.cs_item_sk,catalog_sales.cs_sold_date_sk=date_dim.d_date_sk,catalog_sales.cs_bill_cdemo_sk=customer_demographics.cd_demo_sk,catalog_sales.cs_item_sk=item.i_item_sk#household_demographics.hd_buy_potential,=,1.0,customer_demographics.cd_marital_status,=,1.0,date_dim.d_year,=,2001.0#-1617891383
catalog_sales,date_dim,inventory,customer_demographics#catalog_sales.cs_item_sk=inventory.inv_item_sk,catalog_sales.cs_sold_date_sk=date_dim.d_date_sk,catalog_sales.cs_bill_cdemo_sk=customer_demographics.cd_demo_sk,date_dim.d_week_seq=date_dim.d_week_seq#customer_demographics.cd_marital_status,=,1.0,date_dim.d_year,=,2001.0#492189912
catalog_sales,warehouse,date_dim,inventory,customer_demographics#inventory.inv_warehouse_sk=warehouse.w_warehouse_sk,date_dim.d_week_seq=date_dim.d_week_seq,catalog_sales.cs_item_sk=inventory.inv_item_sk,catalog_sales.cs_sold_date_sk=date_dim.d_date_sk,catalog_sales.cs_bill_cdemo_sk=customer_demographics.cd_demo_sk#customer_demographics.cd_marital_status,=,1.0,date_dim.d_year,=,2001.0#1990130241
catalog_sales,item,date_dim,customer_demographics#catalog_sales.cs_sold_date_sk=date_dim.d_date_sk,date_dim.d_week_seq=date_dim.d_week_seq,catalog_sales.cs_bill_cdemo_sk=customer_demographics.cd_demo_sk,catalog_sales.cs_item_sk=item.i_item_sk#customer_demographics.cd_marital_status,=,1.0,date_dim.d_year,=,2001.0#1407287191
catalog_sales,item,date_dim,household_demographics#catalog_sales.cs_bill_hdemo_sk=household_demographics.hd_demo_sk,catalog_sales.cs_sold_date_sk=date_dim.d_date_sk,date_dim.d_week_seq=date_dim.d_week_seq,catalog_sales.cs_item_sk=item.i_item_sk#household_demographics.hd_buy_potential,=,1.0,date_dim.d_year,=,2001.0#1397438137
catalog_sales,item,date_dim,inventory,household_demographics#inventory.inv_item_sk=item.i_item_sk,date_dim.d_week_seq=date_dim.d_week_seq,inventory.inv_item_sk=catalog_sales.cs_item_sk,inventory.inv_date_sk=date_dim.d_date_sk,catalog_sales.cs_bill_hdemo_sk=household_demographics.hd_demo_sk#household_demographics.hd_buy_potential,=,1.0,date_dim.d_year,=,2001.0#-666277382
catalog_sales,item,warehouse,date_dim,inventory,household_demographics#inventory.inv_warehouse_sk=warehouse.w_warehouse_sk,inventory.inv_item_sk=item.i_item_sk,date_dim.d_week_seq=date_dim.d_week_seq,inventory.inv_item_sk=catalog_sales.cs_item_sk,inventory.inv_date_sk=date_dim.d_date_sk,catalog_sales.cs_bill_hdemo_sk=household_demographics.hd_demo_sk#household_demographics.hd_buy_potential,=,1.0,date_dim.d_year,=,2001.0#-1880720349
catalog_sales,date_dim,customer_demographics,household_demographics#catalog_sales.cs_sold_date_sk=date_dim.d_date_sk,date_dim.d_week_seq=date_dim.d_week_seq,catalog_sales.cs_bill_cdemo_sk=customer_demographics.cd_demo_sk,catalog_sales.cs_bill_hdemo_sk=household_demographics.hd_demo_sk#household_demographics.hd_buy_potential,=,1.0,customer_demographics.cd_marital_status,=,1.0,date_dim.d_year,=,2001.0#2014117711
catalog_sales,date_dim,inventory,customer_demographics,household_demographics#date_dim.d_week_seq=date_dim.d_week_seq,inventory.inv_item_sk=catalog_sales.cs_item_sk,inventory.inv_date_sk=date_dim.d_date_sk,catalog_sales.cs_bill_cdemo_sk=customer_demographics.cd_demo_sk,catalog_sales.cs_bill_hdemo_sk=household_demographics.hd_demo_sk#household_demographics.hd_buy_potential,=,1.0,customer_demographics.cd_marital_status,=,1.0,date_dim.d_year,=,2001.0#1044816775
catalog_sales,warehouse,date_dim,inventory,customer_demographics,household_demographics#inventory.inv_warehouse_sk=warehouse.w_warehouse_sk,inventory.inv_date_sk=date_dim.d_date_sk,date_dim.d_week_seq=date_dim.d_week_seq,catalog_sales.cs_item_sk=inventory.inv_item_sk,catalog_sales.cs_bill_cdemo_sk=customer_demographics.cd_demo_sk,catalog_sales.cs_bill_hdemo_sk=household_demographics.hd_demo_sk#household_demographics.hd_buy_potential,=,1.0,customer_demographics.cd_marital_status,=,1.0,date_dim.d_year,=,2001.0#-599218252
catalog_sales,item,date_dim,customer_demographics,household_demographics#date_dim.d_week_seq=date_dim.d_week_seq,catalog_sales.cs_bill_hdemo_sk=household_demographics.hd_demo_sk,catalog_sales.cs_sold_date_sk=date_dim.d_date_sk,catalog_sales.cs_bill_cdemo_sk=customer_demographics.cd_demo_sk,catalog_sales.cs_item_sk=item.i_item_sk#household_demographics.hd_buy_potential,=,1.0,customer_demographics.cd_marital_status,=,1.0,date_dim.d_year,=,2001.0#-205866816
catalog_sales,item,warehouse,date_dim,inventory,customer_demographics,household_demographics#inventory.inv_warehouse_sk=warehouse.w_warehouse_sk,catalog_sales.cs_bill_hdemo_sk=household_demographics.hd_demo_sk,inventory.inv_item_sk=catalog_sales.cs_item_sk,catalog_sales.cs_sold_date_sk=date_dim.d_date_sk,catalog_sales.cs_bill_cdemo_sk=customer_demographics.cd_demo_sk,catalog_sales.cs_item_sk=item.i_item_sk#household_demographics.hd_buy_potential,=,1.0,customer_demographics.cd_marital_status,=,1.0,date_dim.d_year,=,2001.0#-1044827305
catalog_sales,item,date_dim,inventory,customer_demographics,household_demographics#catalog_sales.cs_bill_hdemo_sk=household_demographics.hd_demo_sk,inventory.inv_item_sk=catalog_sales.cs_item_sk,inventory.inv_date_sk=date_dim.d_date_sk,catalog_sales.cs_sold_date_sk=date_dim.d_date_sk,catalog_sales.cs_bill_cdemo_sk=customer_demographics.cd_demo_sk,catalog_sales.cs_item_sk=item.i_item_sk#household_demographics.hd_buy_potential,=,1.0,customer_demographics.cd_marital_status,=,1.0,date_dim.d_year,=,2001.0#673673353
catalog_sales,item,warehouse,date_dim,inventory,customer_demographics,household_demographics#inventory.inv_warehouse_sk=warehouse.w_warehouse_sk,date_dim.d_week_seq=date_dim.d_week_seq,inventory.inv_item_sk=catalog_sales.cs_item_sk,inventory.inv_date_sk=date_dim.d_date_sk,catalog_sales.cs_item_sk=item.i_item_sk,catalog_sales.cs_bill_cdemo_sk=customer_demographics.cd_demo_sk,catalog_sales.cs_bill_hdemo_sk=household_demographics.hd_demo_sk#household_demographics.hd_buy_potential,=,1.0,customer_demographics.cd_marital_status,=,1.0,date_dim.d_year,=,2001.0#1201412615
catalog_sales,item,warehouse,date_dim,inventory,customer_demographics,household_demographics#inventory.inv_warehouse_sk=warehouse.w_warehouse_sk,catalog_sales.cs_bill_hdemo_sk=household_demographics.hd_demo_sk,catalog_sales.cs_item_sk=inventory.inv_item_sk,date_dim.d_date_sk=catalog_sales.cs_ship_date_sk,catalog_sales.cs_bill_cdemo_sk=customer_demographics.cd_demo_sk,catalog_sales.cs_item_sk=item.i_item_sk#household_demographics.hd_buy_potential,=,1.0,customer_demographics.cd_marital_status,=,1.0#-404949609
catalog_sales,item,date_dim,inventory,customer_demographics,household_demographics#catalog_sales.cs_bill_hdemo_sk=household_demographics.hd_demo_sk,inventory.inv_item_sk=catalog_sales.cs_item_sk,inventory.inv_date_sk=date_dim.d_date_sk,date_dim.d_date_sk=catalog_sales.cs_ship_date_sk,catalog_sales.cs_bill_cdemo_sk=customer_demographics.cd_demo_sk,catalog_sales.cs_item_sk=item.i_item_sk#household_demographics.hd_buy_potential,=,1.0,customer_demographics.cd_marital_status,=,1.0#-1847805337
catalog_sales,item,warehouse,date_dim,inventory,customer_demographics,household_demographics#inventory.inv_warehouse_sk=warehouse.w_warehouse_sk,catalog_sales.cs_bill_hdemo_sk=household_demographics.hd_demo_sk,inventory.inv_item_sk=catalog_sales.cs_item_sk,inventory.inv_date_sk=date_dim.d_date_sk,date_dim.d_date_sk=catalog_sales.cs_ship_date_sk,catalog_sales.cs_bill_cdemo_sk=customer_demographics.cd_demo_sk,catalog_sales.cs_item_sk=item.i_item_sk#household_demographics.hd_buy_potential,=,1.0,customer_demographics.cd_marital_status,=,1.0#-962015330
catalog_sales,item,date_dim#catalog_sales.cs_ship_date_sk=date_dim.d_date_sk,catalog_sales.cs_sold_date_sk=date_dim.d_date_sk,date_dim.d_week_seq=date_dim.d_week_seq,catalog_sales.cs_item_sk=item.i_item_sk#date_dim.d_year,=,2001.0#905510473
catalog_sales,item,date_dim,inventory#inventory.inv_date_sk=date_dim.d_date_sk,inventory.inv_item_sk=item.i_item_sk,date_dim.d_week_seq=date_dim.d_week_seq,catalog_sales.cs_ship_date_sk=date_dim.d_date_sk,catalog_sales.cs_item_sk=inventory.inv_item_sk#date_dim.d_year,=,2001.0#-833620710
catalog_sales,item,warehouse,date_dim,inventory#inventory.inv_warehouse_sk=warehouse.w_warehouse_sk,inventory.inv_date_sk=date_dim.d_date_sk,inventory.inv_item_sk=item.i_item_sk,date_dim.d_week_seq=date_dim.d_week_seq,catalog_sales.cs_ship_date_sk=date_dim.d_date_sk,catalog_sales.cs_item_sk=inventory.inv_item_sk#date_dim.d_year,=,2001.0#-1410024623
catalog_sales,date_dim,customer_demographics#catalog_sales.cs_ship_date_sk=date_dim.d_date_sk,catalog_sales.cs_sold_date_sk=date_dim.d_date_sk,catalog_sales.cs_bill_cdemo_sk=customer_demographics.cd_demo_sk,date_dim.d_week_seq=date_dim.d_week_seq#customer_demographics.cd_marital_status,=,1.0,date_dim.d_year,=,2001.0#-1332729011
catalog_sales,date_dim,inventory,customer_demographics#inventory.inv_date_sk=date_dim.d_date_sk,catalog_sales.cs_ship_date_sk=date_dim.d_date_sk,catalog_sales.cs_item_sk=inventory.inv_item_sk,catalog_sales.cs_sold_date_sk=date_dim.d_date_sk,catalog_sales.cs_bill_cdemo_sk=customer_demographics.cd_demo_sk#customer_demographics.cd_marital_status,=,1.0,date_dim.d_year,=,2001.0#659800532
catalog_sales,warehouse,date_dim,inventory,customer_demographics#inventory.inv_warehouse_sk=warehouse.w_warehouse_sk,inventory.inv_date_sk=date_dim.d_date_sk,catalog_sales.cs_ship_date_sk=date_dim.d_date_sk,catalog_sales.cs_item_sk=inventory.inv_item_sk,catalog_sales.cs_sold_date_sk=date_dim.d_date_sk,catalog_sales.cs_bill_cdemo_sk=customer_demographics.cd_demo_sk#customer_demographics.cd_marital_status,=,1.0,date_dim.d_year,=,2001.0#17615243
catalog_sales,item,date_dim,customer_demographics#date_dim.d_week_seq=date_dim.d_week_seq,catalog_sales.cs_ship_date_sk=date_dim.d_date_sk,catalog_sales.cs_sold_date_sk=date_dim.d_date_sk,catalog_sales.cs_bill_cdemo_sk=customer_demographics.cd_demo_sk,catalog_sales.cs_item_sk=item.i_item_sk#customer_demographics.cd_marital_status,=,1.0,date_dim.d_year,=,2001.0#-1410873470
catalog_sales,item,warehouse,date_dim,inventory,customer_demographics#inventory.inv_warehouse_sk=warehouse.w_warehouse_sk,catalog_sales.cs_ship_date_sk=date_dim.d_date_sk,inventory.inv_item_sk=catalog_sales.cs_item_sk,catalog_sales.cs_sold_date_sk=date_dim.d_date_sk,catalog_sales.cs_bill_cdemo_sk=customer_demographics.cd_demo_sk,catalog_sales.cs_item_sk=item.i_item_sk#customer_demographics.cd_marital_status,=,1.0,date_dim.d_year,=,2001.0#757219801
catalog_sales,item,date_dim,inventory,customer_demographics#catalog_sales.cs_ship_date_sk=date_dim.d_date_sk,inventory.inv_item_sk=catalog_sales.cs_item_sk,inventory.inv_date_sk=date_dim.d_date_sk,catalog_sales.cs_sold_date_sk=date_dim.d_date_sk,catalog_sales.cs_bill_cdemo_sk=customer_demographics.cd_demo_sk,catalog_sales.cs_item_sk=item.i_item_sk#customer_demographics.cd_marital_status,=,1.0,date_dim.d_year,=,2001.0#-821856025
catalog_sales,item,warehouse,date_dim,inventory,customer_demographics#inventory.inv_warehouse_sk=warehouse.w_warehouse_sk,catalog_sales.cs_ship_date_sk=date_dim.d_date_sk,inventory.inv_item_sk=catalog_sales.cs_item_sk,inventory.inv_date_sk=date_dim.d_date_sk,catalog_sales.cs_sold_date_sk=date_dim.d_date_sk,catalog_sales.cs_bill_cdemo_sk=customer_demographics.cd_demo_sk,catalog_sales.cs_item_sk=item.i_item_sk#customer_demographics.cd_marital_status,=,1.0,date_dim.d_year,=,2001.0#-1517011490
catalog_sales,date_dim,household_demographics#catalog_sales.cs_ship_date_sk=date_dim.d_date_sk,catalog_sales.cs_sold_date_sk=date_dim.d_date_sk,date_dim.d_week_seq=date_dim.d_week_seq,catalog_sales.cs_bill_hdemo_sk=household_demographics.hd_demo_sk#household_demographics.hd_buy_potential,=,1.0,date_dim.d_year,=,2001.0#948946497
catalog_sales,item,date_dim,household_demographics#date_dim.d_week_seq=date_dim.d_week_seq,catalog_sales.cs_bill_hdemo_sk=household_demographics.hd_demo_sk,date_dim.d_date_sk=catalog_sales.cs_ship_date_sk,catalog_sales.cs_sold_date_sk=date_dim.d_date_sk,catalog_sales.cs_item_sk=item.i_item_sk#household_demographics.hd_buy_potential,=,1.0,date_dim.d_year,=,2001.0#1000006846
catalog_sales,item,date_dim,inventory,household_demographics#catalog_sales.cs_ship_date_sk=date_dim.d_date_sk,inventory.inv_item_sk=item.i_item_sk,date_dim.d_week_seq=date_dim.d_week_seq,inventory.inv_item_sk=catalog_sales.cs_item_sk,inventory.inv_date_sk=date_dim.d_date_sk,catalog_sales.cs_bill_hdemo_sk=household_demographics.hd_demo_sk#household_demographics.hd_buy_potential,=,1.0,date_dim.d_year,=,2001.0#-1246782765
catalog_sales,item,warehouse,date_dim,inventory,household_demographics#inventory.inv_warehouse_sk=warehouse.w_warehouse_sk,catalog_sales.cs_ship_date_sk=date_dim.d_date_sk,inventory.inv_item_sk=item.i_item_sk,date_dim.d_week_seq=date_dim.d_week_seq,inventory.inv_item_sk=catalog_sales.cs_item_sk,inventory.inv_date_sk=date_dim.d_date_sk,catalog_sales.cs_bill_hdemo_sk=household_demographics.hd_demo_sk#household_demographics.hd_buy_potential,=,1.0,date_dim.d_year,=,2001.0#-1654534454
catalog_sales,date_dim,customer_demographics,household_demographics#date_dim.d_week_seq=date_dim.d_week_seq,date_dim.d_date_sk=catalog_sales.cs_ship_date_sk,catalog_sales.cs_sold_date_sk=date_dim.d_date_sk,catalog_sales.cs_bill_cdemo_sk=customer_demographics.cd_demo_sk,catalog_sales.cs_bill_hdemo_sk=household_demographics.hd_demo_sk#household_demographics.hd_buy_potential,=,1.0,customer_demographics.cd_marital_status,=,1.0,date_dim.d_year,=,2001.0#1207638420
catalog_sales,item,date_dim,customer_demographics,household_demographics#date_dim.d_week_seq=date_dim.d_week_seq,catalog_sales.cs_bill_hdemo_sk=household_demographics.hd_demo_sk,date_dim.d_date_sk=catalog_sales.cs_ship_date_sk,catalog_sales.cs_sold_date_sk=date_dim.d_date_sk,catalog_sales.cs_bill_cdemo_sk=customer_demographics.cd_demo_sk,catalog_sales.cs_item_sk=item.i_item_sk#household_demographics.hd_buy_potential,=,1.0,customer_demographics.cd_marital_status,=,1.0,date_dim.d_year,=,2001.0#1787024155
catalog_sales,item,warehouse,date_dim,inventory,customer_demographics,household_demographics#inventory.inv_warehouse_sk=warehouse.w_warehouse_sk,catalog_sales.cs_bill_hdemo_sk=household_demographics.hd_demo_sk,date_dim.d_date_sk=catalog_sales.cs_ship_date_sk,inventory.inv_item_sk=catalog_sales.cs_item_sk,catalog_sales.cs_sold_date_sk=date_dim.d_date_sk,catalog_sales.cs_bill_cdemo_sk=customer_demographics.cd_demo_sk,catalog_sales.cs_item_sk=item.i_item_sk#household_demographics.hd_buy_potential,=,1.0,customer_demographics.cd_marital_status,=,1.0,date_dim.d_year,=,2001.0#-1703590542
catalog_sales,item,date_dim,inventory,customer_demographics,household_demographics#catalog_sales.cs_bill_hdemo_sk=household_demographics.hd_demo_sk,date_dim.d_week_seq=date_dim.d_week_seq,inventory.inv_item_sk=catalog_sales.cs_item_sk,inventory.inv_date_sk=date_dim.d_date_sk,date_dim.d_date_sk=catalog_sales.cs_ship_date_sk,catalog_sales.cs_bill_cdemo_sk=customer_demographics.cd_demo_sk,catalog_sales.cs_item_sk=item.i_item_sk#household_demographics.hd_buy_potential,=,1.0,customer_demographics.cd_marital_status,=,1.0,date_dim.d_year,=,2001.0#-1642645699
catalog_sales,item,warehouse,date_dim,inventory,customer_demographics,household_demographics#inventory.inv_warehouse_sk=warehouse.w_warehouse_sk,catalog_sales.cs_bill_hdemo_sk=household_demographics.hd_demo_sk,date_dim.d_week_seq=date_dim.d_week_seq,inventory.inv_item_sk=catalog_sales.cs_item_sk,inventory.inv_date_sk=date_dim.d_date_sk,date_dim.d_date_sk=catalog_sales.cs_ship_date_sk,catalog_sales.cs_bill_cdemo_sk=customer_demographics.cd_demo_sk,catalog_sales.cs_item_sk=item.i_item_sk#household_demographics.hd_buy_potential,=,1.0,customer_demographics.cd_marital_status,=,1.0,date_dim.d_year,=,2001.0#-576538188
catalog_sales,item,promotion,warehouse,date_dim,customer_demographics,inventory,household_demographics#inventory.inv_warehouse_sk=warehouse.w_warehouse_sk,date_dim.d_date_sk=catalog_sales.cs_ship_date_sk,catalog_sales.cs_item_sk=item.i_item_sk,catalog_sales.cs_bill_cdemo_sk=customer_demographics.cd_demo_sk,date_dim.d_week_seq=date_dim.d_week_seq,catalog_sales.cs_promo_sk=promotion.p_promo_sk,inventory.inv_date_sk=date_dim.d_date_sk,inventory.inv_item_sk=catalog_sales.cs_item_sk,catalog_sales.cs_bill_hdemo_sk=household_demographics.hd_demo_sk#household_demographics.hd_buy_potential,=,1.0,customer_demographics.cd_marital_status,=,1.0,date_dim.d_year,=,2001.0#2065256878
catalog_sales,item,warehouse,date_dim,customer_demographics,catalog_returns,inventory,household_demographics#inventory.inv_warehouse_sk=warehouse.w_warehouse_sk,catalog_sales.cs_bill_hdemo_sk=household_demographics.hd_demo_sk,date_dim.d_date_sk=catalog_sales.cs_ship_date_sk,catalog_sales.cs_item_sk=item.i_item_sk,catalog_sales.cs_bill_cdemo_sk=customer_demographics.cd_demo_sk,date_dim.d_week_seq=date_dim.d_week_seq,inventory.inv_item_sk=catalog_sales.cs_item_sk,inventory.inv_date_sk=date_dim.d_date_sk,catalog_sales.cs_item_sk=catalog_returns.cr_item_sk,catalog_sales.cs_order_number=catalog_returns.cr_order_number#household_demographics.hd_buy_potential,=,1.0,customer_demographics.cd_marital_status,=,1.0,date_dim.d_year,=,2001.0#-302880492
date_dim#date_dim.d_week_seq=date_dim.d_week_seq#date_dim.d_year,=,2001.0#-562985222
catalog_sales,household_demographics#catalog_sales.cs_bill_hdemo_sk=household_demographics.hd_demo_sk#catalog_sales.cs_promo_sk,!=,0,household_demographics.hd_buy_potential,=,1.0#1019328943
catalog_sales,customer_demographics,household_demographics#catalog_sales.cs_bill_cdemo_sk=customer_demographics.cd_demo_sk,catalog_sales.cs_bill_hdemo_sk=household_demographics.hd_demo_sk#catalog_sales.cs_promo_sk,!=,0,household_demographics.hd_buy_potential,=,1.0,customer_demographics.cd_marital_status,=,1.0#-901708568
catalog_sales,date_dim,customer_demographics,household_demographics#catalog_sales.cs_ship_date_sk=date_dim.d_date_sk,catalog_sales.cs_bill_cdemo_sk=customer_demographics.cd_demo_sk,catalog_sales.cs_bill_hdemo_sk=household_demographics.hd_demo_sk#catalog_sales.cs_promo_sk,!=,0,household_demographics.hd_buy_potential,=,1.0,customer_demographics.cd_marital_status,=,1.0#-508562333
date_dim,inventory,warehouse#inventory.inv_warehouse_sk=warehouse.w_warehouse_sk,inventory.inv_date_sk=date_dim.d_date_sk,date_dim.d_week_seq=date_dim.d_week_seq#date_dim.d_year,=,2001.0#599509407
catalog_sales,item,date_dim,customer_demographics,household_demographics#catalog_sales.cs_ship_date_sk=date_dim.d_date_sk,catalog_sales.cs_bill_hdemo_sk=household_demographics.hd_demo_sk,catalog_sales.cs_bill_cdemo_sk=customer_demographics.cd_demo_sk,catalog_sales.cs_item_sk=item.i_item_sk#catalog_sales.cs_promo_sk,!=,0,household_demographics.hd_buy_potential,=,1.0,customer_demographics.cd_marital_status,=,1.0#1605689902
catalog_sales,item,warehouse,date_dim,inventory,customer_demographics,household_demographics#inventory.inv_warehouse_sk=warehouse.w_warehouse_sk,catalog_sales.cs_ship_date_sk=date_dim.d_date_sk,catalog_sales.cs_bill_hdemo_sk=household_demographics.hd_demo_sk,catalog_sales.cs_quantity=inventory.inv_quantity_on_hand,catalog_sales.cs_item_sk=inventory.inv_item_sk,catalog_sales.cs_bill_cdemo_sk=customer_demographics.cd_demo_sk,date_dim.d_week_seq=date_dim.d_week_seq,inventory.inv_date_sk=date_dim.d_date_sk,catalog_sales.cs_sold_date_sk=date_dim.d_date_sk,date_dim.d_date=date_dim.d_date,catalog_sales.cs_item_sk=item.i_item_sk#catalog_sales.cs_promo_sk,!=,0,household_demographics.hd_buy_potential,=,1.0,customer_demographics.cd_marital_status,=,1.0,date_dim.d_year,=,2001.0#668314726
store,store_sales,date_dim,customer_demographics,household_demographics#store_sales.ss_cdemo_sk=customer_demographics.cd_demo_sk,store_sales.ss_sold_date_sk=date_dim.d_date_sk,store_sales.ss_hdemo_sk=household_demographics.hd_demo_sk,store_sales.ss_store_sk=store.s_store_sk#store_sales.ss_sales_price,<=,100.0,store_sales.ss_net_profit,<=,250.0,customer_demographics.cd_marital_status,=,1.0,store_sales.ss_net_profit,<=,200.0,store_sales.ss_sales_price,>=,50.0,date_dim.d_year,=,2001.0,store_sales.ss_sales_price,>=,150.0,store_sales.ss_net_profit,>=,150.0,store_sales.ss_sales_price,>=,100.0,household_demographics.hd_dep_count,=,1.0,store_sales.ss_sales_price,<=,200.0,store_sales.ss_net_profit,>=,50.0,store_sales.ss_sales_price,<=,150.0,household_demographics.hd_dep_count,=,3.0,customer_demographics.cd_education_status,=,1.0,store_sales.ss_net_profit,>=,100.0,store_sales.ss_net_profit,<=,300.0#1519204064
store,customer_address,store_sales,date_dim,customer_demographics#store_sales.ss_cdemo_sk=customer_demographics.cd_demo_sk,store_sales.ss_sold_date_sk=date_dim.d_date_sk,customer_address.ca_address_sk=store_sales.ss_addr_sk,store_sales.ss_store_sk=store.s_store_sk#store_sales.ss_sales_price,<=,100.0,store_sales.ss_net_profit,<=,250.0,customer_demographics.cd_marital_status,=,1.0,store_sales.ss_net_profit,<=,200.0,customer_address.ca_country,=,1.0,store_sales.ss_sales_price,>=,50.0,customer_address.ca_state,IN,3.0,store_sales.ss_sales_price,<=,200.0,date_dim.d_year,=,2001.0,store_sales.ss_net_profit,>=,50.0,store_sales.ss_sales_price,>=,150.0,store_sales.ss_sales_price,<=,150.0,store_sales.ss_net_profit,>=,100.0,store_sales.ss_net_profit,>=,150.0,customer_demographics.cd_education_status,=,1.0,store_sales.ss_sales_price,>=,100.0,store_sales.ss_net_profit,<=,300.0#-1558828862
store,customer_address,store_sales,date_dim,household_demographics#store_sales.ss_addr_sk=customer_address.ca_address_sk,store_sales.ss_sold_date_sk=date_dim.d_date_sk,store_sales.ss_hdemo_sk=household_demographics.hd_demo_sk,store_sales.ss_store_sk=store.s_store_sk#store_sales.ss_sales_price,<=,100.0,customer_address.ca_country,=,1.0,store_sales.ss_net_profit,<=,250.0,store_sales.ss_net_profit,<=,200.0,customer_address.ca_state,IN,3.0,store_sales.ss_sales_price,>=,50.0,date_dim.d_year,=,2001.0,store_sales.ss_sales_price,>=,150.0,store_sales.ss_net_profit,>=,150.0,store_sales.ss_sales_price,>=,100.0,household_demographics.hd_dep_count,=,1.0,store_sales.ss_sales_price,<=,200.0,store_sales.ss_net_profit,>=,50.0,store_sales.ss_sales_price,<=,150.0,household_demographics.hd_dep_count,=,3.0,store_sales.ss_net_profit,>=,100.0,store_sales.ss_net_profit,<=,300.0#1007246338
store,item,store_sales,promotion,date_dim#store_sales.ss_sold_date_sk=date_dim.d_date_sk,store_sales.ss_item_sk=item.i_item_sk,store.s_store_sk=store_sales.ss_store_sk,store_sales.ss_promo_sk=promotion.p_promo_sk#date_dim.d_date,>=,967334400.0,promotion.p_channel_tv,=,1.0,date_dim.d_date,<=,969926400.0,item.i_current_price,>,50.0#-85875619
item,web_sales,promotion,date_dim#item.i_item_sk=web_sales.ws_item_sk,promotion.p_promo_sk=web_sales.ws_promo_sk,web_sales.ws_sold_date_sk=date_dim.d_date_sk#date_dim.d_date,>=,967334400.0,date_dim.d_date,<=,969926400.0,promotion.p_channel_tv,=,1.0,item.i_current_price,>,50.0#309133702
store,date_dim,store_sales#store_sales.ss_sold_date_sk=date_dim.d_date_sk,store_sales.ss_store_sk=store.s_store_sk#date_dim.d_date,>=,967334400.0,date_dim.d_date,<=,969926400.0#-1390285848
store,store_sales,promotion,date_dim#store_sales.ss_sold_date_sk=date_dim.d_date_sk,store_sales.ss_store_sk=store.s_store_sk,store_sales.ss_promo_sk=promotion.p_promo_sk#date_dim.d_date,>=,967334400.0,promotion.p_channel_tv,=,1.0,date_dim.d_date,<=,969926400.0#-1253613186
store,item,store_sales,promotion,date_dim#store_sales.ss_sold_date_sk=date_dim.d_date_sk,store_sales.ss_item_sk=item.i_item_sk,store_sales.ss_store_sk=store.s_store_sk,store_sales.ss_promo_sk=promotion.p_promo_sk#date_dim.d_date,>=,967334400.0,promotion.p_channel_tv,=,1.0,date_dim.d_date,<=,969926400.0,item.i_current_price,>,50.0#-289494933
web_sales,item,web_returns,web_site,promotion,date_dim#web_returns.wr_order_number=web_sales.ws_order_number,web_returns.wr_item_sk=web_sales.ws_item_sk,web_sales.ws_item_sk=item.i_item_sk,web_sales.ws_web_site_sk=web_site.web_site_sk,web_sales.ws_promo_sk=promotion.p_promo_sk,web_sales.ws_sold_date_sk=date_dim.d_date_sk#date_dim.d_date,>=,967334400.0,promotion.p_channel_tv,=,1.0,date_dim.d_date,<=,969926400.0,item.i_current_price,>,50.0#-1508013090
store_returns,date_dim,store_sales#store_sales.ss_ticket_number=store_returns.sr_ticket_number,store_sales.ss_item_sk=store_returns.sr_item_sk,store_returns.sr_returned_date_sk=date_dim.d_date_sk,store_sales.ss_customer_sk=store_returns.sr_customer_sk#date_dim.d_year,=,2002.0,date_dim.d_moy,=,9.0,store_sales.ss_sold_date_sk,!=,0#-1974530781
store,store_sales,date_dim,store_returns#store_sales.ss_ticket_number=store_returns.sr_ticket_number,store_sales.ss_item_sk=store_returns.sr_item_sk,store_returns.sr_returned_date_sk=date_dim.d_date_sk,store_sales.ss_customer_sk=store_returns.sr_customer_sk,store_sales.ss_store_sk=store.s_store_sk#date_dim.d_year,=,2002.0,date_dim.d_moy,=,9.0,store_sales.ss_sold_date_sk,!=,0#1518577406
catalog_sales,warehouse,date_dim,call_center#date_dim.d_date_sk=catalog_sales.cs_ship_date_sk,catalog_sales.cs_call_center_sk=call_center.cc_call_center_sk,catalog_sales.cs_warehouse_sk=warehouse.w_warehouse_sk#date_dim.d_month_seq,>=,1176.0,date_dim.d_month_seq,<=,1187.0#-1730775304
catalog_sales,ship_mode,date_dim,call_center#catalog_sales.cs_ship_date_sk=date_dim.d_date_sk,catalog_sales.cs_call_center_sk=call_center.cc_call_center_sk,catalog_sales.cs_ship_mode_sk=ship_mode.sm_ship_mode_sk#date_dim.d_month_seq,>=,1176.0,date_dim.d_month_seq,<=,1187.0#-922166787
web_page,web_sales,reason,customer_address,web_returns,customer_demographics#web_sales.ws_web_page_sk=web_page.wp_web_page_sk,web_sales.ws_item_sk=web_returns.wr_item_sk,web_returns.wr_refunded_cdemo_sk=customer_demographics.cd_demo_sk,customer_demographics.cd_education_status=customer_demographics.cd_education_status,web_sales.ws_order_number=web_returns.wr_order_number,web_returns.wr_refunded_addr_sk=customer_address.ca_address_sk,customer_demographics.cd_marital_status=customer_demographics.cd_marital_status,web_returns.wr_reason_sk=reason.r_reason_sk#customer_address.ca_country,=,1.0,customer_demographics.cd_marital_status,=,1.0,customer_address.ca_state,IN,3.0,web_sales.ws_net_profit,>=,100.0,web_sales.ws_net_profit,>=,50.0,web_sales.ws_sales_price,<=,150.0,web_sales.ws_sales_price,<=,200.0,web_sales.ws_net_profit,<=,250.0,web_sales.ws_sales_price,>=,50.0,web_sales.ws_sales_price,<=,100.0,web_sales.ws_net_profit,<=,200.0,web_sales.ws_net_profit,>=,150.0,web_sales.ws_sales_price,>=,100.0,web_sales.ws_net_profit,<=,300.0,customer_demographics.cd_education_status,=,1.0,web_sales.ws_sales_price,>=,150.0#1172727336
web_page,web_sales,reason,web_returns,date_dim,customer_demographics#web_sales.ws_web_page_sk=web_page.wp_web_page_sk,web_returns.wr_order_number=web_sales.ws_order_number,web_returns.wr_item_sk=web_sales.ws_item_sk,web_returns.wr_returning_cdemo_sk=customer_demographics.cd_demo_sk,web_sales.ws_sold_date_sk=date_dim.d_date_sk,web_returns.wr_reason_sk=reason.r_reason_sk#web_sales.ws_net_profit,>=,150.0,date_dim.d_year,=,2000.0,web_sales.ws_net_profit,>=,100.0,web_sales.ws_net_profit,>=,50.0,web_sales.ws_sales_price,<=,150.0,web_sales.ws_sales_price,>=,150.0,web_sales.ws_sales_price,>=,100.0,web_sales.ws_sales_price,<=,200.0,web_sales.ws_net_profit,<=,250.0,web_sales.ws_net_profit,<=,300.0,web_sales.ws_sales_price,>=,50.0,web_sales.ws_sales_price,<=,100.0,web_sales.ws_net_profit,<=,200.0#175417
web_page,web_sales,reason,customer_address,web_returns,date_dim,customer_demographics#web_sales.ws_web_page_sk=web_page.wp_web_page_sk,web_returns.wr_order_number=web_sales.ws_order_number,web_returns.wr_item_sk=web_sales.ws_item_sk,web_returns.wr_refunded_cdemo_sk=customer_demographics.cd_demo_sk,web_returns.wr_refunded_addr_sk=customer_address.ca_address_sk,web_sales.ws_sold_date_sk=date_dim.d_date_sk,web_returns.wr_reason_sk=reason.r_reason_sk#web_sales.ws_net_profit,>=,150.0,customer_address.ca_country,=,1.0,customer_demographics.cd_marital_status,=,1.0,date_dim.d_year,=,2000.0,web_sales.ws_net_profit,>=,100.0,web_sales.ws_net_profit,>=,50.0,web_sales.ws_sales_price,<=,150.0,web_sales.ws_sales_price,>=,150.0,web_sales.ws_sales_price,>=,100.0,web_sales.ws_sales_price,<=,200.0,web_sales.ws_net_profit,<=,250.0,customer_address.ca_state,IN,3.0,web_sales.ws_net_profit,<=,300.0,web_sales.ws_sales_price,>=,50.0,customer_demographics.cd_education_status,=,1.0,web_sales.ws_sales_price,<=,100.0,web_sales.ws_net_profit,<=,200.0#1459064023
web_page,web_sales,customer_address,reason,web_returns,date_dim,customer_demographics#web_sales.ws_web_page_sk=web_page.wp_web_page_sk,web_sales.ws_item_sk=web_returns.wr_item_sk,web_returns.wr_returning_cdemo_sk=customer_demographics.cd_demo_sk,web_sales.ws_order_number=web_returns.wr_order_number,web_returns.wr_refunded_addr_sk=customer_address.ca_address_sk,web_sales.ws_sold_date_sk=date_dim.d_date_sk,web_returns.wr_reason_sk=reason.r_reason_sk#web_sales.ws_net_profit,>=,150.0,customer_address.ca_country,=,1.0,date_dim.d_year,=,2000.0,customer_address.ca_state,IN,3.0,web_sales.ws_net_profit,>=,100.0,web_sales.ws_net_profit,>=,50.0,web_sales.ws_sales_price,<=,150.0,web_sales.ws_sales_price,>=,100.0,web_sales.ws_sales_price,<=,200.0,web_sales.ws_net_profit,<=,250.0,web_sales.ws_sales_price,>=,150.0,web_sales.ws_net_profit,<=,300.0,web_sales.ws_sales_price,>=,50.0,web_sales.ws_sales_price,<=,100.0,web_sales.ws_net_profit,<=,200.0#1171393898
customer_address,web_sales,reason,web_returns,date_dim,customer_demographics#customer_demographics.cd_demo_sk=web_returns.wr_returning_cdemo_sk,web_returns.wr_refunded_cdemo_sk=customer_demographics.cd_demo_sk,customer_demographics.cd_marital_status=customer_demographics.cd_marital_status,web_sales.ws_item_sk=web_returns.wr_item_sk,customer_demographics.cd_education_status=customer_demographics.cd_education_status,web_sales.ws_order_number=web_returns.wr_order_number,web_returns.wr_refunded_addr_sk=customer_address.ca_address_sk,web_sales.ws_sold_date_sk=date_dim.d_date_sk,web_returns.wr_reason_sk=reason.r_reason_sk#customer_address.ca_country,=,1.0,customer_demographics.cd_marital_status,=,1.0,web_sales.ws_net_profit,>=,100.0,web_sales.ws_sales_price,<=,150.0,web_sales.ws_net_profit,>=,50.0,customer_address.ca_state,IN,3.0,web_sales.ws_sales_price,<=,200.0,web_sales.ws_net_profit,<=,250.0,customer_address.ca_state,IN,9.0,web_sales.ws_sales_price,>=,50.0,web_sales.ws_sales_price,<=,100.0,web_sales.ws_net_profit,<=,200.0,web_sales.ws_net_profit,>=,150.0,web_sales.ws_web_page_sk,!=,0,date_dim.d_year,=,2000.0,web_sales.ws_sales_price,>=,100.0,web_sales.ws_net_profit,<=,300.0,customer_demographics.cd_education_status,=,1.0,web_sales.ws_sales_price,>=,150.0#-1979432422
catalog_sales,customer_address,web_sales,customer,date_dim,customer_demographics#web_sales.ws_bill_customer_sk=customer.c_customer_sk,catalog_sales.cs_ship_customer_sk=customer.c_customer_sk,customer_demographics.cd_demo_sk=customer.c_current_cdemo_sk,catalog_sales.cs_sold_date_sk=date_dim.d_date_sk,customer.c_current_addr_sk=customer_address.ca_address_sk,web_sales.ws_sold_date_sk=date_dim.d_date_sk#date_dim.d_year,=,1999.0,date_dim.d_moy,>=,3.0,customer_address.ca_state,IN,3.0,date_dim.d_moy,<=,5.0#633210648
catalog_sales,web_sales,customer,date_dim,customer_demographics,customer_address,store_sales#customer.c_customer_sk=store_sales.ss_customer_sk,web_sales.ws_bill_customer_sk=customer.c_customer_sk,catalog_sales.cs_ship_customer_sk=customer.c_customer_sk,customer_demographics.cd_demo_sk=customer.c_current_cdemo_sk,catalog_sales.cs_sold_date_sk=date_dim.d_date_sk,customer.c_current_addr_sk=customer_address.ca_address_sk,web_sales.ws_sold_date_sk=date_dim.d_date_sk,store_sales.ss_sold_date_sk=date_dim.d_date_sk#date_dim.d_year,=,1999.0,date_dim.d_moy,>=,3.0,customer_address.ca_state,IN,3.0,date_dim.d_moy,<=,5.0#-940716118
customer_address,income_band,customer,household_demographics#household_demographics.hd_income_band_sk=income_band.ib_income_band_sk,customer.c_current_hdemo_sk=household_demographics.hd_demo_sk,customer.c_current_addr_sk=customer_address.ca_address_sk#income_band.ib_lower_bound,>=,16807.0,customer_address.ca_city,=,1.0,income_band.ib_upper_bound,<=,66807.0,customer.c_current_cdemo_sk,!=,0#1297569896
income_band,customer,household_demographics#household_demographics.hd_income_band_sk=income_band.ib_income_band_sk,customer.c_current_hdemo_sk=household_demographics.hd_demo_sk#customer.c_current_cdemo_sk,!=,0,income_band.ib_upper_bound,<=,66807.0,income_band.ib_lower_bound,>=,16807.0#1649801614
customer_address,income_band,customer,store_returns,household_demographics#household_demographics.hd_income_band_sk=income_band.ib_income_band_sk,customer.c_current_hdemo_sk=household_demographics.hd_demo_sk,customer.c_current_cdemo_sk=store_returns.sr_cdemo_sk,customer.c_current_addr_sk=customer_address.ca_address_sk#income_band.ib_lower_bound,>=,16807.0,customer_address.ca_city,=,1.0,income_band.ib_upper_bound,<=,66807.0,customer.c_current_cdemo_sk,!=,0#488155782
catalog_sales,customer_address,date_dim,call_center#catalog_sales.cs_ship_date_sk=date_dim.d_date_sk,catalog_sales.cs_warehouse_sk=catalog_sales.cs_warehouse_sk,catalog_sales.cs_order_number=catalog_sales.cs_order_number,catalog_sales.cs_call_center_sk=call_center.cc_call_center_sk,catalog_sales.cs_ship_addr_sk=customer_address.ca_address_sk#date_dim.d_date,<=,957052800.0,customer_address.ca_state,=,1.0,call_center.cc_county,IN,5.0,date_dim.d_date,>=,951868800.0#-2046335661
store,item,store_sales,customer,promotion,date_dim#store_sales.ss_promo_sk=promotion.p_promo_sk,store_sales.ss_store_sk=store.s_store_sk,customer.c_customer_sk=store_sales.ss_customer_sk,store_sales.ss_item_sk=item.i_item_sk,store_sales.ss_sold_date_sk=date_dim.d_date_sk#date_dim.d_moy,=,12.0,promotion.p_channel_dmail,=,1.0,item.i_category,=,1.0,promotion.p_channel_email,=,1.0,store.s_gmt_offset,=,-7.0,promotion.p_channel_tv,=,1.0,date_dim.d_year,=,2001.0#-1773119711
store,customer_address,item,store_sales,customer,promotion,date_dim#store_sales.ss_store_sk=store.s_store_sk,customer.c_customer_sk=store_sales.ss_customer_sk,store_sales.ss_sold_date_sk=date_dim.d_date_sk,store_sales.ss_item_sk=item.i_item_sk,customer.c_current_addr_sk=customer_address.ca_address_sk,store_sales.ss_promo_sk=promotion.p_promo_sk#date_dim.d_moy,=,12.0,promotion.p_channel_dmail,=,1.0,item.i_category,=,1.0,promotion.p_channel_email,=,1.0,store.s_gmt_offset,=,-7.0,promotion.p_channel_tv,=,1.0,date_dim.d_year,=,2001.0,customer_address.ca_gmt_offset,=,-7.0#775828516
web_sales,web_site,warehouse,date_dim#web_sales.ws_web_site_sk=web_site.web_site_sk,web_sales.ws_ship_date_sk=date_dim.d_date_sk,web_sales.ws_warehouse_sk=warehouse.w_warehouse_sk#date_dim.d_month_seq,>=,1176.0,date_dim.d_month_seq,<=,1187.0#1911819024
customer_address,web_sales,web_site,date_dim#web_sales.ws_warehouse_sk=web_sales.ws_warehouse_sk,web_sales.ws_ship_date_sk=date_dim.d_date_sk,web_sales.ws_web_site_sk=web_site.web_site_sk,web_sales.ws_order_number=web_sales.ws_order_number,web_sales.ws_ship_addr_sk=customer_address.ca_address_sk#date_dim.d_date,<=,957052800.0,customer_address.ca_state,=,1.0,date_dim.d_date,>=,951868800.0,web_site.web_company_name,=,1.0#-1071815610
store,customer_address,item,store_sales,customer,store_returns#store_returns.sr_ticket_number=store_sales.ss_ticket_number,store_returns.sr_item_sk=store_sales.ss_item_sk,customer_address.ca_zip=store.s_zip,customer.c_customer_sk=store_sales.ss_customer_sk,store_sales.ss_store_sk=store.s_store_sk,customer.c_birth_country=customer_address.ca_country,store_sales.ss_item_sk=item.i_item_sk,customer.c_current_addr_sk=customer_address.ca_address_sk#item.i_color,=,1.0,store.s_market_id,=,9.0#1236316204
customer_address,web_sales,web_site,date_dim#web_sales.ws_warehouse_sk=web_sales.ws_warehouse_sk,web_sales.ws_ship_date_sk=date_dim.d_date_sk,web_sales.ws_web_site_sk=web_site.web_site_sk,web_sales.ws_order_number=web_sales.ws_order_number,web_sales.ws_ship_addr_sk=customer_address.ca_address_sk#date_dim.d_date,<=,957052800.0,customer_address.ca_state,=,1.0,date_dim.d_date,>=,951868800.0,web_site.web_company_name,=,1.0#-16220198
customer_address,web_sales,web_returns,web_site,date_dim#web_sales.ws_warehouse_sk=web_sales.ws_warehouse_sk,web_sales.ws_ship_date_sk=date_dim.d_date_sk,web_sales.ws_web_site_sk=web_site.web_site_sk,web_sales.ws_order_number=web_returns.wr_order_number,web_sales.ws_order_number=web_sales.ws_order_number,web_sales.ws_ship_addr_sk=customer_address.ca_address_sk#date_dim.d_date,<=,957052800.0,customer_address.ca_state,=,1.0,date_dim.d_date,>=,951868800.0,web_site.web_company_name,=,1.0#-944368764
store,customer_address,item,store_sales,store_returns#store_returns.sr_ticket_number=store_sales.ss_ticket_number,store_returns.sr_item_sk=store_sales.ss_item_sk,customer_address.ca_zip=store.s_zip,store_sales.ss_store_sk=store.s_store_sk,store_sales.ss_item_sk=item.i_item_sk#item.i_color,=,1.0,store.s_market_id,=,9.0#924069319
store,customer_address,item,store_sales,customer,store_returns#store_returns.sr_ticket_number=store_sales.ss_ticket_number,store_returns.sr_item_sk=store_sales.ss_item_sk,customer_address.ca_zip=store.s_zip,customer.c_customer_sk=store_sales.ss_customer_sk,store_sales.ss_store_sk=store.s_store_sk,customer.c_birth_country=customer_address.ca_country,store_sales.ss_item_sk=item.i_item_sk,customer.c_current_addr_sk=customer_address.ca_address_sk#item.i_color,=,1.0,store.s_market_id,=,9.0#1677528628
catalog_sales,item,date_dim,inventory,customer_demographics#date_dim.d_week_seq=date_dim.d_week_seq,catalog_sales.cs_item_sk=inventory.inv_item_sk,catalog_sales.cs_sold_date_sk=date_dim.d_date_sk,catalog_sales.cs_bill_cdemo_sk=customer_demographics.cd_demo_sk,catalog_sales.cs_item_sk=item.i_item_sk#customer_demographics.cd_marital_status,=,1.0,date_dim.d_year,=,2001.0#-1019005657
catalog_sales,item,warehouse,date_dim,inventory,customer_demographics#inventory.inv_warehouse_sk=warehouse.w_warehouse_sk,date_dim.d_week_seq=date_dim.d_week_seq,catalog_sales.cs_item_sk=inventory.inv_item_sk,catalog_sales.cs_sold_date_sk=date_dim.d_date_sk,catalog_sales.cs_bill_cdemo_sk=customer_demographics.cd_demo_sk,catalog_sales.cs_item_sk=item.i_item_sk#customer_demographics.cd_marital_status,=,1.0,date_dim.d_year,=,2001.0#-1309466608
catalog_sales,date_dim,inventory,customer_demographics,household_demographics#date_dim.d_week_seq=date_dim.d_week_seq,catalog_sales.cs_item_sk=inventory.inv_item_sk,catalog_sales.cs_sold_date_sk=date_dim.d_date_sk,catalog_sales.cs_bill_cdemo_sk=customer_demographics.cd_demo_sk,catalog_sales.cs_bill_hdemo_sk=household_demographics.hd_demo_sk#household_demographics.hd_buy_potential,=,1.0,customer_demographics.cd_marital_status,=,1.0,date_dim.d_year,=,2001.0#580195
catalog_sales,warehouse,date_dim,inventory,customer_demographics,household_demographics#inventory.inv_warehouse_sk=warehouse.w_warehouse_sk,date_dim.d_week_seq=date_dim.d_week_seq,catalog_sales.cs_item_sk=inventory.inv_item_sk,catalog_sales.cs_sold_date_sk=date_dim.d_date_sk,catalog_sales.cs_bill_cdemo_sk=customer_demographics.cd_demo_sk,catalog_sales.cs_bill_hdemo_sk=household_demographics.hd_demo_sk#household_demographics.hd_buy_potential,=,1.0,customer_demographics.cd_marital_status,=,1.0,date_dim.d_year,=,2001.0#2101832524
catalog_sales,item,date_dim,inventory,customer_demographics,household_demographics#date_dim.d_week_seq=date_dim.d_week_seq,catalog_sales.cs_bill_hdemo_sk=household_demographics.hd_demo_sk,inventory.inv_item_sk=catalog_sales.cs_item_sk,catalog_sales.cs_sold_date_sk=date_dim.d_date_sk,catalog_sales.cs_bill_cdemo_sk=customer_demographics.cd_demo_sk,catalog_sales.cs_item_sk=item.i_item_sk#household_demographics.hd_buy_potential,=,1.0,customer_demographics.cd_marital_status,=,1.0,date_dim.d_year,=,2001.0#996403744
catalog_sales,item,warehouse,date_dim,inventory,customer_demographics,household_demographics#inventory.inv_warehouse_sk=warehouse.w_warehouse_sk,date_dim.d_week_seq=date_dim.d_week_seq,catalog_sales.cs_bill_hdemo_sk=household_demographics.hd_demo_sk,inventory.inv_item_sk=catalog_sales.cs_item_sk,catalog_sales.cs_sold_date_sk=date_dim.d_date_sk,catalog_sales.cs_bill_cdemo_sk=customer_demographics.cd_demo_sk,catalog_sales.cs_item_sk=item.i_item_sk#household_demographics.hd_buy_potential,=,1.0,customer_demographics.cd_marital_status,=,1.0,date_dim.d_year,=,2001.0#2063433
catalog_sales,date_dim,inventory,customer_demographics#catalog_sales.cs_ship_date_sk=date_dim.d_date_sk,date_dim.d_week_seq=date_dim.d_week_seq,catalog_sales.cs_item_sk=inventory.inv_item_sk,catalog_sales.cs_sold_date_sk=date_dim.d_date_sk,catalog_sales.cs_bill_cdemo_sk=customer_demographics.cd_demo_sk#customer_demographics.cd_marital_status,=,1.0,date_dim.d_year,=,2001.0#-1131499215
catalog_sales,warehouse,date_dim,inventory,customer_demographics#inventory.inv_warehouse_sk=warehouse.w_warehouse_sk,catalog_sales.cs_ship_date_sk=date_dim.d_date_sk,date_dim.d_week_seq=date_dim.d_week_seq,catalog_sales.cs_item_sk=inventory.inv_item_sk,catalog_sales.cs_sold_date_sk=date_dim.d_date_sk,catalog_sales.cs_bill_cdemo_sk=customer_demographics.cd_demo_sk#customer_demographics.cd_marital_status,=,1.0,date_dim.d_year,=,2001.0#-1251980006
catalog_sales,item,date_dim,customer_demographics#catalog_sales.cs_ship_date_sk=date_dim.d_date_sk,date_dim.d_week_seq=date_dim.d_week_seq,catalog_sales.cs_sold_date_sk=date_dim.d_date_sk,catalog_sales.cs_bill_cdemo_sk=customer_demographics.cd_demo_sk,catalog_sales.cs_item_sk=item.i_item_sk#customer_demographics.cd_marital_status,=,1.0,date_dim.d_year,=,2001.0#-709994622
catalog_sales,item,date_dim,household_demographics#catalog_sales.cs_ship_date_sk=date_dim.d_date_sk,date_dim.d_week_seq=date_dim.d_week_seq,catalog_sales.cs_sold_date_sk=date_dim.d_date_sk,catalog_sales.cs_item_sk=item.i_item_sk,catalog_sales.cs_bill_hdemo_sk=household_demographics.hd_demo_sk#household_demographics.hd_buy_potential,=,1.0,date_dim.d_year,=,2001.0#1287795038
catalog_sales,date_dim,customer_demographics,household_demographics#catalog_sales.cs_ship_date_sk=date_dim.d_date_sk,date_dim.d_week_seq=date_dim.d_week_seq,catalog_sales.cs_sold_date_sk=date_dim.d_date_sk,catalog_sales.cs_bill_cdemo_sk=customer_demographics.cd_demo_sk,catalog_sales.cs_bill_hdemo_sk=household_demographics.hd_demo_sk#household_demographics.hd_buy_potential,=,1.0,customer_demographics.cd_marital_status,=,1.0,date_dim.d_year,=,2001.0#757535320
store,item,store_sales,promotion,date_dim,store_returns#store_returns.sr_item_sk=store_sales.ss_item_sk,store_returns.sr_ticket_number=store_sales.ss_ticket_number,store_sales.ss_store_sk=store.s_store_sk,store_sales.ss_sold_date_sk=date_dim.d_date_sk,store_sales.ss_item_sk=item.i_item_sk,store_sales.ss_promo_sk=promotion.p_promo_sk#date_dim.d_date,>=,967334400.0,promotion.p_channel_tv,=,1.0,date_dim.d_date,<=,969926400.0,item.i_current_price,>,50.0#-1266135573
customer_address,web_sales,reason,web_returns,customer_demographics#customer_demographics.cd_demo_sk=web_returns.wr_returning_cdemo_sk,web_sales.ws_item_sk=web_returns.wr_item_sk,web_returns.wr_refunded_cdemo_sk=customer_demographics.cd_demo_sk,customer_demographics.cd_education_status=customer_demographics.cd_education_status,web_sales.ws_order_number=web_returns.wr_order_number,web_returns.wr_refunded_addr_sk=customer_address.ca_address_sk,customer_demographics.cd_marital_status=customer_demographics.cd_marital_status,web_returns.wr_reason_sk=reason.r_reason_sk#customer_address.ca_country,=,1.0,customer_demographics.cd_marital_status,=,1.0,web_sales.ws_net_profit,>=,100.0,web_sales.ws_sales_price,<=,150.0,web_sales.ws_net_profit,>=,50.0,customer_address.ca_state,IN,3.0,web_sales.ws_sales_price,<=,200.0,web_sales.ws_net_profit,<=,250.0,customer_address.ca_state,IN,9.0,web_sales.ws_sales_price,>=,50.0,web_sales.ws_sales_price,<=,100.0,web_sales.ws_net_profit,<=,200.0,web_sales.ws_net_profit,>=,150.0,web_sales.ws_web_page_sk,!=,0,web_sales.ws_sales_price,>=,100.0,web_sales.ws_net_profit,<=,300.0,customer_demographics.cd_education_status,=,1.0,web_sales.ws_sales_price,>=,150.0#856695830
customer_address,web_sales,reason,web_returns,date_dim,customer_demographics#customer_demographics.cd_demo_sk=web_returns.wr_returning_cdemo_sk,web_returns.wr_refunded_cdemo_sk=customer_demographics.cd_demo_sk,customer_demographics.cd_marital_status=customer_demographics.cd_marital_status,web_sales.ws_item_sk=web_returns.wr_item_sk,customer_demographics.cd_education_status=customer_demographics.cd_education_status,web_sales.ws_order_number=web_returns.wr_order_number,web_returns.wr_refunded_addr_sk=customer_address.ca_address_sk,web_sales.ws_sold_date_sk=date_dim.d_date_sk,web_returns.wr_reason_sk=reason.r_reason_sk#customer_address.ca_country,=,1.0,customer_demographics.cd_marital_status,=,1.0,web_sales.ws_net_profit,>=,100.0,web_sales.ws_sales_price,<=,150.0,web_sales.ws_net_profit,>=,50.0,customer_address.ca_state,IN,3.0,web_sales.ws_sales_price,<=,200.0,web_sales.ws_net_profit,<=,250.0,customer_address.ca_state,IN,9.0,web_sales.ws_sales_price,>=,50.0,web_sales.ws_sales_price,<=,100.0,web_sales.ws_net_profit,<=,200.0,web_sales.ws_net_profit,>=,150.0,web_sales.ws_web_page_sk,!=,0,date_dim.d_year,=,2000.0,web_sales.ws_sales_price,>=,100.0,web_sales.ws_net_profit,<=,300.0,customer_demographics.cd_education_status,=,1.0,web_sales.ws_sales_price,>=,150.0#-520755214
catalog_sales,web_sales,customer,date_dim,customer_demographics,customer_address,store_sales#web_sales.ws_bill_customer_sk=customer.c_customer_sk,store_sales.ss_customer_sk=customer.c_customer_sk,catalog_sales.cs_ship_customer_sk=customer.c_customer_sk,customer_demographics.cd_demo_sk=customer.c_current_cdemo_sk,catalog_sales.cs_sold_date_sk=date_dim.d_date_sk,customer.c_current_addr_sk=customer_address.ca_address_sk,web_sales.ws_sold_date_sk=date_dim.d_date_sk,store_sales.ss_sold_date_sk=date_dim.d_date_sk#date_dim.d_year,=,1999.0,date_dim.d_moy,>=,3.0,customer_address.ca_state,IN,3.0,date_dim.d_moy,<=,5.0#-578364641
store,customer_address,item,store_sales,customer,promotion,date_dim#customer_address.ca_address_sk=customer.c_current_addr_sk,store_sales.ss_store_sk=store.s_store_sk,customer.c_customer_sk=store_sales.ss_customer_sk,store_sales.ss_sold_date_sk=date_dim.d_date_sk,store_sales.ss_item_sk=item.i_item_sk,store_sales.ss_promo_sk=promotion.p_promo_sk#date_dim.d_moy,=,12.0,promotion.p_channel_dmail,=,1.0,item.i_category,=,1.0,promotion.p_channel_email,=,1.0,store.s_gmt_offset,=,-7.0,promotion.p_channel_tv,=,1.0,date_dim.d_year,=,2001.0,customer_address.ca_gmt_offset,=,-7.0#773302177
customer_address,web_sales,web_returns,web_site,date_dim#web_returns.wr_order_number=web_sales.ws_order_number,web_sales.ws_warehouse_sk=web_sales.ws_warehouse_sk,web_sales.ws_ship_date_sk=date_dim.d_date_sk,web_sales.ws_web_site_sk=web_site.web_site_sk,web_sales.ws_order_number=web_returns.wr_order_number,web_sales.ws_order_number=web_sales.ws_order_number,web_sales.ws_ship_addr_sk=customer_address.ca_address_sk#date_dim.d_date,<=,957052800.0,customer_address.ca_state,=,1.0,date_dim.d_date,>=,951868800.0,web_site.web_company_name,=,1.0#-378544005
catalog_sales,item,date_dim,inventory,customer_demographics#catalog_sales.cs_ship_date_sk=date_dim.d_date_sk,date_dim.d_week_seq=date_dim.d_week_seq,catalog_sales.cs_item_sk=inventory.inv_item_sk,catalog_sales.cs_sold_date_sk=date_dim.d_date_sk,catalog_sales.cs_bill_cdemo_sk=customer_demographics.cd_demo_sk,catalog_sales.cs_item_sk=item.i_item_sk#customer_demographics.cd_marital_status,=,1.0,date_dim.d_year,=,2001.0#-1707097840
catalog_sales,item,warehouse,date_dim,inventory,customer_demographics#inventory.inv_warehouse_sk=warehouse.w_warehouse_sk,catalog_sales.cs_ship_date_sk=date_dim.d_date_sk,date_dim.d_week_seq=date_dim.d_week_seq,inventory.inv_item_sk=catalog_sales.cs_item_sk,catalog_sales.cs_sold_date_sk=date_dim.d_date_sk,catalog_sales.cs_bill_cdemo_sk=customer_demographics.cd_demo_sk,catalog_sales.cs_item_sk=item.i_item_sk#customer_demographics.cd_marital_status,=,1.0,date_dim.d_year,=,2001.0#-240490361
customer_address,web_sales,reason,web_returns,date_dim#web_returns.wr_order_number=web_sales.ws_order_number,web_returns.wr_item_sk=web_sales.ws_item_sk,web_returns.wr_refunded_addr_sk=customer_address.ca_address_sk,web_sales.ws_sold_date_sk=date_dim.d_date_sk,web_returns.wr_reason_sk=reason.r_reason_sk#web_sales.ws_net_profit,>=,150.0,customer_address.ca_country,=,1.0,date_dim.d_year,=,2000.0,web_sales.ws_net_profit,>=,100.0,web_sales.ws_net_profit,>=,50.0,web_sales.ws_sales_price,<=,150.0,web_sales.ws_sales_price,>=,150.0,web_sales.ws_sales_price,>=,100.0,web_sales.ws_sales_price,<=,200.0,web_sales.ws_net_profit,<=,250.0,customer_address.ca_state,IN,3.0,web_sales.ws_net_profit,<=,300.0,web_sales.ws_sales_price,>=,50.0,web_sales.ws_sales_price,<=,100.0,web_sales.ws_net_profit,<=,200.0#-789485412
customer_address,web_sales,reason,web_returns,date_dim,customer_demographics#web_sales.ws_item_sk=web_returns.wr_item_sk,web_returns.wr_returning_cdemo_sk=customer_demographics.cd_demo_sk,web_sales.ws_order_number=web_returns.wr_order_number,web_returns.wr_refunded_addr_sk=customer_address.ca_address_sk,web_sales.ws_sold_date_sk=date_dim.d_date_sk,web_returns.wr_reason_sk=reason.r_reason_sk#web_sales.ws_net_profit,>=,150.0,customer_address.ca_country,=,1.0,customer_address.ca_state,IN,3.0,date_dim.d_year,=,2000.0,web_sales.ws_net_profit,>=,100.0,web_sales.ws_net_profit,>=,50.0,web_sales.ws_sales_price,<=,150.0,web_sales.ws_sales_price,>=,100.0,web_sales.ws_sales_price,<=,200.0,web_sales.ws_net_profit,<=,250.0,web_sales.ws_sales_price,>=,150.0,web_sales.ws_net_profit,<=,300.0,web_sales.ws_sales_price,>=,50.0,web_sales.ws_sales_price,<=,100.0,web_sales.ws_net_profit,<=,200.0#-32253659
web_page,web_sales,customer_address,reason,web_returns,date_dim,customer_demographics#web_sales.ws_web_page_sk=web_page.wp_web_page_sk,web_sales.ws_item_sk=web_returns.wr_item_sk,web_returns.wr_returning_cdemo_sk=customer_demographics.cd_demo_sk,web_sales.ws_order_number=web_returns.wr_order_number,web_returns.wr_refunded_addr_sk=customer_address.ca_address_sk,date_dim.d_date_sk=web_sales.ws_sold_date_sk,web_returns.wr_reason_sk=reason.r_reason_sk#web_sales.ws_net_profit,>=,150.0,customer_address.ca_country,=,1.0,customer_address.ca_state,IN,3.0,web_sales.ws_net_profit,>=,100.0,web_sales.ws_net_profit,>=,50.0,web_sales.ws_sales_price,<=,150.0,web_sales.ws_sales_price,>=,150.0,web_sales.ws_sales_price,>=,100.0,web_sales.ws_sales_price,<=,200.0,web_sales.ws_net_profit,<=,250.0,date_dim.d_year,=,2000.0,web_sales.ws_net_profit,<=,300.0,web_sales.ws_sales_price,>=,50.0,web_sales.ws_sales_price,<=,100.0,web_sales.ws_net_profit,<=,200.0#330259560
catalog_sales,date_dim,customer_demographics,household_demographics#catalog_sales.cs_ship_date_sk=date_dim.d_date_sk,catalog_sales.cs_bill_cdemo_sk=customer_demographics.cd_demo_sk,catalog_sales.cs_bill_hdemo_sk=household_demographics.hd_demo_sk#household_demographics.hd_buy_potential,=,1.0,customer_demographics.cd_marital_status,=,1.0#1707218387
catalog_sales,date_dim,inventory,customer_demographics,household_demographics#catalog_sales.cs_item_sk=inventory.inv_item_sk,catalog_sales.cs_ship_date_sk=date_dim.d_date_sk,household_demographics.hd_demo_sk=catalog_sales.cs_bill_hdemo_sk,catalog_sales.cs_bill_cdemo_sk=customer_demographics.cd_demo_sk#household_demographics.hd_buy_potential,=,1.0,customer_demographics.cd_marital_status,=,1.0#666528977
catalog_sales,item,date_dim,customer_demographics,household_demographics#date_dim.d_date_sk=catalog_sales.cs_ship_date_sk,catalog_sales.cs_bill_hdemo_sk=household_demographics.hd_demo_sk,catalog_sales.cs_bill_cdemo_sk=customer_demographics.cd_demo_sk,catalog_sales.cs_item_sk=item.i_item_sk#household_demographics.hd_buy_potential,=,1.0,customer_demographics.cd_marital_status,=,1.0#1970455122
catalog_sales,item,date_dim,inventory,customer_demographics,household_demographics#catalog_sales.cs_ship_date_sk=date_dim.d_date_sk,catalog_sales.cs_item_sk=inventory.inv_item_sk,household_demographics.hd_demo_sk=catalog_sales.cs_bill_hdemo_sk,catalog_sales.cs_bill_cdemo_sk=customer_demographics.cd_demo_sk,catalog_sales.cs_item_sk=item.i_item_sk#household_demographics.hd_buy_potential,=,1.0,customer_demographics.cd_marital_status,=,1.0#-647218650
catalog_sales,item,date_dim,customer_demographics,household_demographics#catalog_sales.cs_bill_hdemo_sk=household_demographics.hd_demo_sk,date_dim.d_date_sk=catalog_sales.cs_ship_date_sk,catalog_sales.cs_sold_date_sk=date_dim.d_date_sk,catalog_sales.cs_bill_cdemo_sk=customer_demographics.cd_demo_sk,catalog_sales.cs_item_sk=item.i_item_sk#household_demographics.hd_buy_potential,=,1.0,customer_demographics.cd_marital_status,=,1.0,date_dim.d_year,=,2001.0#444671591
catalog_sales,item,date_dim,inventory,customer_demographics,household_demographics#catalog_sales.cs_ship_date_sk=date_dim.d_date_sk,catalog_sales.cs_bill_hdemo_sk=household_demographics.hd_demo_sk,inventory.inv_item_sk=catalog_sales.cs_item_sk,catalog_sales.cs_sold_date_sk=date_dim.d_date_sk,catalog_sales.cs_bill_cdemo_sk=customer_demographics.cd_demo_sk,catalog_sales.cs_item_sk=item.i_item_sk#household_demographics.hd_buy_potential,=,1.0,customer_demographics.cd_marital_status,=,1.0,date_dim.d_year,=,2001.0#1465058213
catalog_sales,warehouse,date_dim,inventory,customer_demographics,household_demographics#inventory.inv_warehouse_sk=warehouse.w_warehouse_sk,inventory.inv_date_sk=date_dim.d_date_sk,catalog_sales.cs_item_sk=inventory.inv_item_sk,catalog_sales.cs_bill_cdemo_sk=customer_demographics.cd_demo_sk,catalog_sales.cs_bill_hdemo_sk=household_demographics.hd_demo_sk#household_demographics.hd_buy_potential,=,1.0,customer_demographics.cd_marital_status,=,1.0#-1612771170
catalog_sales,warehouse,date_dim,inventory,customer_demographics,household_demographics#inventory.inv_warehouse_sk=warehouse.w_warehouse_sk,catalog_sales.cs_ship_date_sk=date_dim.d_date_sk,catalog_sales.cs_item_sk=inventory.inv_item_sk,household_demographics.hd_demo_sk=catalog_sales.cs_bill_hdemo_sk,catalog_sales.cs_bill_cdemo_sk=customer_demographics.cd_demo_sk#household_demographics.hd_buy_potential,=,1.0,customer_demographics.cd_marital_status,=,1.0#-335936632
catalog_sales,date_dim,inventory,customer_demographics,household_demographics#inventory.inv_date_sk=date_dim.d_date_sk,catalog_sales.cs_ship_date_sk=date_dim.d_date_sk,catalog_sales.cs_item_sk=inventory.inv_item_sk,household_demographics.hd_demo_sk=catalog_sales.cs_bill_hdemo_sk,catalog_sales.cs_bill_cdemo_sk=customer_demographics.cd_demo_sk#household_demographics.hd_buy_potential,=,1.0,customer_demographics.cd_marital_status,=,1.0#-1258578302
catalog_sales,warehouse,date_dim,inventory,customer_demographics,household_demographics#inventory.inv_warehouse_sk=warehouse.w_warehouse_sk,inventory.inv_date_sk=date_dim.d_date_sk,catalog_sales.cs_ship_date_sk=date_dim.d_date_sk,catalog_sales.cs_item_sk=inventory.inv_item_sk,household_demographics.hd_demo_sk=catalog_sales.cs_bill_hdemo_sk,catalog_sales.cs_bill_cdemo_sk=customer_demographics.cd_demo_sk#household_demographics.hd_buy_potential,=,1.0,customer_demographics.cd_marital_status,=,1.0#-1537269973
catalog_sales,item,warehouse,date_dim,inventory,customer_demographics,household_demographics#inventory.inv_warehouse_sk=warehouse.w_warehouse_sk,catalog_sales.cs_ship_date_sk=date_dim.d_date_sk,catalog_sales.cs_item_sk=inventory.inv_item_sk,household_demographics.hd_demo_sk=catalog_sales.cs_bill_hdemo_sk,catalog_sales.cs_bill_cdemo_sk=customer_demographics.cd_demo_sk,catalog_sales.cs_item_sk=item.i_item_sk#household_demographics.hd_buy_potential,=,1.0,customer_demographics.cd_marital_status,=,1.0#-1054625443
catalog_sales,item,date_dim,inventory,customer_demographics,household_demographics#catalog_sales.cs_ship_date_sk=date_dim.d_date_sk,inventory.inv_item_sk=catalog_sales.cs_item_sk,inventory.inv_date_sk=date_dim.d_date_sk,household_demographics.hd_demo_sk=catalog_sales.cs_bill_hdemo_sk,catalog_sales.cs_bill_cdemo_sk=customer_demographics.cd_demo_sk,catalog_sales.cs_item_sk=item.i_item_sk#household_demographics.hd_buy_potential,=,1.0,customer_demographics.cd_marital_status,=,1.0#-21115703
catalog_sales,item,warehouse,date_dim,inventory,customer_demographics,household_demographics#inventory.inv_warehouse_sk=warehouse.w_warehouse_sk,catalog_sales.cs_ship_date_sk=date_dim.d_date_sk,catalog_sales.cs_bill_hdemo_sk=household_demographics.hd_demo_sk,inventory.inv_item_sk=catalog_sales.cs_item_sk,inventory.inv_date_sk=date_dim.d_date_sk,catalog_sales.cs_bill_cdemo_sk=customer_demographics.cd_demo_sk,catalog_sales.cs_item_sk=item.i_item_sk#household_demographics.hd_buy_potential,=,1.0,customer_demographics.cd_marital_status,=,1.0#1648908796
catalog_sales,date_dim,inventory,customer_demographics,household_demographics#catalog_sales.cs_ship_date_sk=date_dim.d_date_sk,date_dim.d_week_seq=date_dim.d_week_seq,catalog_sales.cs_item_sk=inventory.inv_item_sk,catalog_sales.cs_sold_date_sk=date_dim.d_date_sk,catalog_sales.cs_bill_cdemo_sk=customer_demographics.cd_demo_sk,catalog_sales.cs_bill_hdemo_sk=household_demographics.hd_demo_sk#household_demographics.hd_buy_potential,=,1.0,customer_demographics.cd_marital_status,=,1.0,date_dim.d_year,=,2001.0#563956102
catalog_sales,warehouse,date_dim,inventory,customer_demographics,household_demographics#inventory.inv_warehouse_sk=warehouse.w_warehouse_sk,catalog_sales.cs_ship_date_sk=date_dim.d_date_sk,date_dim.d_week_seq=date_dim.d_week_seq,catalog_sales.cs_item_sk=inventory.inv_item_sk,catalog_sales.cs_sold_date_sk=date_dim.d_date_sk,catalog_sales.cs_bill_cdemo_sk=customer_demographics.cd_demo_sk,catalog_sales.cs_bill_hdemo_sk=household_demographics.hd_demo_sk#household_demographics.hd_buy_potential,=,1.0,customer_demographics.cd_marital_status,=,1.0,date_dim.d_year,=,2001.0#1389774319
catalog_sales,item,date_dim,customer_demographics,household_demographics#date_dim.d_week_seq=date_dim.d_week_seq,catalog_sales.cs_bill_hdemo_sk=household_demographics.hd_demo_sk,date_dim.d_date_sk=catalog_sales.cs_ship_date_sk,catalog_sales.cs_sold_date_sk=date_dim.d_date_sk,catalog_sales.cs_bill_cdemo_sk=customer_demographics.cd_demo_sk,catalog_sales.cs_item_sk=item.i_item_sk#household_demographics.hd_buy_potential,=,1.0,customer_demographics.cd_marital_status,=,1.0,date_dim.d_year,=,2001.0#-1732807879
catalog_sales,item,warehouse,date_dim,inventory,customer_demographics,household_demographics#inventory.inv_warehouse_sk=warehouse.w_warehouse_sk,catalog_sales.cs_ship_date_sk=date_dim.d_date_sk,catalog_sales.cs_bill_hdemo_sk=household_demographics.hd_demo_sk,inventory.inv_item_sk=catalog_sales.cs_item_sk,catalog_sales.cs_sold_date_sk=date_dim.d_date_sk,catalog_sales.cs_bill_cdemo_sk=customer_demographics.cd_demo_sk,catalog_sales.cs_item_sk=item.i_item_sk#household_demographics.hd_buy_potential,=,1.0,customer_demographics.cd_marital_status,=,1.0,date_dim.d_year,=,2001.0#-724312114
catalog_sales,item,date_dim,inventory,customer_demographics,household_demographics#catalog_sales.cs_ship_date_sk=date_dim.d_date_sk,date_dim.d_week_seq=date_dim.d_week_seq,catalog_sales.cs_bill_hdemo_sk=household_demographics.hd_demo_sk,inventory.inv_item_sk=catalog_sales.cs_item_sk,catalog_sales.cs_sold_date_sk=date_dim.d_date_sk,catalog_sales.cs_bill_cdemo_sk=customer_demographics.cd_demo_sk,catalog_sales.cs_item_sk=item.i_item_sk#household_demographics.hd_buy_potential,=,1.0,customer_demographics.cd_marital_status,=,1.0,date_dim.d_year,=,2001.0#-251047143
catalog_sales,item,warehouse,date_dim,inventory,customer_demographics,household_demographics#inventory.inv_warehouse_sk=warehouse.w_warehouse_sk,catalog_sales.cs_ship_date_sk=date_dim.d_date_sk,date_dim.d_week_seq=date_dim.d_week_seq,catalog_sales.cs_bill_hdemo_sk=household_demographics.hd_demo_sk,inventory.inv_item_sk=catalog_sales.cs_item_sk,catalog_sales.cs_sold_date_sk=date_dim.d_date_sk,catalog_sales.cs_bill_cdemo_sk=customer_demographics.cd_demo_sk,catalog_sales.cs_item_sk=item.i_item_sk#household_demographics.hd_buy_potential,=,1.0,customer_demographics.cd_marital_status,=,1.0,date_dim.d_year,=,2001.0#660902032
catalog_sales,item,promotion,warehouse,date_dim,customer_demographics,inventory,household_demographics#inventory.inv_warehouse_sk=warehouse.w_warehouse_sk,catalog_sales.cs_ship_date_sk=date_dim.d_date_sk,catalog_sales.cs_sold_date_sk=date_dim.d_date_sk,catalog_sales.cs_item_sk=item.i_item_sk,catalog_sales.cs_bill_cdemo_sk=customer_demographics.cd_demo_sk,date_dim.d_week_seq=date_dim.d_week_seq,catalog_sales.cs_promo_sk=promotion.p_promo_sk,inventory.inv_item_sk=catalog_sales.cs_item_sk,catalog_sales.cs_bill_hdemo_sk=household_demographics.hd_demo_sk#household_demographics.hd_buy_potential,=,1.0,customer_demographics.cd_marital_status,=,1.0,date_dim.d_year,=,2001.0#281644170
catalog_sales,item,warehouse,date_dim,customer_demographics,catalog_returns,inventory,household_demographics#inventory.inv_warehouse_sk=warehouse.w_warehouse_sk,catalog_sales.cs_order_number=catalog_returns.cr_order_number,catalog_sales.cs_ship_date_sk=date_dim.d_date_sk,catalog_sales.cs_bill_hdemo_sk=household_demographics.hd_demo_sk,catalog_sales.cs_sold_date_sk=date_dim.d_date_sk,catalog_sales.cs_bill_cdemo_sk=customer_demographics.cd_demo_sk,date_dim.d_week_seq=date_dim.d_week_seq,inventory.inv_item_sk=catalog_sales.cs_item_sk,catalog_sales.cs_item_sk=catalog_returns.cr_item_sk,catalog_sales.cs_item_sk=item.i_item_sk#household_demographics.hd_buy_potential,=,1.0,customer_demographics.cd_marital_status,=,1.0,date_dim.d_year,=,2001.0#164433336
catalog_sales,item,customer_demographics,household_demographics#catalog_sales.cs_bill_hdemo_sk=household_demographics.hd_demo_sk,catalog_sales.cs_bill_cdemo_sk=customer_demographics.cd_demo_sk,catalog_sales.cs_item_sk=item.i_item_sk#catalog_sales.cs_promo_sk,!=,0,household_demographics.hd_buy_potential,=,1.0,customer_demographics.cd_marital_status,=,1.0#1877113787
catalog_sales,item,date_dim,customer_demographics,household_demographics#date_dim.d_week_seq=date_dim.d_week_seq,catalog_sales.cs_bill_hdemo_sk=household_demographics.hd_demo_sk,catalog_sales.cs_sold_date_sk=date_dim.d_date_sk,catalog_sales.cs_bill_cdemo_sk=customer_demographics.cd_demo_sk,catalog_sales.cs_item_sk=item.i_item_sk#catalog_sales.cs_promo_sk,!=,0,household_demographics.hd_buy_potential,=,1.0,customer_demographics.cd_marital_status,=,1.0,date_dim.d_year,=,2001.0#1056470316
catalog_sales,item,warehouse,date_dim,inventory,customer_demographics,household_demographics#inventory.inv_warehouse_sk=warehouse.w_warehouse_sk,catalog_sales.cs_bill_hdemo_sk=household_demographics.hd_demo_sk,catalog_sales.cs_quantity=inventory.inv_quantity_on_hand,catalog_sales.cs_item_sk=inventory.inv_item_sk,catalog_sales.cs_bill_cdemo_sk=customer_demographics.cd_demo_sk,date_dim.d_week_seq=date_dim.d_week_seq,date_dim.d_date_sk=inventory.inv_date_sk,catalog_sales.cs_sold_date_sk=date_dim.d_date_sk,catalog_sales.cs_item_sk=item.i_item_sk#catalog_sales.cs_promo_sk,!=,0,household_demographics.hd_buy_potential,=,1.0,customer_demographics.cd_marital_status,=,1.0,date_dim.d_year,=,2001.0#-1771869892
catalog_sales,item,warehouse,date_dim,inventory,customer_demographics,household_demographics#inventory.inv_warehouse_sk=warehouse.w_warehouse_sk,catalog_sales.cs_ship_date_sk=date_dim.d_date_sk,catalog_sales.cs_bill_hdemo_sk=household_demographics.hd_demo_sk,catalog_sales.cs_item_sk=inventory.inv_item_sk,catalog_sales.cs_item_sk=item.i_item_sk,catalog_sales.cs_bill_cdemo_sk=customer_demographics.cd_demo_sk,date_dim.d_week_seq=date_dim.d_week_seq,date_dim.d_date_sk=inventory.inv_date_sk,catalog_sales.cs_sold_date_sk=date_dim.d_date_sk,date_dim.d_date=date_dim.d_date,catalog_sales.cs_quantity=inventory.inv_quantity_on_hand#catalog_sales.cs_promo_sk,!=,0,household_demographics.hd_buy_potential,=,1.0,customer_demographics.cd_marital_status,=,1.0,date_dim.d_year,=,2001.0#275614260
catalog_sales,date_dim,inventory,customer_demographics,household_demographics#catalog_sales.cs_item_sk=inventory.inv_item_sk,catalog_sales.cs_ship_date_sk=date_dim.d_date_sk,catalog_sales.cs_bill_cdemo_sk=customer_demographics.cd_demo_sk,catalog_sales.cs_bill_hdemo_sk=household_demographics.hd_demo_sk#household_demographics.hd_buy_potential,=,1.0,customer_demographics.cd_marital_status,=,1.0#-1712766753
catalog_sales,item,date_dim,customer_demographics,household_demographics#catalog_sales.cs_ship_date_sk=date_dim.d_date_sk,catalog_sales.cs_bill_hdemo_sk=household_demographics.hd_demo_sk,catalog_sales.cs_bill_cdemo_sk=customer_demographics.cd_demo_sk,catalog_sales.cs_item_sk=item.i_item_sk#household_demographics.hd_buy_potential,=,1.0,customer_demographics.cd_marital_status,=,1.0#-1358506256
catalog_sales,item,date_dim,inventory,customer_demographics,household_demographics#catalog_sales.cs_ship_date_sk=date_dim.d_date_sk,inventory.inv_item_sk=item.i_item_sk,inventory.inv_item_sk=catalog_sales.cs_item_sk,catalog_sales.cs_bill_cdemo_sk=customer_demographics.cd_demo_sk,catalog_sales.cs_bill_hdemo_sk=household_demographics.hd_demo_sk#household_demographics.hd_buy_potential,=,1.0,customer_demographics.cd_marital_status,=,1.0#-1877991115
catalog_sales,item,date_dim,inventory,customer_demographics,household_demographics#catalog_sales.cs_bill_hdemo_sk=household_demographics.hd_demo_sk,catalog_sales.cs_item_sk=inventory.inv_item_sk,date_dim.d_date_sk=catalog_sales.cs_ship_date_sk,catalog_sales.cs_sold_date_sk=date_dim.d_date_sk,catalog_sales.cs_bill_cdemo_sk=customer_demographics.cd_demo_sk,catalog_sales.cs_item_sk=item.i_item_sk#household_demographics.hd_buy_potential,=,1.0,customer_demographics.cd_marital_status,=,1.0,date_dim.d_year,=,2001.0#1107781975
catalog_sales,warehouse,date_dim,inventory,customer_demographics,household_demographics#inventory.inv_warehouse_sk=warehouse.w_warehouse_sk,catalog_sales.cs_ship_date_sk=date_dim.d_date_sk,catalog_sales.cs_item_sk=inventory.inv_item_sk,catalog_sales.cs_bill_cdemo_sk=customer_demographics.cd_demo_sk,catalog_sales.cs_bill_hdemo_sk=household_demographics.hd_demo_sk#household_demographics.hd_buy_potential,=,1.0,customer_demographics.cd_marital_status,=,1.0#-1593010232
catalog_sales,date_dim,inventory,customer_demographics,household_demographics#catalog_sales.cs_ship_date_sk=date_dim.d_date_sk,inventory.inv_item_sk=catalog_sales.cs_item_sk,inventory.inv_date_sk=date_dim.d_date_sk,catalog_sales.cs_bill_cdemo_sk=customer_demographics.cd_demo_sk,catalog_sales.cs_bill_hdemo_sk=household_demographics.hd_demo_sk#household_demographics.hd_buy_potential,=,1.0,customer_demographics.cd_marital_status,=,1.0#-358263032
catalog_sales,warehouse,date_dim,inventory,customer_demographics,household_demographics#inventory.inv_warehouse_sk=warehouse.w_warehouse_sk,catalog_sales.cs_ship_date_sk=date_dim.d_date_sk,inventory.inv_item_sk=catalog_sales.cs_item_sk,inventory.inv_date_sk=date_dim.d_date_sk,catalog_sales.cs_bill_cdemo_sk=customer_demographics.cd_demo_sk,catalog_sales.cs_bill_hdemo_sk=household_demographics.hd_demo_sk#household_demographics.hd_buy_potential,=,1.0,customer_demographics.cd_marital_status,=,1.0#-165182607
catalog_sales,item,warehouse,date_dim,inventory,customer_demographics,household_demographics#inventory.inv_warehouse_sk=warehouse.w_warehouse_sk,catalog_sales.cs_ship_date_sk=date_dim.d_date_sk,inventory.inv_item_sk=item.i_item_sk,inventory.inv_item_sk=catalog_sales.cs_item_sk,catalog_sales.cs_bill_cdemo_sk=customer_demographics.cd_demo_sk,catalog_sales.cs_bill_hdemo_sk=household_demographics.hd_demo_sk#household_demographics.hd_buy_potential,=,1.0,customer_demographics.cd_marital_status,=,1.0#1003596140
catalog_sales,item,date_dim,inventory,customer_demographics,household_demographics#catalog_sales.cs_ship_date_sk=date_dim.d_date_sk,inventory.inv_item_sk=item.i_item_sk,inventory.inv_item_sk=catalog_sales.cs_item_sk,inventory.inv_date_sk=date_dim.d_date_sk,catalog_sales.cs_bill_cdemo_sk=customer_demographics.cd_demo_sk,catalog_sales.cs_bill_hdemo_sk=household_demographics.hd_demo_sk#household_demographics.hd_buy_potential,=,1.0,customer_demographics.cd_marital_status,=,1.0#337996720
catalog_sales,item,warehouse,date_dim,inventory,customer_demographics,household_demographics#inventory.inv_warehouse_sk=warehouse.w_warehouse_sk,catalog_sales.cs_ship_date_sk=date_dim.d_date_sk,inventory.inv_item_sk=item.i_item_sk,inventory.inv_item_sk=catalog_sales.cs_item_sk,inventory.inv_date_sk=date_dim.d_date_sk,catalog_sales.cs_bill_cdemo_sk=customer_demographics.cd_demo_sk,catalog_sales.cs_bill_hdemo_sk=household_demographics.hd_demo_sk#household_demographics.hd_buy_potential,=,1.0,customer_demographics.cd_marital_status,=,1.0#1159981785
catalog_sales,date_dim,inventory,customer_demographics,household_demographics#catalog_sales.cs_ship_date_sk=date_dim.d_date_sk,date_dim.d_week_seq=date_dim.d_week_seq,inventory.inv_item_sk=catalog_sales.cs_item_sk,inventory.inv_date_sk=date_dim.d_date_sk,catalog_sales.cs_bill_cdemo_sk=customer_demographics.cd_demo_sk,catalog_sales.cs_bill_hdemo_sk=household_demographics.hd_demo_sk#household_demographics.hd_buy_potential,=,1.0,customer_demographics.cd_marital_status,=,1.0,date_dim.d_year,=,2001.0#-191153038
catalog_sales,warehouse,date_dim,inventory,customer_demographics,household_demographics#inventory.inv_warehouse_sk=warehouse.w_warehouse_sk,catalog_sales.cs_ship_date_sk=date_dim.d_date_sk,date_dim.d_week_seq=date_dim.d_week_seq,inventory.inv_item_sk=catalog_sales.cs_item_sk,inventory.inv_date_sk=date_dim.d_date_sk,catalog_sales.cs_bill_cdemo_sk=customer_demographics.cd_demo_sk,catalog_sales.cs_bill_hdemo_sk=household_demographics.hd_demo_sk#household_demographics.hd_buy_potential,=,1.0,customer_demographics.cd_marital_status,=,1.0,date_dim.d_year,=,2001.0#516731803
catalog_sales,item,warehouse,date_dim,inventory,customer_demographics,household_demographics#inventory.inv_warehouse_sk=warehouse.w_warehouse_sk,catalog_sales.cs_bill_hdemo_sk=household_demographics.hd_demo_sk,inventory.inv_item_sk=catalog_sales.cs_item_sk,date_dim.d_date_sk=catalog_sales.cs_ship_date_sk,catalog_sales.cs_sold_date_sk=date_dim.d_date_sk,catalog_sales.cs_bill_cdemo_sk=customer_demographics.cd_demo_sk,catalog_sales.cs_item_sk=item.i_item_sk#household_demographics.hd_buy_potential,=,1.0,customer_demographics.cd_marital_status,=,1.0,date_dim.d_year,=,2001.0#-2129127294
catalog_sales,item,date_dim,inventory,customer_demographics,household_demographics#date_dim.d_week_seq=date_dim.d_week_seq,catalog_sales.cs_bill_hdemo_sk=household_demographics.hd_demo_sk,catalog_sales.cs_item_sk=inventory.inv_item_sk,date_dim.d_date_sk=catalog_sales.cs_ship_date_sk,catalog_sales.cs_sold_date_sk=date_dim.d_date_sk,catalog_sales.cs_bill_cdemo_sk=customer_demographics.cd_demo_sk,catalog_sales.cs_item_sk=item.i_item_sk#household_demographics.hd_buy_potential,=,1.0,customer_demographics.cd_marital_status,=,1.0,date_dim.d_year,=,2001.0#1026087481
catalog_sales,item,warehouse,date_dim,inventory,customer_demographics,household_demographics#inventory.inv_warehouse_sk=warehouse.w_warehouse_sk,date_dim.d_week_seq=date_dim.d_week_seq,catalog_sales.cs_bill_hdemo_sk=household_demographics.hd_demo_sk,inventory.inv_item_sk=catalog_sales.cs_item_sk,date_dim.d_date_sk=catalog_sales.cs_ship_date_sk,catalog_sales.cs_sold_date_sk=date_dim.d_date_sk,catalog_sales.cs_bill_cdemo_sk=customer_demographics.cd_demo_sk,catalog_sales.cs_item_sk=item.i_item_sk#household_demographics.hd_buy_potential,=,1.0,customer_demographics.cd_marital_status,=,1.0,date_dim.d_year,=,2001.0#286152880
catalog_sales,item,promotion,warehouse,date_dim,customer_demographics,inventory,household_demographics#inventory.inv_warehouse_sk=warehouse.w_warehouse_sk,date_dim.d_date_sk=catalog_sales.cs_ship_date_sk,catalog_sales.cs_sold_date_sk=date_dim.d_date_sk,catalog_sales.cs_item_sk=item.i_item_sk,catalog_sales.cs_bill_cdemo_sk=customer_demographics.cd_demo_sk,date_dim.d_week_seq=date_dim.d_week_seq,catalog_sales.cs_promo_sk=promotion.p_promo_sk,inventory.inv_item_sk=catalog_sales.cs_item_sk,catalog_sales.cs_bill_hdemo_sk=household_demographics.hd_demo_sk#household_demographics.hd_buy_potential,=,1.0,customer_demographics.cd_marital_status,=,1.0,date_dim.d_year,=,2001.0#-936467286
catalog_sales,item,warehouse,date_dim,customer_demographics,catalog_returns,inventory,household_demographics#inventory.inv_warehouse_sk=warehouse.w_warehouse_sk,catalog_sales.cs_order_number=catalog_returns.cr_order_number,catalog_sales.cs_bill_hdemo_sk=household_demographics.hd_demo_sk,date_dim.d_date_sk=catalog_sales.cs_ship_date_sk,catalog_sales.cs_sold_date_sk=date_dim.d_date_sk,catalog_sales.cs_bill_cdemo_sk=customer_demographics.cd_demo_sk,date_dim.d_week_seq=date_dim.d_week_seq,inventory.inv_item_sk=catalog_sales.cs_item_sk,catalog_sales.cs_item_sk=catalog_returns.cr_item_sk,catalog_sales.cs_item_sk=item.i_item_sk#household_demographics.hd_buy_potential,=,1.0,customer_demographics.cd_marital_status,=,1.0,date_dim.d_year,=,2001.0#1416759704
catalog_sales,item,date_dim,customer_demographics,household_demographics#catalog_sales.cs_ship_date_sk=date_dim.d_date_sk,date_dim.d_week_seq=date_dim.d_week_seq,catalog_sales.cs_bill_hdemo_sk=household_demographics.hd_demo_sk,catalog_sales.cs_sold_date_sk=date_dim.d_date_sk,date_dim.d_date=date_dim.d_date,catalog_sales.cs_bill_cdemo_sk=customer_demographics.cd_demo_sk,catalog_sales.cs_item_sk=item.i_item_sk#catalog_sales.cs_promo_sk,!=,0,household_demographics.hd_buy_potential,=,1.0,customer_demographics.cd_marital_status,=,1.0,date_dim.d_year,=,2001.0#-1356277310
catalog_sales,item,warehouse,date_dim,inventory,customer_demographics,household_demographics#inventory.inv_warehouse_sk=warehouse.w_warehouse_sk,catalog_sales.cs_ship_date_sk=date_dim.d_date_sk,catalog_sales.cs_bill_hdemo_sk=household_demographics.hd_demo_sk,catalog_sales.cs_item_sk=inventory.inv_item_sk,catalog_sales.cs_item_sk=item.i_item_sk,catalog_sales.cs_bill_cdemo_sk=customer_demographics.cd_demo_sk,date_dim.d_week_seq=date_dim.d_week_seq,date_dim.d_date_sk=inventory.inv_date_sk,catalog_sales.cs_sold_date_sk=date_dim.d_date_sk,date_dim.d_date=date_dim.d_date,catalog_sales.cs_quantity=inventory.inv_quantity_on_hand#catalog_sales.cs_promo_sk,!=,0,household_demographics.hd_buy_potential,=,1.0,customer_demographics.cd_marital_status,=,1.0,date_dim.d_year,=,2001.0#-582429594
customer_address,web_sales,reason,web_returns,date_dim,customer_demographics#web_returns.wr_order_number=web_sales.ws_order_number,web_returns.wr_item_sk=web_sales.ws_item_sk,web_returns.wr_returning_cdemo_sk=customer_demographics.cd_demo_sk,web_returns.wr_refunded_addr_sk=customer_address.ca_address_sk,web_sales.ws_sold_date_sk=date_dim.d_date_sk,web_returns.wr_reason_sk=reason.r_reason_sk#web_sales.ws_net_profit,>=,150.0,customer_address.ca_country,=,1.0,date_dim.d_year,=,2000.0,web_sales.ws_net_profit,>=,100.0,web_sales.ws_net_profit,>=,50.0,web_sales.ws_sales_price,<=,150.0,web_sales.ws_sales_price,>=,150.0,web_sales.ws_sales_price,>=,100.0,web_sales.ws_sales_price,<=,200.0,web_sales.ws_net_profit,<=,250.0,customer_address.ca_state,IN,3.0,web_sales.ws_net_profit,<=,300.0,web_sales.ws_sales_price,>=,50.0,web_sales.ws_sales_price,<=,100.0,web_sales.ws_net_profit,<=,200.0#2025165609
